,HGNC_ID,MCF7_F_FPKM
0,HGNC:13734,0.0
1,HGNC:4020,2.3930621196347404
2,HGNC:4021,4.56385440044654
3,HGNC:344,28.221353433213896
4,HGNC:341,0.0454610900764831
5,HGNC:3999,333.054325273693
6,HGNC:343,67.7782481008121
7,HGNC:964,0.0654763013568962
8,HGNC:12705,0.0
9,HGNC:12706,0.0
10,HGNC:10967,0.0
11,HGNC:10966,0.0
12,HGNC:10963,0.329270906876102
13,HGNC:10962,0.0243582514459868
14,HGNC:10961,0.0
15,HGNC:10969,20.70748584270489
16,HGNC:10968,5.353183668512299
17,HGNC:292,26.259010397734297
18,HGNC:291,28.5749399825598
19,HGNC:3773,0.7375152388708921
20,HGNC:3772,0.704168693975708
21,HGNC:3771,0.0
22,HGNC:3770,0.0
23,HGNC:16496,0.0139775133297517
24,HGNC:16253,0.154230681590625
25,HGNC:19977,0.063941961131518
26,HGNC:13542,0.0
27,HGNC:16704,0.0498186424692081
28,HGNC:19979,0.31379517425292497
29,HGNC:19978,13.176183615302
30,HGNC:16703,0.0
31,HGNC:12019,0.0
32,HGNC:12015,0.0
33,HGNC:2269,232.394841921968
34,HGNC:2267,129.272186220191
35,HGNC:2265,133.993913547658
36,HGNC:17038,3.5413951072977503
37,HGNC:9251,62.9506237053403
38,HGNC:108,4.70468301311967
39,HGNC:24887,0.7355419458531159
40,HGNC:7861,0.0
41,HGNC:4810,0.0
42,HGNC:4819,0.0
43,HGNC:4818,0.0
44,HGNC:16815,0.0
45,HGNC:3151,103.228931665447
46,HGNC:1373,3.84238988881132
47,HGNC:21298,17.110880499061597
48,HGNC:20800,6.38370214932144
49,HGNC:14135,9.34252379590281
50,HGNC:1372,0.0
51,HGNC:17729,10.5261374883477
52,HGNC:9326,0.426132524155224
53,HGNC:9325,95.8209040259514
54,HGNC:8940,12.312046072907698
55,HGNC:3518,4.85046168403575
56,HGNC:18859,1.40169778638053
57,HGNC:18857,0.050207227880468
58,HGNC:3512,32.023343384955
59,HGNC:3516,1.52616870039975
60,HGNC:3515,0.0
61,HGNC:1375,5.762306593067678
62,HGNC:2689,0.0
63,HGNC:1374,0.0
64,HGNC:91,1.88034139091132
65,HGNC:90,2.68487849628171
66,HGNC:93,7.74661737395059
67,HGNC:92,74.30515004497609
68,HGNC:95,16.1097994970793
69,HGNC:94,24.608639409418398
70,HGNC:1991,28.581618066384397
71,HGNC:24157,6.52571605270095
72,HGNC:30412,30.214865686159506
73,HGNC:1995,10.8098192119716
74,HGNC:1994,0.0
75,HGNC:1996,0.0
76,HGNC:8830,17.874408659976698
77,HGNC:2860,79.8794169655475
78,HGNC:2861,25.731684955332998
79,HGNC:18704,37.5598790875527
80,HGNC:550,0.0
81,HGNC:553,0.0249340623164819
82,HGNC:30324,11.7310940651629
83,HGNC:14247,103.590757740434
84,HGNC:3014,5.98160835403974
85,HGNC:14240,0.4526178258345471
86,HGNC:17996,0.278002369216323
87,HGNC:17827,0.0
88,HGNC:17822,22.3695569764461
89,HGNC:17820,22.64017518908949
90,HGNC:29567,0.0
91,HGNC:30259,0.31301264264630896
92,HGNC:18070,0.104380931144424
93,HGNC:30521,5.601999575704
94,HGNC:4259,3.13096298586437
95,HGNC:15917,5.84082185693953
96,HGNC:6970,109.853307948767
97,HGNC:6971,159.085737383705
98,HGNC:4251,0.0
99,HGNC:4250,0.5428646820563421
100,HGNC:15919,4.76156856453443
101,HGNC:30748,0.0
102,HGNC:15449,0.0
103,HGNC:18149,1.13256791021063
104,HGNC:28697,6.7334315245469405
105,HGNC:14409,12.098707947386199
106,HGNC:14404,0.0
107,HGNC:8052,77.8754136767225
108,HGNC:8548,352.8917646214431
109,HGNC:8016,23.011283615289887
110,HGNC:8547,16.8186840825723
111,HGNC:8546,15.616879939594801
112,HGNC:8056,5.57164727011585
113,HGNC:7456,0.0
114,HGNC:7455,0.0
115,HGNC:7450,9.109981197241401
116,HGNC:7451,14.111910708170099
117,HGNC:7458,0.0
118,HGNC:7459,0.0
119,HGNC:407,22.0780969506944
120,HGNC:406,11.356563692594
121,HGNC:405,0.4951403144030371
122,HGNC:404,0.182793305390053
123,HGNC:403,19.0618295984208
124,HGNC:402,0.0
125,HGNC:7692,34.6924202139651
126,HGNC:8494,0.343213471839136
127,HGNC:1378,0.478600066831384
128,HGNC:7698,39.3655642764595
129,HGNC:7699,55.919909257892996
130,HGNC:409,25.5345772696801
131,HGNC:408,14.4940594993421
132,HGNC:13724,47.170802700041506
133,HGNC:13726,29.5181046858088
134,HGNC:11573,0.100979943444224
135,HGNC:11377,0.0
136,HGNC:9462,11.119643466105499
137,HGNC:19419,0.932064874018588
138,HGNC:7526,6.33081360304408
139,HGNC:7529,26.178052259039802
140,HGNC:19366,5.93859148851107
141,HGNC:19365,68.5587330815366
142,HGNC:397,0.0
143,HGNC:396,13.411800269863999
144,HGNC:395,11.536587288710498
145,HGNC:10970,0.0
146,HGNC:10971,0.0
147,HGNC:10972,0.0
148,HGNC:10973,6.92783487501711
149,HGNC:10974,0.15948928805739498
150,HGNC:10975,3.65873075762696
151,HGNC:10976,0.0
152,HGNC:10977,1.25873096383277
153,HGNC:10978,0.0112673312119542
154,HGNC:10979,86.04697860017309
155,HGNC:16065,9.49061757562589
156,HGNC:19708,3.33180204322604
157,HGNC:11284,16.1095136456671
158,HGNC:16484,0.127455391654316
159,HGNC:13531,3.64125783597256
160,HGNC:4623,26.414403908632305
161,HGNC:4624,11.8994070470728
162,HGNC:240,11.208420874053
163,HGNC:4626,0.0
164,HGNC:249,0.0
165,HGNC:7714,5.669526929367829
166,HGNC:2277,445.67692231307
167,HGNC:12008,0.0691559612678622
168,HGNC:12009,314.268572145117
169,HGNC:2279,0.0
170,HGNC:20886,9.57476125098615
171,HGNC:20885,0.535968676161949
172,HGNC:20880,13.068997114686
173,HGNC:20739,5.21883381278303
174,HGNC:7852,43.5903428551053
175,HGNC:7850,0.8071901588499669
176,HGNC:7851,31.8043851660605
177,HGNC:17287,17.5875618623196
178,HGNC:179,5.1231865184151
179,HGNC:177,0.274776860116397
180,HGNC:13448,94.65297059432491
181,HGNC:13445,0.0
182,HGNC:13444,1.92648749246188
183,HGNC:13447,82.676572857058
184,HGNC:4820,0.10035424321500698
185,HGNC:21285,0.0427732389508161
186,HGNC:27960,0.0
187,HGNC:7218,0.0
188,HGNC:14897,11.161281825717001
189,HGNC:7216,17.9311528144528
190,HGNC:2698,2.10542216689777
191,HGNC:2690,126.873556415005
192,HGNC:19975,5.14088319032672
193,HGNC:26965,5.863617854653191
194,HGNC:9755,3.9577769725594094
195,HGNC:9752,2.7041594908690096
196,HGNC:20461,2.69884526494626
197,HGNC:20460,0.0421201576178422
198,HGNC:10571,228.127025729742
199,HGNC:21065,0.0322585632745232
200,HGNC:5198,0.926560553896432
201,HGNC:30404,5.85270769768726
202,HGNC:24141,0.0
203,HGNC:5195,0.0
204,HGNC:5194,0.255507521020193
205,HGNC:5196,0.943744884971202
206,HGNC:5193,5.47683800347844
207,HGNC:19877,1.74394393003454
208,HGNC:13265,1.1461149221609
209,HGNC:8840,15.114505158120695
210,HGNC:18449,13.7447473019876
211,HGNC:3354,1.57884364403987
212,HGNC:3357,0.0
213,HGNC:3356,2.30294204968284
214,HGNC:20263,1.82082346460228
215,HGNC:3350,274.757965481981
216,HGNC:3353,2.9344033417132205
217,HGNC:3358,0.0
218,HGNC:17836,0.358111468476947
219,HGNC:29570,0.584223024029792
220,HGNC:7064,10.7492418057655
221,HGNC:7063,9.12687613269376
222,HGNC:7061,14.573708890343196
223,HGNC:1769,36.013623374175296
224,HGNC:30242,22.8802248579888
225,HGNC:29594,94.9502621903487
226,HGNC:18155,4.11860042901645
227,HGNC:14471,8.88041370961438
228,HGNC:14472,1.34829749259397
229,HGNC:1548,17.073381361182403
230,HGNC:1549,2.93477501099858
231,HGNC:549,0.8006781181688141
232,HGNC:30596,2.5559029372692903
233,HGNC:8022,12.2348271858823
234,HGNC:8021,9.82598423503617
235,HGNC:11025,0.0214085058333907
236,HGNC:11024,13.556466737863701
237,HGNC:11027,0.0
238,HGNC:11026,60.45595100285711
239,HGNC:11021,12.7472020378505
240,HGNC:11020,0.0
241,HGNC:11023,5.713805309321951
242,HGNC:11022,7.33570061754519
243,HGNC:7449,11.0337418203388
244,HGNC:11029,1.3636960878305602
245,HGNC:11028,62.78081861832211
246,HGNC:414,274.446399159231
247,HGNC:7686,104.55301250596399
248,HGNC:7685,62.84022377018471
249,HGNC:417,0.0
250,HGNC:410,1.4023196047988
251,HGNC:411,15.118422961205301
252,HGNC:412,14.252141583029001
253,HGNC:7680,21.0744955141187
254,HGNC:418,19.7666251497905
255,HGNC:1381,0.0
256,HGNC:1382,0.8347260792934941
257,HGNC:1383,0.0
258,HGNC:3825,2.71526600379426
259,HGNC:3824,18.5290655168452
260,HGNC:4289,1.20488965072075
261,HGNC:365,0.0224099392432012
262,HGNC:362,33.4729352400105
263,HGNC:363,7.098972794574361
264,HGNC:361,5.760758715322889
265,HGNC:380,24.8791404921842
266,HGNC:381,0.0
267,HGNC:384,0.309702674623965
268,HGNC:6178,2.1722975827136
269,HGNC:387,0.0
270,HGNC:388,0.0376253206538279
271,HGNC:389,16.526408123919698
272,HGNC:10989,130.534492698077
273,HGNC:10988,0.8679697482216899
274,HGNC:10985,9.73927822600473
275,HGNC:19288,0.0
276,HGNC:10986,7.44423477634616
277,HGNC:10981,21.2461558557803
278,HGNC:10980,24.176184874292804
279,HGNC:10983,12.264841135848696
280,HGNC:10982,3.9473015581304
281,HGNC:7863,13.857236337211301
282,HGNC:11296,35.989077329871996
283,HGNC:4632,0.529612108443755
284,HGNC:13527,26.2712238909425
285,HGNC:252,0.0
286,HGNC:253,33.1557165248373
287,HGNC:250,0.0
288,HGNC:16232,0.0
289,HGNC:256,0.0
290,HGNC:257,26.2975537586297
291,HGNC:255,0.0
292,HGNC:2205,11.091273000715802
293,HGNC:6257,1.6881107721087598
294,HGNC:6685,0.0752807295288904
295,HGNC:20728,4.41327160472408
296,HGNC:21385,3.6369193340975
297,HGNC:7849,101.58151181698099
298,HGNC:16832,74.2046850252938
299,HGNC:17296,13.589744854184401
300,HGNC:2519,46.508030097497
301,HGNC:20091,4.43721457122897
302,HGNC:20093,2.2953256249492098
303,HGNC:21705,25.73515139784989
304,HGNC:16906,54.3638621625785
305,HGNC:10761,39.47471305721879
306,HGNC:4336,8.81583016316568
307,HGNC:15938,24.141903611559897
308,HGNC:18540,0.12961386792768498
309,HGNC:24174,0.0452317368292504
310,HGNC:1973,0.108329749454404
311,HGNC:1972,0.0
312,HGNC:1971,5.34617334020471
313,HGNC:1970,0.0
314,HGNC:18431,1.69989522094201
315,HGNC:808,0.0
316,HGNC:13273,0.0
317,HGNC:801,0.835961490362996
318,HGNC:800,0.0210177611689836
319,HGNC:806,50.9098735632735
320,HGNC:805,0.0
321,HGNC:804,54.6574139880549
322,HGNC:2849,0.665939264788498
323,HGNC:18761,4.5525732229922005
324,HGNC:18762,0.0
325,HGNC:2843,6.944994409916282
326,HGNC:26820,0.0
327,HGNC:7056,23.448855467044396
328,HGNC:33238,10.654630429376098
329,HGNC:30502,0.0
330,HGNC:8149,9.974361375690721
331,HGNC:18161,0.0
332,HGNC:24381,0.0
333,HGNC:8636,8.612534374685321
334,HGNC:325,31.541685474001998
335,HGNC:24382,0.0
336,HGNC:18168,0.0976540998712421
337,HGNC:18360,10.2525270146301
338,HGNC:24380,0.0
339,HGNC:1550,95.5134521451824
340,HGNC:14468,0.0
341,HGNC:14469,0.0
342,HGNC:59,0.31721129590109004
343,HGNC:55,5.98897202777905
344,HGNC:54,44.0432124640248
345,HGNC:56,10.2538900181853
346,HGNC:51,24.722978884134804
347,HGNC:14467,0.0635105766745673
348,HGNC:53,0.149100854921208
349,HGNC:12582,31.0971438241076
350,HGNC:8527,16.1465806973977
351,HGNC:12586,65.7124011964948
352,HGNC:12585,68.0762814643946
353,HGNC:11036,0.0
354,HGNC:11037,0.0552213241096216
355,HGNC:11034,2.38982461500413
356,HGNC:11035,0.146163691063953
357,HGNC:11033,35.4981473670362
358,HGNC:11030,0.792903181664125
359,HGNC:17720,3.07344729316649
360,HGNC:11038,12.354183234805
361,HGNC:429,0.0
362,HGNC:850,13.4065895236375
363,HGNC:12457,20.3353297281225
364,HGNC:4298,46.7373348393637
365,HGNC:27015,2.6799963263271804
366,HGNC:4296,18.2393445034513
367,HGNC:4291,0.0
368,HGNC:3513,19.5691606500165
369,HGNC:19342,0.617707035930954
370,HGNC:19343,0.0
371,HGNC:21727,1.79045091995725
372,HGNC:10998,13.510080092992
373,HGNC:10999,3.5671209861789
374,HGNC:10996,10.6619432155934
375,HGNC:10997,8.062702363730349
376,HGNC:10994,8.067353334353829
377,HGNC:10995,0.6247133789973089
378,HGNC:10992,67.3264039637003
379,HGNC:10993,0.0
380,HGNC:10990,16.5274924357649
381,HGNC:10991,298.604793500785
382,HGNC:17358,4.19343534843351
383,HGNC:16732,4.3282093000403385
384,HGNC:4208,63.656758366002904
385,HGNC:20233,7.589036826930388
386,HGNC:6694,15.189784557212901
387,HGNC:16354,0.6152846553978921
388,HGNC:18811,0.0
389,HGNC:123,18.8344370398326
390,HGNC:6344,0.0236514169401112
391,HGNC:12587,85.9347568705722
392,HGNC:6186,22.195268422767896
393,HGNC:17198,18.7230894185118
394,HGNC:17194,6.83601574268494
395,HGNC:26057,5.36697953205002
396,HGNC:11647,10.4694618088679
397,HGNC:2727,0.0734453304278349
398,HGNC:9352,429.90870015600996
399,HGNC:9603,0.0
400,HGNC:9605,1.8996725438859496
401,HGNC:9604,0.520192310970139
402,HGNC:9354,53.3313734242557
403,HGNC:7944,0.365941894172507
404,HGNC:10941,8.64662828498703
405,HGNC:7943,0.0553919107242586
406,HGNC:20661,3.72735386432696
407,HGNC:20667,8.127069261226831
408,HGNC:8998,9.95156051339199
409,HGNC:8999,18.267888078574
410,HGNC:1801,6.19411499481012
411,HGNC:1800,14.189239699581304
412,HGNC:8996,5.41612015281504
413,HGNC:8997,11.4018994928547
414,HGNC:8994,63.8305707752732
415,HGNC:8995,1.61803326274136
416,HGNC:20910,5.7385954988595405
417,HGNC:14679,0.0
418,HGNC:14859,16.9559497666493
419,HGNC:14073,0.0
420,HGNC:8863,14.641532603584098
421,HGNC:9280,3.87245553739357
422,HGNC:819,0.0
423,HGNC:33426,0.0
424,HGNC:814,53.2270481640617
425,HGNC:815,0.0
426,HGNC:816,0.0
427,HGNC:817,16.0378864882138
428,HGNC:2859,135.136414672964
429,HGNC:2858,32.4767033492538
430,HGNC:2851,6.0408902416983095
431,HGNC:2850,0.0
432,HGNC:2853,0.0
433,HGNC:2852,7.412484431171451
434,HGNC:2855,0.102778357994817
435,HGNC:2854,8.143808847758711
436,HGNC:2857,15.471108307098598
437,HGNC:2856,1.73016507880139
438,HGNC:7045,17.1308320875813
439,HGNC:7044,20.96083849658
440,HGNC:7047,11.820024775857
441,HGNC:7046,0.0481927700906776
442,HGNC:7043,0.0774324921043615
443,HGNC:7049,11.665706416671
444,HGNC:7048,54.5811730816901
445,HGNC:18170,33.812592892704004
446,HGNC:18175,2.77826557441325
447,HGNC:8603,35.4531762570574
448,HGNC:6985,0.253315983251604
449,HGNC:6984,6.49044107714834
450,HGNC:6983,32.5840198001615
451,HGNC:8604,1.23710000463625
452,HGNC:18080,0.0637471151351802
453,HGNC:8512,0.0
454,HGNC:12591,9.62390067891323
455,HGNC:12592,12.453624865369301
456,HGNC:8049,11.909621497227302
457,HGNC:4195,0.0
458,HGNC:4193,10.9056683510853
459,HGNC:11003,9.01743210029714
460,HGNC:11002,0.0
461,HGNC:11001,0.0
462,HGNC:11000,1.85559976326967
463,HGNC:11007,0.8924596118925241
464,HGNC:11006,0.0
465,HGNC:11005,16.2797278413506
466,HGNC:11004,33.440261853222104
467,HGNC:11009,0.7992660315277471
468,HGNC:24289,10.0702176264549
469,HGNC:24288,6.1302673005698205
470,HGNC:23061,0.0
471,HGNC:438,0.0
472,HGNC:439,25.1736623921077
473,HGNC:437,0.0
474,HGNC:434,0.0
475,HGNC:435,3.92090807344537
476,HGNC:433,0.6221979661327
477,HGNC:29622,6.89659723632802
478,HGNC:23487,0.0
479,HGNC:23248,0.0
480,HGNC:23242,0.423434452003947
481,HGNC:12442,0.0
482,HGNC:12441,24.8974566558227
483,HGNC:19119,0.0
484,HGNC:2867,6.61982403038721
485,HGNC:28883,40.2103229698179
486,HGNC:30325,1.5167108357097598
487,HGNC:12450,7.24478427343331
488,HGNC:4175,0.0
489,HGNC:13887,0.0
490,HGNC:4177,31.367813017450104
491,HGNC:26444,0.0
492,HGNC:26441,0.0
493,HGNC:24622,4.80033311027458
494,HGNC:9940,0.305694275940502
495,HGNC:25625,0.0
496,HGNC:17345,0.0
497,HGNC:238,6.06406287790007
498,HGNC:239,0.0
499,HGNC:234,15.2645715224491
500,HGNC:235,0.0608130182660707
501,HGNC:236,0.0178647978510062
502,HGNC:237,9.126815263560287
503,HGNC:232,6.03760261032617
504,HGNC:233,0.127447996505394
505,HGNC:2228,25.7710066234625
506,HGNC:25712,0.971166231945837
507,HGNC:25575,19.096677747392302
508,HGNC:13479,0.0
509,HGNC:3401,3.39077249903634
510,HGNC:26063,11.507878034161001
511,HGNC:121,8.06155988430143
512,HGNC:3402,1.80569854657823
513,HGNC:20675,0.0
514,HGNC:2710,32.0864017551473
515,HGNC:2719,0.0
516,HGNC:11178,0.0
517,HGNC:8984,53.3898633639336
518,HGNC:7223,5.9453739540468
519,HGNC:8981,24.4652184506782
520,HGNC:8980,13.4913856108743
521,HGNC:8983,23.1833748142086
522,HGNC:10691,0.335251254543723
523,HGNC:9160,0.0
524,HGNC:3795,0.0
525,HGNC:3791,0.0
526,HGNC:3793,0.0
527,HGNC:4982,9.575717497791901
528,HGNC:932,0.0711553683113208
529,HGNC:930,16.5026201122262
530,HGNC:2158,24.70941701509049
531,HGNC:5382,40.7727681030065
532,HGNC:5383,169.120510985801
533,HGNC:5384,18.0714022715763
534,HGNC:5385,25.0664784166538
535,HGNC:5386,35.0477047808253
536,HGNC:5387,60.24867345656161
537,HGNC:5389,8.064485672007589
538,HGNC:11834,111.76874051128901
539,HGNC:11835,0.0
540,HGNC:11830,44.14773486041151
541,HGNC:11831,0.6682046631903901
542,HGNC:8873,9.872207729305499
543,HGNC:8872,0.133175670770472
544,HGNC:8875,2.16800996905862
545,HGNC:8874,27.847125330497107
546,HGNC:8877,16.2840407958878
547,HGNC:8876,34.7868754111478
548,HGNC:18966,5.502765002243309
549,HGNC:3247,2.21149380294032
550,HGNC:21474,6.3873100557991815
551,HGNC:820,0.0
552,HGNC:823,147.026832331968
553,HGNC:18985,86.90877202469429
554,HGNC:18987,7.19800024898013
555,HGNC:15629,31.368102540816196
556,HGNC:1712,0.0
557,HGNC:794,23.755072695510698
558,HGNC:799,96.83489781918743
559,HGNC:15827,0.0
560,HGNC:23506,12.5383249003317
561,HGNC:15829,9.65808260377516
562,HGNC:15956,1.07418116988592
563,HGNC:11120,5.84957828781124
564,HGNC:11121,12.494141700729001
565,HGNC:11123,36.7886022669552
566,HGNC:922,0.0
567,HGNC:3018,0.0
568,HGNC:17978,10.699606228108301
569,HGNC:3012,1.66510268760498
570,HGNC:3013,0.0
571,HGNC:10850,13.316001123249302
572,HGNC:17973,5.11424032542601
573,HGNC:3015,0.356775469038678
574,HGNC:29437,0.0
575,HGNC:8725,13.2618613003631
576,HGNC:8724,0.0
577,HGNC:4189,10.433223774991198
578,HGNC:4188,12.6203960792433
579,HGNC:626,350.579589970802
580,HGNC:23657,5.77621504103266
581,HGNC:4180,12.979169880827198
582,HGNC:4187,0.0
583,HGNC:6535,179.74698896493405
584,HGNC:6530,0.0600182035549107
585,HGNC:4341,32.6635321368802
586,HGNC:11018,0.0
587,HGNC:11019,0.0362664171341144
588,HGNC:25985,4.4377727572171
589,HGNC:11010,0.0
590,HGNC:11012,40.6783040557805
591,HGNC:24292,4.19792875254749
592,HGNC:24293,1.94100107785314
593,HGNC:24290,0.230120722613675
594,HGNC:24291,24.8981057656603
595,HGNC:17,0.0
596,HGNC:19,0.0584076638907259
597,HGNC:4163,25.4945300679424
598,HGNC:24948,4.89171063931754
599,HGNC:11240,8.28259364397529
600,HGNC:19748,1.84585396619368
601,HGNC:16029,0.0
602,HGNC:9959,0.42664197723035296
603,HGNC:19256,13.9495897485665
604,HGNC:16753,260.130562416616
605,HGNC:17376,11.163801481753
606,HGNC:8889,0.0
607,HGNC:20692,0.0
608,HGNC:14025,0.0
609,HGNC:17579,7.12184900090163
610,HGNC:4570,20.1103925436999
611,HGNC:2097,0.0
612,HGNC:21088,39.2485136702824
613,HGNC:2520,4.3941663610376605
614,HGNC:11460,6.07922274905951
615,HGNC:2709,0.0523646515232248
616,HGNC:2704,8.93897232293198
617,HGNC:2707,0.151575229631449
618,HGNC:2703,40.2469928537529
619,HGNC:10682,17.2647292815781
620,HGNC:10683,41.3359064247045
621,HGNC:10680,91.83247051329269
622,HGNC:10681,54.263270307492704
623,HGNC:16977,0.4951403144030371
624,HGNC:13312,17.4383883096282
625,HGNC:928,31.8906709775979
626,HGNC:929,0.5719547500881811
627,HGNC:9577,3.46628606109398
628,HGNC:920,0.0336870825821712
629,HGNC:921,0.0
630,HGNC:4976,4.548496825490281
631,HGNC:923,22.915908538431697
632,HGNC:12266,0.0
633,HGNC:925,26.65641480251649
634,HGNC:926,27.0164580503696
635,HGNC:5391,1.4662102426503
636,HGNC:10536,0.0592485578008827
637,HGNC:12839,2.3314099291884
638,HGNC:20113,0.804030339722797
639,HGNC:833,127.227913375118
640,HGNC:830,379.278421142602
641,HGNC:8888,193.62371604004002
642,HGNC:837,47.0062650587715
643,HGNC:838,11.7226443228883
644,HGNC:24104,0.675866529160146
645,HGNC:33159,0.0
646,HGNC:23614,0.0
647,HGNC:18407,3.97964710530025
648,HGNC:17174,11.895959357448303
649,HGNC:14239,3.38937682681335
650,HGNC:924,35.0936446366214
651,HGNC:60,5.1603825017101
652,HGNC:61,13.7028460372456
653,HGNC:3006,12.340715779157698
654,HGNC:66,0.0
655,HGNC:3002,0.0678842994597998
656,HGNC:1371,1.45253615251668
657,HGNC:17968,0.0
658,HGNC:7695,65.8536618156039
659,HGNC:17964,44.0242645093737
660,HGNC:7696,78.6501790309548
661,HGNC:7150,10.0071353975876
662,HGNC:7697,140.27418529738898
663,HGNC:7690,47.0692761379387
664,HGNC:29932,10.2877725238477
665,HGNC:500,0.103165536740688
666,HGNC:7691,36.0462148885411
667,HGNC:633,0.033153214395449
668,HGNC:634,0.0
669,HGNC:1377,0.0
670,HGNC:636,22.763446539025693
671,HGNC:637,0.0
672,HGNC:638,0.0
673,HGNC:7693,23.889554607711002
674,HGNC:4378,62.04354096792361
675,HGNC:6522,0.0927016762933308
676,HGNC:8582,0.0400888117857457
677,HGNC:4376,0.497101266143247
678,HGNC:4377,23.96054220214981
679,HGNC:11069,0.0483691983434181
680,HGNC:11068,2.13084971247413
681,HGNC:18290,12.6637517368516
682,HGNC:2898,42.2607110017276
683,HGNC:11061,0.0553674767098235
684,HGNC:11060,2.33328726462577
685,HGNC:11063,32.6297249212154
686,HGNC:2896,14.267355368701804
687,HGNC:11065,0.53363285023273
688,HGNC:11064,24.603016290165897
689,HGNC:11067,0.0
690,HGNC:11066,0.0
691,HGNC:17890,0.0
692,HGNC:29957,0.0971652498073772
693,HGNC:26516,8.410313800051691
694,HGNC:19134,0.5468496117170399
695,HGNC:19133,6.74270622361657
696,HGNC:3149,13.4187485926776
697,HGNC:4923,8.60027941276873
698,HGNC:4799,14.1993671250892
699,HGNC:4795,5.50819834124717
700,HGNC:4796,0.0
701,HGNC:11257,53.51078776842201
702,HGNC:24649,8.24857375904497
703,HGNC:9920,0.0
704,HGNC:9922,0.0
705,HGNC:11782,0.0
706,HGNC:6080,52.0909982736742
707,HGNC:10817,52.8214416003497
708,HGNC:10818,7.9816845450277185
709,HGNC:12536,0.0998552662698249
710,HGNC:12537,0.202041158472708
711,HGNC:3481,205.89042304748799
712,HGNC:3483,7.452269603022518
713,HGNC:3482,38.8673195143623
714,HGNC:13414,0.0
715,HGNC:3647,5.47143199896123
716,HGNC:32949,13.514756616224899
717,HGNC:17366,40.0430830024208
718,HGNC:2501,1.82737863077226
719,HGNC:11479,2.7599969379646803
720,HGNC:9353,175.70111298246601
721,HGNC:5013,8.44681349561332
722,HGNC:5014,22.468037416339694
723,HGNC:4892,0.0392734886424186
724,HGNC:67,10.795549810216
725,HGNC:38831,0.0
726,HGNC:12538,0.266210116015207
727,HGNC:16940,10.741155108902099
728,HGNC:17144,27.4759901853091
729,HGNC:9141,11.885082812351
730,HGNC:25193,18.228765309298502
731,HGNC:4417,15.8986963480268
732,HGNC:4416,18.954679600827
733,HGNC:4415,0.352578847475196
734,HGNC:16789,3.22335308095119
735,HGNC:6269,0.8931800690330219
736,HGNC:919,0.268010113240932
737,HGNC:918,4.68839809924722
738,HGNC:6069,0.17561115033392094
739,HGNC:9726,0.4165422667074221
740,HGNC:2605,0.16421901836175698
741,HGNC:2606,0.805418211523887
742,HGNC:9725,60.2823978749531
743,HGNC:9722,50.6711699226785
744,HGNC:9723,26.1002231598414
745,HGNC:2602,3.60745086207927
746,HGNC:9721,52.153718112968704
747,HGNC:2608,0.0
748,HGNC:2603,5.36704937003792
749,HGNC:1937,35.156146868822304
750,HGNC:1936,0.0
751,HGNC:1938,1.81335360290629
752,HGNC:21328,0.0914854735431268
753,HGNC:24139,0.4688508473362801
754,HGNC:847,20.6291271962571
755,HGNC:17175,0.0428438057917294
756,HGNC:3465,19.7902723393869
757,HGNC:843,34.605786017554
758,HGNC:842,140.805526908364
759,HGNC:841,64.5077386080316
760,HGNC:840,94.8055976485544
761,HGNC:8896,195.418729081038
762,HGNC:8891,78.9914955940765
763,HGNC:848,84.98875169589981
764,HGNC:20583,0.0
765,HGNC:20581,1.50368431546168
766,HGNC:20584,6.00001016070467
767,HGNC:18210,0.0
768,HGNC:9033,0.0
769,HGNC:9030,0.0
770,HGNC:9031,0.121626036532141
771,HGNC:9036,0.214194658193123
772,HGNC:9035,0.0857363864079029
773,HGNC:9038,0.0
774,HGNC:9039,2.32653630338553
775,HGNC:21526,1.1488650866153898
776,HGNC:753,29.019221181901496
777,HGNC:750,0.0
778,HGNC:756,0.0
779,HGNC:758,79.47650701602458
780,HGNC:15791,10.862140647216599
781,HGNC:3078,14.0830603582791
782,HGNC:18324,11.348353652544803
783,HGNC:20324,7.19320168108702
784,HGNC:30031,7.6507230048984685
785,HGNC:30035,0.517095256791463
786,HGNC:4369,10.554928588507499
787,HGNC:11078,0.25003599542065696
788,HGNC:29674,0.874182725719117
789,HGNC:11072,8.211031388022139
790,HGNC:11073,0.0
791,HGNC:11070,0.0778648075069292
792,HGNC:11071,5.0539895547362
793,HGNC:11077,1.3346532302686
794,HGNC:4093,0.0
795,HGNC:4092,0.451968357977464
796,HGNC:23215,5.38009204295485
797,HGNC:23213,8.22170762234738
798,HGNC:19129,0.0
799,HGNC:30927,0.0
800,HGNC:23364,4.81515280299582
801,HGNC:6480,0.0
802,HGNC:12525,9.93619262653191
803,HGNC:12524,27.319996777385203
804,HGNC:12527,39.0668690836975
805,HGNC:8091,21.8900968198745
806,HGNC:4141,1623.3150604458099
807,HGNC:28107,8.88072868097507
808,HGNC:24650,17.4423512180695
809,HGNC:18554,11.508820144519902
810,HGNC:10293,31.94134617872449
811,HGNC:11285,0.0
812,HGNC:16140,7.13658938021919
813,HGNC:17223,2.02955658136713
814,HGNC:6381,0.0874385717179867
815,HGNC:4558,0.0
816,HGNC:4559,0.0
817,HGNC:4556,112.44112560597
818,HGNC:19873,15.886687442401
819,HGNC:4554,0.502407216949313
820,HGNC:4555,11.9031900284471
821,HGNC:4552,0.404710496503081
822,HGNC:21063,0.0
823,HGNC:19875,7.04258488504396
824,HGNC:2548,0.0
825,HGNC:17313,20.6273225311188
826,HGNC:11449,50.43304749612221
827,HGNC:11448,12.466906887371499
828,HGNC:9155,0.0
829,HGNC:9156,0.0
830,HGNC:5007,31.21275803270801
831,HGNC:5006,45.3524538439867
832,HGNC:5005,5.18062881119551
833,HGNC:5008,0.0
834,HGNC:17423,5.825733192881299
835,HGNC:17422,6.724182305419822
836,HGNC:1848,0.578666708597179
837,HGNC:4422,66.4037146564451
838,HGNC:6077,5.83950999610245
839,HGNC:6076,7.738832520316111
840,HGNC:6075,55.6796419920069
841,HGNC:6074,12.196668676306901
842,HGNC:6071,1.17857342442413
843,HGNC:6079,0.0519635974751273
844,HGNC:2615,0.0
845,HGNC:2611,0.0
846,HGNC:2610,0.0
847,HGNC:1907,0.0
848,HGNC:854,18.225685547936
849,HGNC:855,1.52946469985179
850,HGNC:856,26.25228912228189
851,HGNC:857,60.83829570569161
852,HGNC:13203,0.0
853,HGNC:851,37.5338210581109
854,HGNC:853,1.08150389504303
855,HGNC:9029,0.125895756972086
856,HGNC:9021,414.719252251745
857,HGNC:9020,0.0
858,HGNC:21531,0.30505419818942
859,HGNC:11863,23.6771393707377
860,HGNC:15814,12.7758761831758
861,HGNC:12541,0.0463166308860406
862,HGNC:746,17.185181228878
863,HGNC:13819,0.0
864,HGNC:3062,0.0
865,HGNC:3061,31.8726612061697
866,HGNC:24337,6.610878282764242
867,HGNC:7179,22.660752660518497
868,HGNC:31736,14.993055395033199
869,HGNC:4311,11.621669851772001
870,HGNC:4312,7.10479639817943
871,HGNC:4313,3.19644336072814
872,HGNC:30029,9.45722415492542
873,HGNC:11047,0.0
874,HGNC:11046,0.0
875,HGNC:11045,0.0
876,HGNC:11044,0.0
877,HGNC:11042,0.0
878,HGNC:11041,80.705916746454
879,HGNC:11040,2.49210932572233
880,HGNC:8790,0.0
881,HGNC:8791,8.467488829047179
882,HGNC:8792,0.0426932209867925
883,HGNC:8793,9.39856171001228
884,HGNC:8794,1.11153603958802
885,HGNC:8795,9.8893024613043
886,HGNC:11049,0.127623863448063
887,HGNC:11048,0.0235272857921593
888,HGNC:26891,0.0
889,HGNC:11450,21.587411161522997
890,HGNC:24247,1.28889013121265
891,HGNC:24240,0.0
892,HGNC:8646,48.9096255694419
893,HGNC:17432,0.0
894,HGNC:23,5.67265475209335
895,HGNC:24791,0.0
896,HGNC:2593,0.0
897,HGNC:29,0.0584185375133435
898,HGNC:7759,0.0
899,HGNC:7758,7.128953620762969
900,HGNC:11277,17.055222875367402
901,HGNC:26404,9.80328000061844
902,HGNC:6719,0.0
903,HGNC:11278,44.1096695213935
904,HGNC:11279,120.814816503936
905,HGNC:6710,35.4441192726909
906,HGNC:4138,124.643161572807
907,HGNC:4139,0.840147722230053
908,HGNC:12535,0.050510289618177
909,HGNC:12530,0.0564379809807419
910,HGNC:12531,0.0
911,HGNC:4130,0.0
912,HGNC:4131,0.0
913,HGNC:4135,8.582432116319309
914,HGNC:4136,3.52547409325622
915,HGNC:12539,0.0
916,HGNC:24464,7.82346476299376
917,HGNC:31865,2.6142384172243704
918,HGNC:16091,0.901510997853707
919,HGNC:25686,19.725472337188602
920,HGNC:27269,0.0
921,HGNC:16148,6.0439148348326
922,HGNC:10872,20.5181489498713
923,HGNC:19661,0.0
924,HGNC:19660,2.08772448590181
925,HGNC:2288,155.982004389915
926,HGNC:2289,58.340320379897896
927,HGNC:2280,211.678778563837
928,HGNC:2285,222.007530448649
929,HGNC:2287,0.0
930,HGNC:19685,32.3900214213839
931,HGNC:19686,11.817363359459
932,HGNC:21055,18.571663263437
933,HGNC:2579,110.51345329038601
934,HGNC:10905,0.0
935,HGNC:10907,0.240917600194184
936,HGNC:10906,0.0
937,HGNC:11458,0.0
938,HGNC:11459,14.9192296370786
939,HGNC:11454,0.448920134839664
940,HGNC:11455,1.07226491704517
941,HGNC:10909,0.0
942,HGNC:10908,13.7142352198609
943,HGNC:11453,1.48209447122717
944,HGNC:2594,0.0
945,HGNC:2595,3.14292472468857
946,HGNC:2596,0.120420277935245
947,HGNC:2597,11.472736431059802
948,HGNC:2590,0.0
949,HGNC:2591,0.0
950,HGNC:2592,0.0
951,HGNC:3594,130.410694671804
952,HGNC:16431,0.0
953,HGNC:16437,0.109622768297965
954,HGNC:4433,57.0396785891708
955,HGNC:4432,24.5070924208621
956,HGNC:17123,5.60415539427189
957,HGNC:25223,18.7484120356892
958,HGNC:977,11.203844436366598
959,HGNC:976,0.171824872965325
960,HGNC:180,2.5678819496966003
961,HGNC:186,1.3108936783412
962,HGNC:20837,0.0646001388065723
963,HGNC:1122,8.75384323746167
964,HGNC:2622,2.58452605472418
965,HGNC:2623,0.0
966,HGNC:2620,0.0
967,HGNC:2621,0.0
968,HGNC:20123,0.0
969,HGNC:9238,21.8351261176535
970,HGNC:9587,58.84912692858371
971,HGNC:9588,30.510613858311
972,HGNC:1912,0.0
973,HGNC:9230,45.426369466457395
974,HGNC:13213,0.157093954569674
975,HGNC:861,39.6106257087631
976,HGNC:863,197.100370222359
977,HGNC:862,0.0223719935301969
978,HGNC:865,9.169001217794367
979,HGNC:864,60.4605971993221
980,HGNC:866,5.45893302840954
981,HGNC:2754,12.6700608715851
982,HGNC:2753,66.8411931195548
983,HGNC:26462,0.467478844324655
984,HGNC:9059,2.19836295872713
985,HGNC:5215,6.57758206077841
986,HGNC:5212,0.0
987,HGNC:5213,48.9328106976783
988,HGNC:5210,0.43207597143259896
989,HGNC:5211,0.0
990,HGNC:9055,0.0
991,HGNC:9056,15.865063279268
992,HGNC:2625,0.832247598983044
993,HGNC:8923,7.823867992086559
994,HGNC:18303,19.1594968642888
995,HGNC:29878,31.680112552648506
996,HGNC:18308,5.0499271862322415
997,HGNC:2978,20.1882210008875
998,HGNC:2979,5.25307012029041
999,HGNC:29185,0.941001440538146
1000,HGNC:17934,0.7799181029975609
1001,HGNC:2976,30.7076637776477
1002,HGNC:2977,0.767993529153893
1003,HGNC:79,0.0
1004,HGNC:1047,0.0
1005,HGNC:20305,0.10279940188466
1006,HGNC:1048,0.0
1007,HGNC:4553,0.0
1008,HGNC:664,1.83839597037067
1009,HGNC:663,0.0
1010,HGNC:11050,0.0570018481840009
1011,HGNC:11051,0.0
1012,HGNC:11052,22.0470860952155
1013,HGNC:14573,10.3895040082461
1014,HGNC:11054,0.0
1015,HGNC:11055,2.1269627279364
1016,HGNC:11056,8.29053075348124
1017,HGNC:11057,20.563562283876802
1018,HGNC:11058,0.0
1019,HGNC:11059,3.27845704443354
1020,HGNC:8781,1.46997214997
1021,HGNC:8780,1.58532453048525
1022,HGNC:8787,0.0
1023,HGNC:8786,0.0601428220896837
1024,HGNC:15517,17.3480258936576
1025,HGNC:15516,5.9962574000344695
1026,HGNC:21308,17.015094931671
1027,HGNC:15683,2.0029479207633503
1028,HGNC:15685,6.85195259721362
1029,HGNC:15684,0.21091043007968105
1030,HGNC:8653,6.55983671605178
1031,HGNC:8654,20.0125666190213
1032,HGNC:28906,0.0
1033,HGNC:23764,0.0
1034,HGNC:12437,75.33312972890579
1035,HGNC:23161,23.628537604246397
1036,HGNC:23160,8.96557640722642
1037,HGNC:23162,5.338632321795839
1038,HGNC:318,10.6887414255516
1039,HGNC:6708,45.4825233684264
1040,HGNC:12590,172.447674396563
1041,HGNC:23302,0.0
1042,HGNC:24671,24.9538905966541
1043,HGNC:4129,18.3944075419532
1044,HGNC:4128,26.2654415618151
1045,HGNC:4123,40.3268750141513
1046,HGNC:4122,31.38989768246261
1047,HGNC:4127,0.0781557096520361
1048,HGNC:4126,0.162889597313346
1049,HGNC:4125,15.575234926422501
1050,HGNC:4124,24.380710897567702
1051,HGNC:7434,104.754030161983
1052,HGNC:7436,3.1897857611478995
1053,HGNC:7437,0.395021462474178
1054,HGNC:7432,44.65247395541761
1055,HGNC:2323,1.05870877931238
1056,HGNC:19218,0.0
1057,HGNC:6677,0.0
1058,HGNC:22146,0.0
1059,HGNC:6678,0.0
1060,HGNC:23785,9.24478713599561
1061,HGNC:4056,0.0
1062,HGNC:23786,27.5679637398966
1063,HGNC:26309,15.062168364140401
1064,HGNC:10869,0.0516854312131645
1065,HGNC:10862,8.066575129267559
1066,HGNC:10863,1.26534867745554
1067,HGNC:10860,0.8488119675480641
1068,HGNC:32393,0.319927110538241
1069,HGNC:10866,1.35590507393239
1070,HGNC:10867,1.3118278068530802
1071,HGNC:10864,6.910290840948889
1072,HGNC:2292,744.7816666543622
1073,HGNC:2291,218.830845202698
1074,HGNC:2297,0.0
1075,HGNC:2296,0.0
1076,HGNC:2295,0.2822896346692981
1077,HGNC:2294,306.49185461547995
1078,HGNC:19691,7.72885186207023
1079,HGNC:10916,0.0
1080,HGNC:10917,2.40372347965332
1081,HGNC:10914,2.50618441999008
1082,HGNC:10915,14.743166935111
1083,HGNC:10912,0.0225468061255919
1084,HGNC:10913,0.0673380202259495
1085,HGNC:10910,0.0
1086,HGNC:10911,19.308582598125
1087,HGNC:2366,3.3990011556062103
1088,HGNC:11425,3.55941478695473
1089,HGNC:10918,0.0
1090,HGNC:10919,0.0245104607891369
1091,HGNC:5028,4.2960947743579
1092,HGNC:14522,0.0
1093,HGNC:17449,0.0
1094,HGNC:38,0.0366101997086685
1095,HGNC:1864,8.36189852874794
1096,HGNC:4446,37.3801619855677
1097,HGNC:4686,2.39376201829361
1098,HGNC:4687,0.663765572190216
1099,HGNC:4684,0.686101719899529
1100,HGNC:4685,1.1399708745806698
1101,HGNC:5217,0.7871714747507809
1102,HGNC:4688,0.0
1103,HGNC:4689,0.0
1104,HGNC:6059,0.195004769085194
1105,HGNC:6051,12.612836825725301
1106,HGNC:6050,2.65203594586848
1107,HGNC:6053,157.584188039967
1108,HGNC:6052,31.816301916926605
1109,HGNC:20151,0.0315134495860331
1110,HGNC:10006,0.0
1111,HGNC:2638,0.0410592311747366
1112,HGNC:2634,5.40734818314141
1113,HGNC:2637,0.0
1114,HGNC:2631,0.0582112787019918
1115,HGNC:2632,0.0
1116,HGNC:20797,0.114055492686206
1117,HGNC:9599,1.5122659000141
1118,HGNC:9229,14.0012598910918
1119,HGNC:9228,7.64262519848045
1120,HGNC:9226,179.986356476255
1121,HGNC:9225,1.33175670770472
1122,HGNC:20799,6.4347355654720495
1123,HGNC:9592,0.0
1124,HGNC:877,13.1562849261849
1125,HGNC:5218,0.0
1126,HGNC:28082,4.93454205358974
1127,HGNC:890,6.955819139705371
1128,HGNC:14903,0.0
1129,HGNC:5201,32.1417729093077
1130,HGNC:5200,0.0
1131,HGNC:5209,3.1346170435467497
1132,HGNC:5208,0.0
1133,HGNC:9040,0.0
1134,HGNC:29268,0.121320384400899
1135,HGNC:1969,0.0
1136,HGNC:430,0.0
1137,HGNC:8918,0.19151368584249304
1138,HGNC:29270,33.3032868352853
1139,HGNC:30224,40.8074441853579
1140,HGNC:30225,0.6540806133463779
1141,HGNC:15769,1.25049135443258
1142,HGNC:17929,6.02652983664558
1143,HGNC:3046,5.28069548904598
1144,HGNC:20371,3.03328214730533
1145,HGNC:20372,58.292199629902804
1146,HGNC:18799,5.47004817374748
1147,HGNC:1096,12.852723919014599
1148,HGNC:1093,45.0791737264059
1149,HGNC:30042,5.46003603200089
1150,HGNC:30040,0.0
1151,HGNC:4335,38.1847139753559
1152,HGNC:4330,1.1355675787198702
1153,HGNC:4331,14.0037353530391
1154,HGNC:3133,35.280217532791205
1155,HGNC:24269,5.45215411355412
1156,HGNC:17856,22.3739874690142
1157,HGNC:24262,10.556053168035302
1158,HGNC:17855,8.9017024820454
1159,HGNC:17852,4.73247220809895
1160,HGNC:6905,16.6193425621848
1161,HGNC:6904,62.41826181067229
1162,HGNC:6903,0.110621095506319
1163,HGNC:4203,3.5592186357442896
1164,HGNC:4204,0.495323496169372
1165,HGNC:4205,0.0
1166,HGNC:28335,0.0
1167,HGNC:4116,7.12668617581466
1168,HGNC:4117,5.53797530372463
1169,HGNC:4115,8.81854496409636
1170,HGNC:17245,0.0525180207954686
1171,HGNC:4118,33.592539449861
1172,HGNC:4119,8.236181687513419
1173,HGNC:12518,18.9878489402134
1174,HGNC:12519,0.4321999530599821
1175,HGNC:12517,0.12551806970117
1176,HGNC:7427,0.0
1177,HGNC:74,22.1973144032503
1178,HGNC:7422,0.0
1179,HGNC:7421,0.0
1180,HGNC:28157,1.54642385668793
1181,HGNC:21350,13.820430030684399
1182,HGNC:16526,1.21384437505052
1183,HGNC:23408,3.3089122065334795
1184,HGNC:10856,0.0
1185,HGNC:4061,22.6544808728941
1186,HGNC:10852,47.9036637232828
1187,HGNC:4065,39.89978374606729
1188,HGNC:11504,6.925134880064548
1189,HGNC:11503,2.60410932989979
1190,HGNC:3607,0.0962561884211426
1191,HGNC:3606,14.9559392628343
1192,HGNC:16187,0.477103844286994
1193,HGNC:4638,0.0
1194,HGNC:6115,25.719404705219198
1195,HGNC:7876,0.0
1196,HGNC:10923,2.30364001383456
1197,HGNC:10922,11.249770224377999
1198,HGNC:10921,1.340859335935
1199,HGNC:10920,0.0
1200,HGNC:10924,1.15507426105371
1201,HGNC:10929,0.0
1202,HGNC:10928,1.69960793985625
1203,HGNC:17325,0.0
1204,HGNC:17450,0.0
1205,HGNC:9453,0.677630774964788
1206,HGNC:4456,16.634693737528902
1207,HGNC:4455,0.219117956999424
1208,HGNC:4458,79.7692093141794
1209,HGNC:16985,1.84993470451245
1210,HGNC:4691,0.0325682588742008
1211,HGNC:4922,19.48371455407269
1212,HGNC:4693,64.737755164137
1213,HGNC:4925,0.10103413176912
1214,HGNC:4696,16.945446758363303
1215,HGNC:4699,60.462215573164904
1216,HGNC:118,50.1431179579646
1217,HGNC:24861,19.263013427650897
1218,HGNC:24860,0.0508376142977602
1219,HGNC:24862,37.8165710711656
1220,HGNC:24865,3.42524206745071
1221,HGNC:24864,0.0
1222,HGNC:2648,0.0375690121823316
1223,HGNC:2649,55.859488126130714
1224,HGNC:2640,0.0
1225,HGNC:2642,0.0
1226,HGNC:2644,1.03611614140117
1227,HGNC:2645,0.0
1228,HGNC:2646,0.0
1229,HGNC:22946,3.1008406181103703
1230,HGNC:4803,47.14421636626661
1231,HGNC:21497,24.5265193668953
1232,HGNC:3423,0.0
1233,HGNC:4855,0.0
1234,HGNC:14177,9.34504751472249
1235,HGNC:10297,15.535769804888501
1236,HGNC:14178,0.11819027278829596
1237,HGNC:14914,0.0260356917032089
1238,HGNC:10452,42.143952931114995
1239,HGNC:10451,31.71047627966761
1240,HGNC:20567,5.02303222815169
1241,HGNC:3555,0.0
1242,HGNC:3554,1.7450585904852802
1243,HGNC:8909,21.5333933352135
1244,HGNC:8905,2.3958116495302297
1245,HGNC:8907,9.82675659663302
1246,HGNC:8906,20.1500580122279
1247,HGNC:8903,36.5386257060466
1248,HGNC:2911,33.8962145603552
1249,HGNC:11180,16.706560861126402
1250,HGNC:11181,0.0
1251,HGNC:11184,35.746682934777006
1252,HGNC:30211,2.1884477844411
1253,HGNC:714,2.6325887278148
1254,HGNC:713,2.4261435378808702
1255,HGNC:1795,0.0
1256,HGNC:13886,0.0
1257,HGNC:1063,74.4896955703205
1258,HGNC:1062,13.780281694851801
1259,HGNC:14572,3.55681330995112
1260,HGNC:8788,8.93720432998836
1261,HGNC:1667,0.0
1262,HGNC:1664,20.30198200810669
1263,HGNC:1663,0.232911397893534
1264,HGNC:30450,14.4442744035443
1265,HGNC:4323,96.31640734645
1266,HGNC:18049,0.0565142141833273
1267,HGNC:8783,5.78552823067041
1268,HGNC:8782,0.0990932129219762
1269,HGNC:3148,0.174169384414204
1270,HGNC:2600,0.0168469323805342
1271,HGNC:7632,13.8963211603021
1272,HGNC:7631,5.86155236929779
1273,HGNC:29609,4.69625430854717
1274,HGNC:8785,0.111235439295613
1275,HGNC:8784,15.0092966817389
1276,HGNC:29037,0.0988175639278617
1277,HGNC:4212,0.0
1278,HGNC:441,2.31508869537042
1279,HGNC:6936,13.631633855181
1280,HGNC:6937,38.8405494736609
1281,HGNC:23091,0.0
1282,HGNC:23090,14.761537060589399
1283,HGNC:6938,0.0534802171713549
1284,HGNC:8124,37.9766032790848
1285,HGNC:23097,7.2506114286044205
1286,HGNC:23096,9.11151847808756
1287,HGNC:7706,9.432873116936399
1288,HGNC:7707,39.4615879827586
1289,HGNC:7704,130.830584337922
1290,HGNC:7705,20.3869679624749
1291,HGNC:7702,71.03495153417859
1292,HGNC:7703,8.78260546014017
1293,HGNC:7700,52.3962257565181
1294,HGNC:7701,26.532274896182297
1295,HGNC:33,15.2423528792769
1296,HGNC:7708,32.3978715756982
1297,HGNC:34,6.98215260295115
1298,HGNC:640,0.0
1299,HGNC:643,0.0
1300,HGNC:642,0.0
1301,HGNC:12563,14.2099291977035
1302,HGNC:12562,16.7612544296074
1303,HGNC:7413,2.95811198010256
1304,HGNC:7419,0.0
1305,HGNC:846,47.9922031210356
1306,HGNC:845,232.268968209078
1307,HGNC:6617,49.6507631318708
1308,HGNC:6619,0.204343621817126
1309,HGNC:8898,0.0742710471604556
1310,HGNC:29500,6.037506611834201
1311,HGNC:3631,169.41509954201598
1312,HGNC:26210,8.25276991982933
1313,HGNC:2342,1.46145457070557
1314,HGNC:19980,24.4773017798106
1315,HGNC:10938,10.597922826804
1316,HGNC:10939,0.0671399142557742
1317,HGNC:19237,23.5481404430766
1318,HGNC:10934,0.0
1319,HGNC:10935,0.0302818020991966
1320,HGNC:10936,0.0
1321,HGNC:10937,10.9579267199434
1322,HGNC:10930,0.0
1323,HGNC:10931,0.0
1324,HGNC:10932,0.0
1325,HGNC:10933,8.70836724800271
1326,HGNC:9115,21.4018945965046
1327,HGNC:9114,7.43520911713867
1328,HGNC:16448,2.6919896085780604
1329,HGNC:3700,43.0270833469463
1330,HGNC:1884,0.0
1331,HGNC:941,19.5420215103839
1332,HGNC:17269,0.0
1333,HGNC:15722,0.0
1334,HGNC:9206,0.0
1335,HGNC:21481,0.0
1336,HGNC:2653,0.0
1337,HGNC:2652,0.0
1338,HGNC:2651,0.0
1339,HGNC:9208,39.778571668096
1340,HGNC:22932,11.6956544849446
1341,HGNC:20779,0.0
1342,HGNC:9689,5.90485515440977
1343,HGNC:2014,0.0
1344,HGNC:4866,0.0
1345,HGNC:9061,17.6458726857878
1346,HGNC:18481,9.100616099124991
1347,HGNC:9063,0.112994511358893
1348,HGNC:9062,0.0257843199879149
1349,HGNC:9065,40.3943203413081
1350,HGNC:9067,2.05767327378967
1351,HGNC:9066,6.81085575717367
1352,HGNC:9068,12.3797719914887
1353,HGNC:3569,25.8777341938976
1354,HGNC:8978,0.0
1355,HGNC:8979,12.408335589859199
1356,HGNC:8971,13.5795609772065
1357,HGNC:8972,28.411084661069196
1358,HGNC:8973,0.0
1359,HGNC:8974,4.5613936384415
1360,HGNC:13398,26.335693152024607
1361,HGNC:8976,8.13153602978698
1362,HGNC:8977,1.58830019024595
1363,HGNC:88,0.126360472853527
1364,HGNC:89,12.4016012408029
1365,HGNC:82,22.978294233364306
1366,HGNC:83,55.9444550581223
1367,HGNC:80,0.0
1368,HGNC:87,4.78438566484368
1369,HGNC:84,19.7146563999285
1370,HGNC:85,1.00045865729302
1371,HGNC:7687,49.768097607461
1372,HGNC:20197,8.104115328952
1373,HGNC:8806,19.2536040335469
1374,HGNC:8807,0.0
1375,HGNC:7683,136.62357792575898
1376,HGNC:8808,35.940267162881604
1377,HGNC:7682,0.502431158203396
1378,HGNC:7681,10.0175076357692
1379,HGNC:8754,40.359252986668
1380,HGNC:8755,0.0
1381,HGNC:8756,20.995749840923
1382,HGNC:18068,0.5931855845991021
1383,HGNC:17877,3.08732623173996
1384,HGNC:18062,9.084064201154519
1385,HGNC:1380,0.0
1386,HGNC:23287,2.64971687406692
1387,HGNC:4260,0.144661624703615
1388,HGNC:451,5.71717915823134
1389,HGNC:457,37.1416854480785
1390,HGNC:23089,0.0
1391,HGNC:23087,15.9644821142295
1392,HGNC:7711,62.38767961478271
1393,HGNC:7710,27.8726627928578
1394,HGNC:7713,85.2056969504292
1395,HGNC:7712,230.81256249777303
1396,HGNC:7715,59.1971711620226
1397,HGNC:14430,1.35548671383553
1398,HGNC:7717,73.5562881582125
1399,HGNC:7716,100.597693818894
1400,HGNC:7719,29.230235409861496
1401,HGNC:8598,3.5590808476863
1402,HGNC:23155,0.15470591992748994
1403,HGNC:23157,7.4841684989425
1404,HGNC:22204,4.25779537234844
1405,HGNC:8574,25.6893947429007
1406,HGNC:8575,24.019131553857694
1407,HGNC:8576,39.73380453202621
1408,HGNC:8579,2.6904120463564904
1409,HGNC:12576,5.18085841168056
1410,HGNC:28777,56.0348525451651
1411,HGNC:19080,1.09441491922247
1412,HGNC:16058,11.4865052372309
1413,HGNC:25313,0.0448118777940628
1414,HGNC:6622,0.0
1415,HGNC:6623,0.434519050431006
1416,HGNC:4008,21.2087157411263
1417,HGNC:4006,9.441860746751841
1418,HGNC:321,4.21601402428172
1419,HGNC:326,21.930727567958197
1420,HGNC:3974,0.7255379751512709
1421,HGNC:324,1.10354173834652
1422,HGNC:3976,598.687489494107
1423,HGNC:3978,0.143109533951518
1424,HGNC:3629,40.6337053264172
1425,HGNC:8789,0.0
1426,HGNC:21016,0.0
1427,HGNC:8774,0.0791288067462064
1428,HGNC:30311,1.6951246850346398
1429,HGNC:2330,8.7627353120403
1430,HGNC:9919,0.15598765911495802
1431,HGNC:16297,0.0345114296676299
1432,HGNC:10940,0.0200877122031159
1433,HGNC:10943,109.929101729718
1434,HGNC:10942,2.81480474986395
1435,HGNC:10945,0.0
1436,HGNC:10944,0.0
1437,HGNC:10947,10.3784667545755
1438,HGNC:10946,19.204783712487398
1439,HGNC:19954,5.7023528760172315
1440,HGNC:16270,0.0
1441,HGNC:19953,0.934609603136038
1442,HGNC:15654,0.143668145403857
1443,HGNC:4908,9.96894416399183
1444,HGNC:4678,0.0551727778906241
1445,HGNC:24474,8.86755076105826
1446,HGNC:4907,6.773373758725669
1447,HGNC:24475,0.0307040287918713
1448,HGNC:11708,0.0
1449,HGNC:2244,3.1526757777550296
1450,HGNC:5147,0.0646334035536405
1451,HGNC:1027,9.49296325471033
1452,HGNC:120,0.0543603593335513
1453,HGNC:22923,13.7526479362586
1454,HGNC:122,49.3704407491268
1455,HGNC:22921,3.01172503164416
1456,HGNC:124,0.0
1457,HGNC:125,0.394504147829764
1458,HGNC:33128,1.81292029305003
1459,HGNC:16872,38.209177100209104
1460,HGNC:12388,16.8284614225391
1461,HGNC:4879,63.6603751131087
1462,HGNC:4878,24.047064531975003
1463,HGNC:7530,11.1406570740683
1464,HGNC:6315,2.3626930767279
1465,HGNC:14118,0.0
1466,HGNC:18871,0.86593317478512
1467,HGNC:7684,11.050868160287001
1468,HGNC:3579,3.36550582989121
1469,HGNC:3575,5.4573073783117305
1470,HGNC:3574,30.0090936498633
1471,HGNC:3571,3.8114202983298098
1472,HGNC:3570,35.660832001777
1473,HGNC:20989,2.07593419029769
1474,HGNC:8962,11.1891659663002
1475,HGNC:8960,12.572283001063399
1476,HGNC:8967,6.35958219819261
1477,HGNC:8966,7.66244030152491
1478,HGNC:8965,4.759623444789759
1479,HGNC:8964,5.666877044110942
1480,HGNC:6821,10.7171723768003
1481,HGNC:6822,32.1016889473296
1482,HGNC:6823,19.98922095091769
1483,HGNC:6824,40.0030271311323
1484,HGNC:6825,14.6096002948561
1485,HGNC:6826,12.419436797355196
1486,HGNC:6827,19.331490462819602
1487,HGNC:10545,51.879458985636
1488,HGNC:10547,2.7637480107058705
1489,HGNC:5322,1.12180995760728
1490,HGNC:10540,45.3093270699331
1491,HGNC:14601,12.5138861031378
1492,HGNC:14937,35.483352871762904
1493,HGNC:14938,18.7154179474905
1494,HGNC:8819,71.34097977162071
1495,HGNC:8818,0.0228964008940478
1496,HGNC:18057,0.0
1497,HGNC:30650,0.594309042145691
1498,HGNC:6179,0.656398969965444
1499,HGNC:6176,21.0678346453097
1500,HGNC:17804,0.104078001410589
1501,HGNC:1421,5.9127815732245885
1502,HGNC:3368,13.7947901684534
1503,HGNC:1424,21.2081037860305
1504,HGNC:3364,0.330808165628083
1505,HGNC:3365,0.601181312287506
1506,HGNC:3367,3.48567300599097
1507,HGNC:3363,0.0274176648539034
1508,HGNC:29831,16.1404146191076
1509,HGNC:29832,20.3571501510945
1510,HGNC:735,28.900514360634
1511,HGNC:4057,73.2523454776028
1512,HGNC:469,14.2721053873411
1513,HGNC:468,0.730362832841388
1514,HGNC:8109,60.719167529565496
1515,HGNC:8108,17.534538258603494
1516,HGNC:18120,0.032400121244494
1517,HGNC:18125,1.20507494912695
1518,HGNC:15463,11.185686269936195
1519,HGNC:26777,2.2227796906045
1520,HGNC:14423,0.0
1521,HGNC:10984,5.37432311245505
1522,HGNC:1516,30.132564049523
1523,HGNC:8587,75.56420617307201
1524,HGNC:30092,23.2283670335396
1525,HGNC:9060,1.96938373850699
1526,HGNC:12547,0.0
1527,HGNC:12546,0.0
1528,HGNC:12545,0.0
1529,HGNC:12544,0.0
1530,HGNC:13818,0.636798104887328
1531,HGNC:12540,0.0494945069799566
1532,HGNC:13817,1.03195297460936
1533,HGNC:13815,0.0468351006347649
1534,HGNC:13812,8.62249533677931
1535,HGNC:13811,0.0
1536,HGNC:24436,0.0615586413443698
1537,HGNC:24437,17.0491285284429
1538,HGNC:16049,90.53126535306879
1539,HGNC:19721,26.374510018863106
1540,HGNC:11559,78.71363348011991
1541,HGNC:23987,77.506869798321
1542,HGNC:4019,8.508960052747481
1543,HGNC:13709,12.5335542212511
1544,HGNC:25846,16.2800219390267
1545,HGNC:4012,5.95319325654762
1546,HGNC:4014,0.678476052438756
1547,HGNC:24723,20.0766658294494
1548,HGNC:45,0.0276715321210692
1549,HGNC:7688,13.1736504241425
1550,HGNC:4707,0.0
1551,HGNC:4706,12.8362868406393
1552,HGNC:2321,8.895681764788801
1553,HGNC:4700,0.850343329345187
1554,HGNC:2329,0.0
1555,HGNC:2328,48.1476788789902
1556,HGNC:10959,0.0900739646222963
1557,HGNC:10952,2.26729141364196
1558,HGNC:10953,7.27968631912405
1559,HGNC:10956,0.0
1560,HGNC:27168,0.0
1561,HGNC:10955,0.638963906033241
1562,HGNC:3769,0.0
1563,HGNC:16266,1.5519519089975602
1564,HGNC:4643,21.4299143392241
1565,HGNC:13557,0.0702788744127491
1566,HGNC:7898,0.0715882526812756
1567,HGNC:8878,58.24399637212559
1568,HGNC:26160,9.68853004855184
1569,HGNC:7892,41.064105026729
1570,HGNC:17027,0.211523541795029
1571,HGNC:21359,0.108438937106842
1572,HGNC:986,16.263470080517198
1573,HGNC:987,6.8980835719392894
1574,HGNC:5157,23.240801598379196
1575,HGNC:115,149.688292441423
1576,HGNC:117,8.015852398554191
1577,HGNC:119,51.5449883404729
1578,HGNC:13528,1.55809213940846
1579,HGNC:4800,49.790137721544
1580,HGNC:4801,64.0586769891802
1581,HGNC:251,0.0
1582,HGNC:4805,19.2536767550663
1583,HGNC:4806,0.0641543928960746
1584,HGNC:4809,0.0
1585,HGNC:12390,41.0150757651241
1586,HGNC:9465,13.194222287485195
1587,HGNC:10606,6.708485111194121
1588,HGNC:9463,0.0
1589,HGNC:7694,107.45250044882799
1590,HGNC:2073,6.197600468388
1591,HGNC:11609,0.0
1592,HGNC:14129,3.0439135203638195
1593,HGNC:9083,43.048017858547
1594,HGNC:9082,12.824112369058303
1595,HGNC:9081,22.238699612880698
1596,HGNC:14120,0.0
1597,HGNC:21597,5.9358759456520485
1598,HGNC:8956,0.7702124463254179
1599,HGNC:8957,5.2616510189128
1600,HGNC:21755,0.0
1601,HGNC:8975,14.991778074310696
1602,HGNC:2671,0.0966266895313086
1603,HGNC:12553,0.0
1604,HGNC:23198,3.60980479830809
1605,HGNC:6833,2.9544525416972705
1606,HGNC:6831,11.183277125293
1607,HGNC:15894,10.6387417496621
1608,HGNC:6834,0.0
1609,HGNC:18606,0.894591505545619
1610,HGNC:14639,0.0
1611,HGNC:18590,1.53882325346033
1612,HGNC:18596,1.05699427116775
1613,HGNC:18264,1.08472405914591
1614,HGNC:18265,0.0
1615,HGNC:18266,0.0529612108443755
1616,HGNC:8778,0.0
1617,HGNC:8779,0.361421155557892
1618,HGNC:18044,0.0961455914984067
1619,HGNC:29489,27.7408165679067
1620,HGNC:6469,6.7931825210662975
1621,HGNC:8772,0.9360471289763308
1622,HGNC:8773,0.0255637616499328
1623,HGNC:30862,48.04474428262011
1624,HGNC:30863,75.43957830244679
1625,HGNC:8776,0.0286374788275542
1626,HGNC:8777,0.0801861603712755
1627,HGNC:30866,10.270454867609699
1628,HGNC:8775,0.0331795056043272
1629,HGNC:18281,0.7405195852576401
1630,HGNC:17818,0.0
1631,HGNC:17819,0.0
1632,HGNC:7103,0.112169856748141
1633,HGNC:28577,0.117526282491732
1634,HGNC:20244,0.0
1635,HGNC:30262,9.16705003435511
1636,HGNC:30260,36.876593060834296
1637,HGNC:29821,26.870072403818305
1638,HGNC:29799,9.673736689764429
1639,HGNC:4248,28.7715682558982
1640,HGNC:4249,10.6275722902851
1641,HGNC:4242,1.87589277202014
1642,HGNC:4241,10.6148798460371
1643,HGNC:15472,0.0322751529187889
1644,HGNC:14412,0.0
1645,HGNC:14411,0.159004395365049
1646,HGNC:11177,6.366344592076862
1647,HGNC:14416,0.15408552627199806
1648,HGNC:14415,3.0354042999629303
1649,HGNC:11179,173.38402788772999
1650,HGNC:14418,65.4999109526822
1651,HGNC:42,0.0
1652,HGNC:40,0.0266153667729368
1653,HGNC:28750,0.19163064076514494
1654,HGNC:1564,1.8579977422870504
1655,HGNC:2422,74.4046763992835
1656,HGNC:12805,0.0
1657,HGNC:12554,0.0
1658,HGNC:12555,6.41707922807617
1659,HGNC:478,0.476976002956799
1660,HGNC:6544,0.0977555059977959
1661,HGNC:6541,0.0
1662,HGNC:473,0.3724571801221661
1663,HGNC:470,0.659464464279352
1664,HGNC:7468,17.441276760172
1665,HGNC:476,0.0
1666,HGNC:477,0.0709542508203335
1667,HGNC:474,0.0
1668,HGNC:475,0.0
1669,HGNC:7462,0.0
1670,HGNC:7461,0.0
1671,HGNC:7460,0.0
1672,HGNC:1368,0.0
1673,HGNC:11011,0.0
1674,HGNC:13446,0.0
1675,HGNC:18067,0.0
1676,HGNC:18301,0.0
1677,HGNC:11039,0.0
1678,HGNC:45241,0.0
1679,HGNC:24515,0.0
1680,HGNC:21606,0.0
1681,HGNC:693,0.0
1682,HGNC:17146,0.0
1683,HGNC:24261,0.0
1684,HGNC:13824,0.0
1685,HGNC:3434,0.0
1686,HGNC:14280,0.0
1687,HGNC:29683,0.0
1688,HGNC:1334,0.0
