,HGNC_ID,LTED_FPKM
0,HGNC:13734,0.0
1,HGNC:4020,4.32710735640304
2,HGNC:4021,4.25340807773452
3,HGNC:344,25.1478689228548
4,HGNC:341,0.0
5,HGNC:3999,317.761053449323
6,HGNC:343,82.91298616375421
7,HGNC:964,0.0366134505602571
8,HGNC:12705,0.0
9,HGNC:12706,0.0
10,HGNC:10967,0.0
11,HGNC:10966,0.0
12,HGNC:10963,0.0736495117775581
13,HGNC:10962,0.0
14,HGNC:10961,0.0
15,HGNC:10969,21.6510668868226
16,HGNC:10968,2.10065049679051
17,HGNC:292,23.1324416985482
18,HGNC:291,34.0879251273452
19,HGNC:3773,3.00468988885673
20,HGNC:3772,2.03443433982646
21,HGNC:3771,0.0
22,HGNC:3770,0.0
23,HGNC:16496,0.00781603393363172
24,HGNC:16253,0.14373947311901095
25,HGNC:19977,0.10726640558942402
26,HGNC:13542,0.0
27,HGNC:16704,0.0557158045040785
28,HGNC:19979,0.7457473376926371
29,HGNC:19978,7.67600857076805
30,HGNC:16703,0.0
31,HGNC:12019,0.0
32,HGNC:12015,0.0179508912337629
33,HGNC:2269,176.37337151440101
34,HGNC:2267,81.6882266943973
35,HGNC:2265,92.7085165967499
36,HGNC:17038,1.19766623705445
37,HGNC:9251,53.01595706148721
38,HGNC:108,0.582389572817274
39,HGNC:24887,3.29043982160143
40,HGNC:7861,0.0
41,HGNC:4810,0.0413844249551963
42,HGNC:4819,0.0428628914345117
43,HGNC:4818,0.0
44,HGNC:16815,0.129200155957686
45,HGNC:3151,111.170585285212
46,HGNC:1373,3.66527891415913
47,HGNC:21298,26.312467283315893
48,HGNC:20800,5.68888120951473
49,HGNC:14135,9.205907471345071
50,HGNC:1372,0.120944258570958
51,HGNC:17729,6.00584657194747
52,HGNC:9326,0.468358127987442
53,HGNC:9325,110.68105283402001
54,HGNC:8940,9.05885192617616
55,HGNC:3518,5.922803127341781
56,HGNC:18859,1.9669199258941696
57,HGNC:18857,0.0
58,HGNC:3512,5.363756192111599
59,HGNC:3516,2.74757235574427
60,HGNC:3515,0.0874289794768471
61,HGNC:1375,3.8759831883520097
62,HGNC:2689,0.0
63,HGNC:1374,0.0400845144054899
64,HGNC:91,6.49779356980425
65,HGNC:90,2.86620841848181
66,HGNC:93,11.9883827244385
67,HGNC:92,33.5907366028943
68,HGNC:95,27.209357857576602
69,HGNC:94,32.587278621863106
70,HGNC:1991,19.8336417738637
71,HGNC:24157,10.747713339136
72,HGNC:30412,49.9020128295759
73,HGNC:1995,13.763951615939698
74,HGNC:1994,0.0
75,HGNC:1996,0.0
76,HGNC:8830,17.3804107742215
77,HGNC:2860,149.225186283774
78,HGNC:2861,20.6783084941309
79,HGNC:18704,50.7210032330045
80,HGNC:550,0.135171853103539
81,HGNC:553,1.18513681000022
82,HGNC:30324,7.25993192564595
83,HGNC:14247,101.119138308355
84,HGNC:3014,22.677970664735398
85,HGNC:14240,0.359665133336183
86,HGNC:17996,0.932730694006815
87,HGNC:17827,0.0
88,HGNC:17822,18.3287930405529
89,HGNC:17820,29.780696322151197
90,HGNC:29567,0.023553015008058
91,HGNC:30259,0.315058285544197
92,HGNC:18070,0.0583683864648755
93,HGNC:30521,4.34216432229863
94,HGNC:4259,2.7199798089038394
95,HGNC:15917,6.7071851499086295
96,HGNC:6970,79.0220539643692
97,HGNC:6971,104.98616565614799
98,HGNC:4251,0.0
99,HGNC:4250,0.7805892647712271
100,HGNC:15919,8.6861996020389
101,HGNC:30748,0.0
102,HGNC:15449,0.0
103,HGNC:18149,4.405679700212652
104,HGNC:28697,8.76143000509514
105,HGNC:14409,6.98106299674321
106,HGNC:14404,0.0327828046352232
107,HGNC:8052,53.223945226763895
108,HGNC:8548,378.43793159960404
109,HGNC:8016,16.5892239063513
110,HGNC:8547,9.121346032415769
111,HGNC:8546,23.427044668997002
112,HGNC:8056,5.58313514850102
113,HGNC:7456,0.0
114,HGNC:7455,0.0
115,HGNC:7450,6.545668092177769
116,HGNC:7451,12.957422615088301
117,HGNC:7458,0.0
118,HGNC:7459,0.0
119,HGNC:407,7.40746157999354
120,HGNC:406,7.87924318878893
121,HGNC:405,0.0
122,HGNC:404,0.4088620469359969
123,HGNC:403,24.1223687571337
124,HGNC:402,0.889909008770715
125,HGNC:7692,27.8920223992222
126,HGNC:8494,0.2467546337953581
127,HGNC:1378,7.06301504102715
128,HGNC:7698,41.6797544247994
129,HGNC:7699,49.9864429669092
130,HGNC:409,1.04428475125856
131,HGNC:408,10.5214097023423
132,HGNC:13724,41.57476447066961
133,HGNC:13726,23.017606411704804
134,HGNC:11573,0.0188222002477911
135,HGNC:11377,0.0335667071850851
136,HGNC:9462,21.681446116044803
137,HGNC:19419,0.260598953183216
138,HGNC:7526,9.26568094786891
139,HGNC:7529,71.6645545876301
140,HGNC:19366,7.19944884943508
141,HGNC:19365,85.6678856950307
142,HGNC:397,0.0
143,HGNC:396,11.6789142607656
144,HGNC:395,9.11094032475167
145,HGNC:10970,0.0
146,HGNC:10971,0.0
147,HGNC:10972,0.0
148,HGNC:10973,3.5884011718135103
149,HGNC:10974,0.118912299405358
150,HGNC:10975,4.34756322867357
151,HGNC:10976,0.0258996253594143
152,HGNC:10977,7.27327278060611
153,HGNC:10978,0.0
154,HGNC:10979,112.087415856429
155,HGNC:16065,12.5391433050312
156,HGNC:19708,11.5173334006585
157,HGNC:11284,14.8191551261112
158,HGNC:16484,0.0
159,HGNC:13531,6.73946005321677
160,HGNC:4623,39.2030990626211
161,HGNC:4624,27.77203934357901
162,HGNC:240,13.143783343554599
163,HGNC:4626,0.0
164,HGNC:249,0.0
165,HGNC:7714,7.09648185363935
166,HGNC:2277,395.850417342072
167,HGNC:12008,0.0
168,HGNC:12009,221.606460389394
169,HGNC:2279,0.0
170,HGNC:20886,10.199449854803099
171,HGNC:20885,0.28350599715412
172,HGNC:20880,9.95534807099707
173,HGNC:20739,5.0126100292055495
174,HGNC:7852,60.912039606301896
175,HGNC:7850,0.6206333054374129
176,HGNC:7851,60.2774955850323
177,HGNC:17287,11.431815476006902
178,HGNC:179,7.98055802984403
179,HGNC:177,0.5224149475955421
180,HGNC:13448,251.98637138621
181,HGNC:13445,0.0
182,HGNC:13444,13.905010432927199
183,HGNC:13447,177.622122811791
184,HGNC:4820,0.0841750766228417
185,HGNC:21285,0.107631941134114
186,HGNC:27960,0.0
187,HGNC:7218,0.0
188,HGNC:14897,16.3184472607971
189,HGNC:7216,18.0951114303057
190,HGNC:2698,3.03785993330075
191,HGNC:2690,157.556613656927
192,HGNC:19975,8.29510108137235
193,HGNC:26965,6.60894162729756
194,HGNC:9755,19.060057627756397
195,HGNC:9752,3.96933845387146
196,HGNC:20461,3.11567957158788
197,HGNC:20460,0.0
198,HGNC:10571,1497.06555785971
199,HGNC:21065,0.523117850680127
200,HGNC:5198,0.207247986389802
201,HGNC:30404,4.02800486221021
202,HGNC:24141,0.0561953440544538
203,HGNC:5195,0.0
204,HGNC:5194,0.0357190761954264
205,HGNC:5196,0.2499769934768961
206,HGNC:5193,6.183112212438849
207,HGNC:19877,6.95464126515813
208,HGNC:13265,1.38515315950187
209,HGNC:8840,5.7522863109543225
210,HGNC:18449,34.339906575715396
211,HGNC:3354,1.72894930923931
212,HGNC:3357,0.0204212931987235
213,HGNC:3356,17.4065510693464
214,HGNC:20263,2.94386690895418
215,HGNC:3350,271.40749732894403
216,HGNC:3353,6.88706600189524
217,HGNC:3358,0.421904212094331
218,HGNC:17836,0.5757217006605899
219,HGNC:29570,1.13084830382405
220,HGNC:7064,18.8647547874817
221,HGNC:7063,12.995826256994901
222,HGNC:7061,32.754392871206
223,HGNC:1769,40.957798680721396
224,HGNC:30242,22.932171116058804
225,HGNC:29594,81.30292741532341
226,HGNC:18155,5.84090562735904
227,HGNC:14471,11.5868798889297
228,HGNC:14472,0.801071326155232
229,HGNC:1548,23.3278701308179
230,HGNC:1549,8.20542986881445
231,HGNC:549,0.63208691683914
232,HGNC:30596,1.81901478366564
233,HGNC:8022,27.8962865884441
234,HGNC:8021,0.0496496001348829
235,HGNC:11025,0.0
236,HGNC:11024,14.188848630713697
237,HGNC:11027,0.0425124074645747
238,HGNC:11026,148.720183228289
239,HGNC:11021,23.1271750999435
240,HGNC:11020,0.0
241,HGNC:11023,8.74321978977843
242,HGNC:11022,14.297917652405
243,HGNC:7449,17.7643925938652
244,HGNC:11029,0.795009535708883
245,HGNC:11028,34.0707728693273
246,HGNC:414,291.212356336903
247,HGNC:7686,76.8870548495152
248,HGNC:7685,54.2980787386283
249,HGNC:417,0.0
250,HGNC:410,0.15215004192298906
251,HGNC:411,54.9756729088294
252,HGNC:412,25.64900483806
253,HGNC:7680,15.948125576166198
254,HGNC:418,8.37494427052122
255,HGNC:1381,0.0
256,HGNC:1382,4.84055067062157
257,HGNC:1383,0.0
258,HGNC:3825,3.74106341414787
259,HGNC:3824,15.5052303871039
260,HGNC:4289,1.86015735808632
261,HGNC:365,0.0
262,HGNC:362,24.8230249214539
263,HGNC:363,21.861831307479402
264,HGNC:361,7.55775298881692
265,HGNC:380,47.8380104527301
266,HGNC:381,0.0502059976566615
267,HGNC:384,3.63681133395484
268,HGNC:6178,1.10083913304293
269,HGNC:387,0.058882537520145
270,HGNC:388,0.378712147791436
271,HGNC:389,13.1920142453625
272,HGNC:10989,151.115552608765
273,HGNC:10988,0.16178559675147
274,HGNC:10985,17.9964715867837
275,HGNC:19288,0.0
276,HGNC:10986,7.54491928046431
277,HGNC:10981,14.295992086643698
278,HGNC:10980,25.049155236869698
279,HGNC:10983,11.5404610022257
280,HGNC:10982,5.28719826419307
281,HGNC:7863,30.9661393602847
282,HGNC:11296,32.1993582708747
283,HGNC:4632,0.236921467422828
284,HGNC:13527,37.6590017705252
285,HGNC:252,0.0
286,HGNC:253,38.3858277641569
287,HGNC:250,0.0
288,HGNC:16232,0.0
289,HGNC:256,0.0
290,HGNC:257,24.4607572838913
291,HGNC:255,0.0
292,HGNC:2205,11.1514768380409
293,HGNC:6257,3.67754360980398
294,HGNC:6685,0.126287857360279
295,HGNC:20728,6.65993774903116
296,HGNC:21385,10.565399820646501
297,HGNC:7849,63.4621911214272
298,HGNC:16832,48.9683614353578
299,HGNC:17296,27.521788625435
300,HGNC:2519,16.5258415714307
301,HGNC:20091,4.8975904312966385
302,HGNC:20093,1.4523981439521398
303,HGNC:21705,68.9519698986843
304,HGNC:16906,24.388320956304607
305,HGNC:10761,43.6351162590787
306,HGNC:4336,20.229770329447803
307,HGNC:15938,17.685598046572
308,HGNC:18540,0.318904515474656
309,HGNC:24174,0.0505859349362255
310,HGNC:1973,0.100960852594955
311,HGNC:1972,0.0
312,HGNC:1971,4.58994995470384
313,HGNC:1970,0.0
314,HGNC:18431,1.77846357098853
315,HGNC:808,0.0
316,HGNC:13273,0.0442129037631577
317,HGNC:801,0.502084745189041
318,HGNC:800,0.0117528440596137
319,HGNC:806,38.398006910083396
320,HGNC:805,0.0
321,HGNC:804,31.7441112729058
322,HGNC:2849,0.179771640346904
323,HGNC:18761,3.42435361195633
324,HGNC:18762,0.0
325,HGNC:2843,4.98230498850617
326,HGNC:26820,0.18831578883407105
327,HGNC:7056,30.9051976476132
328,HGNC:33238,9.544836380831539
329,HGNC:30502,0.0
330,HGNC:8149,4.39291887513161
331,HGNC:18161,0.0
332,HGNC:24381,0.0
333,HGNC:8636,7.29849121982779
334,HGNC:325,20.2221196297866
335,HGNC:24382,0.0
336,HGNC:18168,0.318539868431075
337,HGNC:18360,9.049261694147
338,HGNC:24380,0.0
339,HGNC:1550,70.8992787569835
340,HGNC:14468,0.0
341,HGNC:14469,0.0
342,HGNC:59,1.26895073470707
343,HGNC:55,4.12427096491208
344,HGNC:54,10.4087530020214
345,HGNC:56,45.0601015144126
346,HGNC:51,13.8247510369065
347,HGNC:14467,0.449847093862791
348,HGNC:53,0.2918130428042511
349,HGNC:12582,36.2698393203352
350,HGNC:8527,37.6577673466316
351,HGNC:12586,63.9463542485556
352,HGNC:12585,65.2830729900528
353,HGNC:11036,0.0
354,HGNC:11037,0.0
355,HGNC:11034,0.893688863624606
356,HGNC:11035,0.0204331833257679
357,HGNC:11033,13.561911867875304
358,HGNC:11030,0.0
359,HGNC:17720,44.8116758576527
360,HGNC:11038,10.187312245496802
361,HGNC:429,0.0
362,HGNC:850,16.301725484286898
363,HGNC:12457,32.5151042253914
364,HGNC:4298,39.1528179948478
365,HGNC:27015,0.21408817489727106
366,HGNC:4296,29.1718811509178
367,HGNC:4291,0.0
368,HGNC:3513,16.1366099097565
369,HGNC:19342,0.310871979584703
370,HGNC:19343,0.0
371,HGNC:21727,1.29321101125967
372,HGNC:10998,20.907059279493197
373,HGNC:10999,5.25385828307125
374,HGNC:10996,17.5022171167425
375,HGNC:10997,11.780411857946598
376,HGNC:10994,10.352184496136099
377,HGNC:10995,0.919292530766377
378,HGNC:10992,118.02837997222
379,HGNC:10993,0.137287011685111
380,HGNC:10990,5.716668439059871
381,HGNC:10991,382.78687745856905
382,HGNC:17358,2.50427451172281
383,HGNC:16732,7.01879847240128
384,HGNC:4208,28.8875125684656
385,HGNC:20233,12.6024596976058
386,HGNC:6694,0.136219090117348
387,HGNC:16354,0.218946476411805
388,HGNC:18811,0.0580866080474589
389,HGNC:123,13.340481555260697
390,HGNC:6344,0.0396766448411605
391,HGNC:12587,83.31956029737799
392,HGNC:6186,18.488542317544802
393,HGNC:17198,14.192590979049099
394,HGNC:17194,4.01990214687776
395,HGNC:26057,11.036455529017198
396,HGNC:11647,3.57289342661335
397,HGNC:2727,0.0
398,HGNC:9352,484.0784079964
399,HGNC:9603,0.012526857883993
400,HGNC:9605,0.0
401,HGNC:9604,0.0242403677168064
402,HGNC:9354,89.775329298156
403,HGNC:7944,1.98490802280736
404,HGNC:10941,0.173196754408422
405,HGNC:7943,0.0154871987475757
406,HGNC:20661,3.2223305065496897
407,HGNC:20667,5.12163095108418
408,HGNC:8998,20.5717213538923
409,HGNC:8999,37.587368345159895
410,HGNC:1801,4.32958029140305
411,HGNC:1800,15.497655507593805
412,HGNC:8996,4.80203275306208
413,HGNC:8997,12.534215594585
414,HGNC:8994,59.45790668109839
415,HGNC:8995,0.0770027259725868
416,HGNC:20910,4.74187899125538
417,HGNC:14679,0.0
418,HGNC:14859,22.133842551125106
419,HGNC:14073,0.0
420,HGNC:8863,5.955572122884259
421,HGNC:9280,3.78949213298661
422,HGNC:819,0.0
423,HGNC:33426,0.0
424,HGNC:814,27.8099515414486
425,HGNC:815,0.0
426,HGNC:816,0.0
427,HGNC:817,3.75143999672557
428,HGNC:2859,194.607398952464
429,HGNC:2858,31.1060386845057
430,HGNC:2851,5.67212127225326
431,HGNC:2850,0.0
432,HGNC:2853,0.0104961843463456
433,HGNC:2852,9.31752405477484
434,HGNC:2855,0.0862083742771908
435,HGNC:2854,13.348487311054999
436,HGNC:2857,18.2616012209818
437,HGNC:2856,5.260697541235509
438,HGNC:7045,23.456405075601506
439,HGNC:7044,16.6752565773233
440,HGNC:7047,13.2425747969015
441,HGNC:7046,0.0
442,HGNC:7043,0.0108247971505263
443,HGNC:7049,13.675669951750601
444,HGNC:7048,42.8336291459099
445,HGNC:18170,35.6141997744421
446,HGNC:18175,6.15878759238374
447,HGNC:8603,31.808244847389002
448,HGNC:6985,0.0
449,HGNC:6984,5.86165341918411
450,HGNC:6983,26.8418650707413
451,HGNC:8604,3.37015847802943
452,HGNC:18080,0.0891162832961057
453,HGNC:8512,0.0
454,HGNC:12591,15.660605110834501
455,HGNC:12592,15.8638137560655
456,HGNC:8049,18.8691419397579
457,HGNC:4195,0.0
458,HGNC:4193,13.1861361465113
459,HGNC:11003,8.63194697975683
460,HGNC:11002,0.0284969487308213
461,HGNC:11001,0.055986161704876
462,HGNC:11000,2.0505465442073403
463,HGNC:11007,0.0
464,HGNC:11006,0.0
465,HGNC:11005,67.873884955183
466,HGNC:11004,26.4776315507377
467,HGNC:11009,0.4096937288215129
468,HGNC:24289,11.737610365411902
469,HGNC:24288,6.9695570368150905
470,HGNC:23061,0.0
471,HGNC:438,0.0
472,HGNC:439,0.0
473,HGNC:437,0.0
474,HGNC:434,0.0233648417856234
475,HGNC:435,0.0
476,HGNC:433,3.1777111391902704
477,HGNC:29622,8.618400417616481
478,HGNC:23487,0.0
479,HGNC:23248,0.0
480,HGNC:23242,0.15785249576484806
481,HGNC:12442,0.0
482,HGNC:12441,19.5976558736663
483,HGNC:19119,0.0213597032026819
484,HGNC:2867,5.5814919867056
485,HGNC:28883,46.80352061685039
486,HGNC:30325,1.55871422639872
487,HGNC:12450,3.0505904348058395
488,HGNC:4175,0.0796685411169272
489,HGNC:13887,0.0
490,HGNC:4177,23.7974181701334
491,HGNC:26444,0.0
492,HGNC:26441,0.0
493,HGNC:24622,2.84295718079555
494,HGNC:9940,0.47863214132303
495,HGNC:25625,0.0
496,HGNC:17345,0.0
497,HGNC:238,1.04423013587157
498,HGNC:239,0.0855742315581722
499,HGNC:234,12.4656376004798
500,HGNC:235,0.136023226209327
501,HGNC:236,0.379610506620052
502,HGNC:237,12.1323777450228
503,HGNC:232,5.460452604775879
504,HGNC:233,0.0305430742924338
505,HGNC:2228,26.236187755580698
506,HGNC:25712,2.54199631892054
507,HGNC:25575,10.929271907024901
508,HGNC:13479,0.0
509,HGNC:3401,7.21838515882028
510,HGNC:26063,14.754645118800301
511,HGNC:121,9.950110313620462
512,HGNC:3402,1.13285870080863
513,HGNC:20675,0.0
514,HGNC:2710,22.30754264734789
515,HGNC:2719,0.0
516,HGNC:11178,0.203149015120153
517,HGNC:8984,55.8247567981756
518,HGNC:7223,7.96269783636118
519,HGNC:8981,55.03287887695461
520,HGNC:8980,13.498725660933001
521,HGNC:8983,24.9707253345046
522,HGNC:10691,0.0
523,HGNC:9160,0.0669732678664245
524,HGNC:3795,0.0
525,HGNC:3791,0.112300775558421
526,HGNC:3793,0.0
527,HGNC:4982,10.922187479809502
528,HGNC:932,0.0795782139728037
529,HGNC:930,12.4870119450345
530,HGNC:2158,8.709654174867929
531,HGNC:5382,74.66114713400209
532,HGNC:5383,133.550557643422
533,HGNC:5384,18.6449542270915
534,HGNC:5385,25.2995152037739
535,HGNC:5386,36.124453079561206
536,HGNC:5387,132.660199379064
537,HGNC:5389,16.4282642750248
538,HGNC:11834,154.602958963237
539,HGNC:11835,0.0
540,HGNC:11830,49.7256568891125
541,HGNC:11831,1.15598244679376
542,HGNC:8873,7.031942289765331
543,HGNC:8872,0.29788004126902
544,HGNC:8875,3.4560209028838504
545,HGNC:8874,11.939682282652099
546,HGNC:8877,17.2564698210093
547,HGNC:8876,36.86740795784829
548,HGNC:18966,10.015865422036901
549,HGNC:3247,1.66062687240302
550,HGNC:21474,5.95974899875494
551,HGNC:820,0.0
552,HGNC:823,157.922965629029
553,HGNC:18985,98.97437170370449
554,HGNC:18987,8.655115057796191
555,HGNC:15629,11.770338653244801
556,HGNC:1712,0.0
557,HGNC:794,40.024553272371
558,HGNC:799,84.9450322564804
559,HGNC:15827,0.0
560,HGNC:23506,13.2497726264718
561,HGNC:15829,29.3415572932341
562,HGNC:15956,1.34399328900281
563,HGNC:11120,4.934226414247349
564,HGNC:11121,10.1394587426726
565,HGNC:11123,72.4398015259252
566,HGNC:922,0.0
567,HGNC:3018,0.0
568,HGNC:17978,8.320996756321009
569,HGNC:3012,1.4824133621235
570,HGNC:3013,0.0478608828666982
571,HGNC:10850,14.9656115847386
572,HGNC:17973,0.4289719671723721
573,HGNC:3015,0.112220973976926
574,HGNC:29437,0.133437233315614
575,HGNC:8725,67.3939105042302
576,HGNC:8724,0.0
577,HGNC:4189,4.16722555613308
578,HGNC:4188,7.86258845268996
579,HGNC:626,145.50743301520902
580,HGNC:23657,2.12768543904056
581,HGNC:4180,11.4398449250677
582,HGNC:4187,0.0
583,HGNC:6535,133.55786517401302
584,HGNC:6530,0.123058309206908
585,HGNC:4341,52.22530234489541
586,HGNC:11018,0.0
587,HGNC:11019,0.0
588,HGNC:25985,9.50034019172308
589,HGNC:11010,0.0
590,HGNC:11012,14.2254141487221
591,HGNC:24292,3.7739358907431697
592,HGNC:24293,1.52757355069444
593,HGNC:24290,0.4575301509815461
594,HGNC:24291,25.171320718089
595,HGNC:17,0.087407203890427
596,HGNC:19,0.0326607653438869
597,HGNC:4163,28.2431001496084
598,HGNC:24948,2.51294026677836
599,HGNC:11240,5.09645239397291
600,HGNC:19748,15.181592284054199
601,HGNC:16029,0.0783785424053745
602,HGNC:9959,2.14715113023833
603,HGNC:19256,12.821742091315699
604,HGNC:16753,232.502952989963
605,HGNC:17376,16.267329937117
606,HGNC:8889,0.0
607,HGNC:20692,0.0295155528696438
608,HGNC:14025,0.0
609,HGNC:17579,7.1158325526649
610,HGNC:4570,24.845729614731002
611,HGNC:2097,0.0
612,HGNC:21088,3.82227057785577
613,HGNC:2520,17.084472393695098
614,HGNC:11460,7.73867523880142
615,HGNC:2709,0.0
616,HGNC:2704,9.242112231834039
617,HGNC:2707,0.107874825572091
618,HGNC:2703,60.5045805518132
619,HGNC:10682,18.0406768654983
620,HGNC:10683,32.226908755484
621,HGNC:10680,51.9153020005641
622,HGNC:10681,45.7907638330459
623,HGNC:16977,0.0
624,HGNC:13312,33.1651622474534
625,HGNC:928,15.694668892168698
626,HGNC:929,2.47140791281735
627,HGNC:9577,16.2171072406203
628,HGNC:920,3.82398306467381
629,HGNC:921,0.0
630,HGNC:4976,9.19264457908149
631,HGNC:923,18.042480980661498
632,HGNC:12266,0.0
633,HGNC:925,24.283595539565702
634,HGNC:926,16.5407662350384
635,HGNC:5391,5.03643444828127
636,HGNC:10536,0.1987858901789369
637,HGNC:12839,3.66443293739826
638,HGNC:20113,5.5950564335156105
639,HGNC:833,155.630447861728
640,HGNC:830,312.780205392467
641,HGNC:8888,220.06709409156798
642,HGNC:837,36.5033896456211
643,HGNC:838,7.194668137996758
644,HGNC:24104,0.10798151496002
645,HGNC:33159,0.0699083513187379
646,HGNC:23614,0.0
647,HGNC:18407,3.4048071219955496
648,HGNC:17174,8.21265746770689
649,HGNC:14239,3.44881199839107
650,HGNC:924,13.3221776196805
651,HGNC:60,3.9784651942932414
652,HGNC:61,3.8312218735814905
653,HGNC:3006,22.42746730508561
654,HGNC:66,0.0
655,HGNC:3002,0.227759820629571
656,HGNC:1371,5.8798990976342775
657,HGNC:17968,0.0
658,HGNC:7695,112.826839349251
659,HGNC:17964,68.0544450480686
660,HGNC:7696,129.810916904971
661,HGNC:7150,9.752772364840053
662,HGNC:7697,61.4272203027282
663,HGNC:7690,33.5527021569183
664,HGNC:29932,14.928872941298001
665,HGNC:500,0.0192295848558939
666,HGNC:7691,46.79198981600861
667,HGNC:633,0.0556164696703747
668,HGNC:634,0.0
669,HGNC:1377,0.0
670,HGNC:636,7.20913876995793
671,HGNC:637,0.01345370610006
672,HGNC:638,0.0
673,HGNC:7693,17.081631227684902
674,HGNC:4378,79.1043736628939
675,HGNC:6522,0.0
676,HGNC:8582,0.313839599532475
677,HGNC:4376,0.741259244610037
678,HGNC:4377,41.8915327389555
679,HGNC:11069,0.0405710894358456
680,HGNC:11068,1.40725214505924
681,HGNC:18290,15.532123709828902
682,HGNC:2898,19.1612816217161
683,HGNC:11061,0.0
684,HGNC:11060,15.1296483495994
685,HGNC:11063,157.107993981617
686,HGNC:2896,16.150019494710698
687,HGNC:11065,0.0426285968563698
688,HGNC:11064,13.030726488412304
689,HGNC:11067,0.202688074698057
690,HGNC:11066,0.42920227616442
691,HGNC:17890,0.0
692,HGNC:29957,0.152133733725992
693,HGNC:26516,9.74312655004984
694,HGNC:19134,1.95166487507827
695,HGNC:19133,5.26409885430096
696,HGNC:3149,26.9370103535401
697,HGNC:4923,11.9437329144062
698,HGNC:4799,19.819923147454396
699,HGNC:4795,5.1437820949688
700,HGNC:4796,0.22812996118314
701,HGNC:11257,28.238757390675502
702,HGNC:24649,8.59600301711603
703,HGNC:9920,0.0
704,HGNC:9922,0.0
705,HGNC:11782,0.0367476359811586
706,HGNC:6080,50.042468407924794
707,HGNC:10817,26.2996347895968
708,HGNC:10818,8.308318783606941
709,HGNC:12536,0.0
710,HGNC:12537,0.0
711,HGNC:3481,151.106333434636
712,HGNC:3483,7.81078599042481
713,HGNC:3482,31.0279297986843
714,HGNC:13414,0.0
715,HGNC:3647,7.38116390232093
716,HGNC:32949,16.133257152202
717,HGNC:17366,4.24187622341293
718,HGNC:2501,0.766383818642542
719,HGNC:11479,7.94711346563322
720,HGNC:9353,181.217532813444
721,HGNC:5013,1.8981656246116696
722,HGNC:5014,34.1905267501124
723,HGNC:4892,2.19611967221567
724,HGNC:67,5.46722131279725
725,HGNC:38831,0.0
726,HGNC:12538,0.0148861049255595
727,HGNC:16940,10.0963156510092
728,HGNC:17144,37.3613959186645
729,HGNC:9141,13.832274125748501
730,HGNC:25193,15.1989022937113
731,HGNC:4417,19.0413981474869
732,HGNC:4416,31.2650957964985
733,HGNC:4415,0.9857863023035508
734,HGNC:16789,1.61633181848739
735,HGNC:6269,2.55602958182885
736,HGNC:919,0.4162988417794361
737,HGNC:918,34.1012208120787
738,HGNC:6069,0.24549837259186
739,HGNC:9726,0.562901426160501
740,HGNC:2605,0.21426772484434808
741,HGNC:2606,2.10966924702369
742,HGNC:9725,11.354227587595696
743,HGNC:9722,62.9725869296875
744,HGNC:9723,54.1489003426359
745,HGNC:2602,0.0395536684835237
746,HGNC:9721,150.455120244624
747,HGNC:2608,0.0
748,HGNC:2603,0.0849390698556025
749,HGNC:1937,23.3012742808464
750,HGNC:1936,0.0
751,HGNC:1938,1.01400248811215
752,HGNC:21328,0.0255787116341155
753,HGNC:24139,0.561803506328811
754,HGNC:847,29.6782527999684
755,HGNC:17175,0.0559012280200353
756,HGNC:3465,66.9584762244417
757,HGNC:843,36.585638217714894
758,HGNC:842,152.07396690202802
759,HGNC:841,77.90214403578521
760,HGNC:840,89.1396929466432
761,HGNC:8896,213.36325542886902
762,HGNC:8891,123.091679972882
763,HGNC:848,49.0354413825295
764,HGNC:20583,0.4784707925601289
765,HGNC:20581,0.5753113501968271
766,HGNC:20584,3.3051960369395696
767,HGNC:18210,0.0
768,HGNC:9033,0.0
769,HGNC:9030,0.0
770,HGNC:9031,0.0
771,HGNC:9036,0.06654150997725901
772,HGNC:9035,0.0719139187746033
773,HGNC:9038,0.0
774,HGNC:9039,1.5418870786053205
775,HGNC:21526,3.05918864117447
776,HGNC:753,64.1028031505533
777,HGNC:750,0.023553015008058
778,HGNC:756,0.0
779,HGNC:758,220.004084868543
780,HGNC:15791,13.9026200511025
781,HGNC:3078,28.937699846142397
782,HGNC:18324,13.6657009786451
783,HGNC:20324,4.9448948228274014
784,HGNC:30031,8.21180758071903
785,HGNC:30035,0.0152185569653107
786,HGNC:4369,5.62301468527603
787,HGNC:11078,1.2583503237372802
788,HGNC:29674,0.203679584225226
789,HGNC:11072,12.342870522028699
790,HGNC:11073,0.0
791,HGNC:11070,0.0261245600709725
792,HGNC:11071,6.999719169724012
793,HGNC:11077,0.627587103622154
794,HGNC:4093,0.0
795,HGNC:4092,0.30689190851548803
796,HGNC:23215,4.71230192903623
797,HGNC:23213,4.99591332315026
798,HGNC:19129,0.0
799,HGNC:30927,0.0
800,HGNC:23364,6.49840802867105
801,HGNC:6480,0.0
802,HGNC:12525,130.405586136167
803,HGNC:12524,17.1704511985782
804,HGNC:12527,29.9637862496489
805,HGNC:8091,34.693680662059606
806,HGNC:4141,1076.5354625930302
807,HGNC:28107,8.382071181551781
808,HGNC:24650,16.2851958916282
809,HGNC:18554,15.150415040713401
810,HGNC:10293,30.448441861488398
811,HGNC:11285,0.08619073032011397
812,HGNC:16140,6.55876140484984
813,HGNC:17223,3.38871618344129
814,HGNC:6381,0.9412181859541948
815,HGNC:4558,0.0
816,HGNC:4559,0.0
817,HGNC:4556,120.68418046064899
818,HGNC:19873,15.5463313912485
819,HGNC:4554,1.4046961585859798
820,HGNC:4555,8.33009018019233
821,HGNC:4552,0.387957538778514
822,HGNC:21063,0.0210964787267847
823,HGNC:19875,5.04794993424423
824,HGNC:2548,0.0
825,HGNC:17313,17.147375149965903
826,HGNC:11449,40.8640690672039
827,HGNC:11448,14.2424888902411
828,HGNC:9155,0.0
829,HGNC:9156,0.0
830,HGNC:5007,40.20664105685621
831,HGNC:5006,57.8391645826704
832,HGNC:5005,9.37512568136798
833,HGNC:5008,0.34154737091977
834,HGNC:17423,3.15895289897104
835,HGNC:17422,2.20250090760165
836,HGNC:1848,0.6177483986606329
837,HGNC:4422,53.1998100774365
838,HGNC:6077,5.60029192770388
839,HGNC:6076,12.1955383941823
840,HGNC:6075,62.8777482527575
841,HGNC:6074,6.739972239859481
842,HGNC:6071,1.52777943701436
843,HGNC:6079,0.07264332925275599
844,HGNC:2615,0.0
845,HGNC:2611,0.0
846,HGNC:2610,0.0327064234501458
847,HGNC:1907,0.0
848,HGNC:854,11.3905599387853
849,HGNC:855,2.16664778189479
850,HGNC:856,32.0669509450872
851,HGNC:857,60.6464152704282
852,HGNC:13203,0.0
853,HGNC:851,51.8741338121714
854,HGNC:853,2.06330619056905
855,HGNC:9029,0.281596729083301
856,HGNC:9021,377.368602379302
857,HGNC:9020,0.0
858,HGNC:21531,0.196825532035931
859,HGNC:11863,33.312322512235305
860,HGNC:15814,26.905760508046303
861,HGNC:12541,0.0
862,HGNC:746,9.23927523222026
863,HGNC:13819,0.0
864,HGNC:3062,0.0
865,HGNC:3061,43.947315497169285
866,HGNC:24337,1.13973711427019
867,HGNC:7179,28.24894135499111
868,HGNC:31736,18.9806761531633
869,HGNC:4311,10.2557270718739
870,HGNC:4312,3.44775071350876
871,HGNC:4313,0.184268796860102
872,HGNC:30029,8.91822364972967
873,HGNC:11047,0.0307572238054395
874,HGNC:11046,0.0
875,HGNC:11045,0.0
876,HGNC:11044,0.0
877,HGNC:11042,0.0
878,HGNC:11041,20.7895989840424
879,HGNC:11040,0.0
880,HGNC:8790,0.0
881,HGNC:8791,7.593868095140048
882,HGNC:8792,0.5371529443164249
883,HGNC:8793,28.8588612423057
884,HGNC:8794,0.127498609852884
885,HGNC:8795,1.00089817788254
886,HGNC:11049,0.0892068946670219
887,HGNC:11048,0.0
888,HGNC:26891,1.29287113200449
889,HGNC:11450,21.269884968936697
890,HGNC:24247,1.57082114311245
891,HGNC:24240,0.0
892,HGNC:8646,46.7454769036666
893,HGNC:17432,0.0
894,HGNC:23,34.0879251273452
895,HGNC:24791,0.0
896,HGNC:2593,0.0
897,HGNC:29,3.31895152562585
898,HGNC:7759,0.0
899,HGNC:7758,5.65553836350538
900,HGNC:11277,13.9018549269969
901,HGNC:26404,14.932182662894899
902,HGNC:6719,0.0
903,HGNC:11278,28.0528410282281
904,HGNC:11279,236.84041951368096
905,HGNC:6710,43.0241507369067
906,HGNC:4138,93.1296884687549
907,HGNC:4139,1.5346770421582498
908,HGNC:12535,0.0
909,HGNC:12530,0.0
910,HGNC:12531,0.0
911,HGNC:4130,0.0328749342969615
912,HGNC:4131,0.0
913,HGNC:4135,6.7702695887631394
914,HGNC:4136,4.1931297160132495
915,HGNC:12539,0.0
916,HGNC:24464,6.322666503800981
917,HGNC:31865,2.17824780177971
918,HGNC:16091,1.86133882141029
919,HGNC:25686,33.3734675517805
920,HGNC:27269,0.0
921,HGNC:16148,5.53037622825393
922,HGNC:10872,20.7465444289788
923,HGNC:19661,0.0
924,HGNC:19660,2.27790619793956
925,HGNC:2288,128.646942823058
926,HGNC:2289,71.86001188789879
927,HGNC:2280,223.17399888516601
928,HGNC:2285,318.703748225648
929,HGNC:2287,0.0
930,HGNC:19685,20.733934517012
931,HGNC:19686,37.023930349358295
932,HGNC:21055,11.675465853232698
933,HGNC:2579,105.05210377360399
934,HGNC:10905,0.0
935,HGNC:10907,0.107774256773916
936,HGNC:10906,0.018573163462295
937,HGNC:11458,0.0
938,HGNC:11459,13.887729361761998
939,HGNC:11454,0.6526779695366
940,HGNC:11455,0.599595849401115
941,HGNC:10909,0.0
942,HGNC:10908,12.073067415029
943,HGNC:11453,8.6306072421221
944,HGNC:2594,0.0349367768661089
945,HGNC:2595,8.63167609284215
946,HGNC:2596,0.0224457898062081
947,HGNC:2597,12.7082068207848
948,HGNC:2590,0.0259955498977825
949,HGNC:2591,0.0
950,HGNC:2592,0.0
951,HGNC:3594,441.796304979674
952,HGNC:16431,0.0
953,HGNC:16437,0.0
954,HGNC:4433,55.846345017430714
955,HGNC:4432,30.8271188352199
956,HGNC:17123,17.277688087334198
957,HGNC:25223,10.8322611803305
958,HGNC:977,14.210538050817098
959,HGNC:976,0.0
960,HGNC:180,4.88214296361792
961,HGNC:186,0.916292228773014
962,HGNC:20837,0.325111612205927
963,HGNC:1122,8.26198048965317
964,HGNC:2622,0.15709038658015398
965,HGNC:2623,0.0
966,HGNC:2620,0.0
967,HGNC:2621,0.0
968,HGNC:20123,0.0
969,HGNC:9238,16.6843399668102
970,HGNC:9587,81.6804263122098
971,HGNC:9588,58.7606034045933
972,HGNC:1912,0.0
973,HGNC:9230,31.648901488772804
974,HGNC:13213,0.0878447868886268
975,HGNC:861,44.49770944367401
976,HGNC:863,154.461313321212
977,HGNC:862,0.0562955050811974
978,HGNC:865,9.516356534246349
979,HGNC:864,110.575484313808
980,HGNC:866,0.0627238469383493
981,HGNC:2754,7.714695494564
982,HGNC:2753,61.0943537047727
983,HGNC:26462,0.5554914992123922
984,HGNC:9059,13.4513180558987
985,HGNC:5215,12.140474899070801
986,HGNC:5212,0.18568249926987496
987,HGNC:5213,43.766645646870096
988,HGNC:5210,0.4530205554475871
989,HGNC:5211,0.0
990,HGNC:9055,0.0246316844091991
991,HGNC:9056,13.613626227021301
992,HGNC:2625,0.211537024484668
993,HGNC:8923,47.9028296034595
994,HGNC:18303,25.1903266098095
995,HGNC:29878,27.7711726313254
996,HGNC:18308,11.9758461574661
997,HGNC:2978,10.1756416536604
998,HGNC:2979,9.038291795446321
999,HGNC:29185,7.49559567585082
1000,HGNC:17934,7.550319133418079
1001,HGNC:2976,25.6022608006199
1002,HGNC:2977,0.17958879170678602
1003,HGNC:79,0.0
1004,HGNC:1047,0.0
1005,HGNC:20305,0.153290711927956
1006,HGNC:1048,0.0
1007,HGNC:4553,0.237322010901142
1008,HGNC:664,3.89933248466738
1009,HGNC:663,0.0
1010,HGNC:11050,0.0
1011,HGNC:11051,0.0
1012,HGNC:11052,15.111664575309801
1013,HGNC:14573,6.0119391334208885
1014,HGNC:11054,0.0
1015,HGNC:11055,3.7205883712055496
1016,HGNC:11056,8.13269254917552
1017,HGNC:11057,33.12972287259
1018,HGNC:11058,0.0
1019,HGNC:11059,19.4530131791056
1020,HGNC:8781,0.907867657678194
1021,HGNC:8780,0.27702867352389
1022,HGNC:8787,0.0
1023,HGNC:8786,1.5133968915096203
1024,HGNC:15517,23.061485308814998
1025,HGNC:15516,3.12748518050443
1026,HGNC:21308,26.768710410675602
1027,HGNC:15683,0.93335086069166
1028,HGNC:15685,14.9530923977245
1029,HGNC:15684,0.6191756686428349
1030,HGNC:8653,8.23969711463645
1031,HGNC:8654,11.6300162439431
1032,HGNC:28906,0.0
1033,HGNC:23764,0.0
1034,HGNC:12437,39.39375940488021
1035,HGNC:23161,33.299196234678604
1036,HGNC:23160,5.729631406041862
1037,HGNC:23162,6.75618273166865
1038,HGNC:318,15.994312408564301
1039,HGNC:6708,102.793145902981
1040,HGNC:12590,161.932219949317
1041,HGNC:23302,0.0
1042,HGNC:24671,16.9016295222586
1043,HGNC:4129,22.854083221939106
1044,HGNC:4128,17.6449534800508
1045,HGNC:4123,19.1571911246717
1046,HGNC:4122,9.055016223078072
1047,HGNC:4127,0.0
1048,HGNC:4126,0.15614679582650198
1049,HGNC:4125,19.1541969143233
1050,HGNC:4124,14.3414187422139
1051,HGNC:7434,155.396505347388
1052,HGNC:7436,4.13490495659542
1053,HGNC:7437,0.193279265565732
1054,HGNC:7432,48.1780848574031
1055,HGNC:2323,4.314881785953101
1056,HGNC:19218,0.0
1057,HGNC:6677,0.0
1058,HGNC:22146,0.0
1059,HGNC:6678,0.0164683211459439
1060,HGNC:23785,10.023981387313599
1061,HGNC:4056,0.0
1062,HGNC:23786,23.4177991903044
1063,HGNC:26309,15.1174120944028
1064,HGNC:10869,0.223988833276137
1065,HGNC:10862,19.9458324111705
1066,HGNC:10863,1.03607826235266
1067,HGNC:10860,0.0148326256813214
1068,HGNC:32393,0.8050448545235122
1069,HGNC:10866,1.20951516885516
1070,HGNC:10867,42.07944737373121
1071,HGNC:10864,8.93186448202691
1072,HGNC:2292,494.42002998463096
1073,HGNC:2291,173.007225503926
1074,HGNC:2297,0.0
1075,HGNC:2296,0.0
1076,HGNC:2295,0.0451007130756709
1077,HGNC:2294,346.371474910217
1078,HGNC:19691,5.08455065914974
1079,HGNC:10916,0.0
1080,HGNC:10917,0.0244387133440156
1081,HGNC:10914,1.01770075306983
1082,HGNC:10915,9.72627616367825
1083,HGNC:10912,0.0
1084,HGNC:10913,0.188272491212481
1085,HGNC:10910,0.029193904302476
1086,HGNC:10911,22.2466858323787
1087,HGNC:2366,2.31163160227903
1088,HGNC:11425,4.66401535059397
1089,HGNC:10918,0.454967665520055
1090,HGNC:10919,0.0
1091,HGNC:5028,0.789572829590379
1092,HGNC:14522,0.19111772559295487
1093,HGNC:17449,0.0617851978204338
1094,HGNC:38,0.0102359610214398
1095,HGNC:1864,10.570781425243899
1096,HGNC:4446,26.7514731250733
1097,HGNC:4686,3.19526968291415
1098,HGNC:4687,3.02502419619622
1099,HGNC:4684,1.02596366320569
1100,HGNC:4685,7.90038668632608
1101,HGNC:5217,0.0
1102,HGNC:4688,0.0168114933470689
1103,HGNC:4689,0.0193728911741686
1104,HGNC:6059,0.0726959966069527
1105,HGNC:6051,8.21893338137752
1106,HGNC:6050,2.86839970932163
1107,HGNC:6053,157.974849118624
1108,HGNC:6052,34.425535364634904
1109,HGNC:20151,0.0
1110,HGNC:10006,0.0
1111,HGNC:2638,0.0918390379116949
1112,HGNC:2634,11.6413027975207
1113,HGNC:2637,0.0
1114,HGNC:2631,0.113928323030282
1115,HGNC:2632,0.0
1116,HGNC:20797,0.127556537435734
1117,HGNC:9599,0.404435742254658
1118,HGNC:9229,3.4796945268253
1119,HGNC:9228,3.38811994279382
1120,HGNC:9226,139.675167757233
1121,HGNC:9225,4.0426577029367
1122,HGNC:20799,5.511191532514959
1123,HGNC:9592,0.0
1124,HGNC:877,7.012170711804121
1125,HGNC:5218,0.0118301002400156
1126,HGNC:28082,9.735376618696133
1127,HGNC:890,4.520344497951903
1128,HGNC:14903,0.0
1129,HGNC:5201,20.548456054069604
1130,HGNC:5200,0.0
1131,HGNC:5209,0.634004112809893
1132,HGNC:5208,0.0
1133,HGNC:9040,0.0
1134,HGNC:29268,0.135681393241857
1135,HGNC:1969,0.124699465245708
1136,HGNC:430,0.0
1137,HGNC:8918,0.406948950185
1138,HGNC:29270,14.954625890945499
1139,HGNC:30224,26.9106398829735
1140,HGNC:30225,0.0
1141,HGNC:15769,1.70444047586333
1142,HGNC:17929,5.17113463612346
1143,HGNC:3046,10.2783375688077
1144,HGNC:20371,2.65175844260226
1145,HGNC:20372,82.1149465409937
1146,HGNC:18799,5.51672097830762
1147,HGNC:1096,18.024707982761488
1148,HGNC:1093,1.20036458435366
1149,HGNC:30042,5.08862889249093
1150,HGNC:30040,0.0258138965516781
1151,HGNC:4335,75.24419747898071
1152,HGNC:4330,1.39698642695562
1153,HGNC:4331,9.84200607267655
1154,HGNC:3133,101.975417235601
1155,HGNC:24269,4.73884882697537
1156,HGNC:17856,12.82400790412
1157,HGNC:24262,10.5143630204172
1158,HGNC:17855,9.773585955740133
1159,HGNC:17852,7.48792124947695
1160,HGNC:6905,10.4504521304687
1161,HGNC:6904,50.846589838526896
1162,HGNC:6903,0.185573402619305
1163,HGNC:4203,3.8561409418598105
1164,HGNC:4204,0.0173111320074024
1165,HGNC:4205,0.0
1166,HGNC:28335,0.0
1167,HGNC:4116,6.11673458422295
1168,HGNC:4117,4.30716860344446
1169,HGNC:4115,9.79701836717958
1170,HGNC:17245,0.05873471525022
1171,HGNC:4118,18.48833593996
1172,HGNC:4119,17.2240453310461
1173,HGNC:12518,32.6207826937241
1174,HGNC:12519,0.4833605834652249
1175,HGNC:12517,0.0
1176,HGNC:7427,0.0
1177,HGNC:74,2.12166024150316
1178,HGNC:7422,0.0
1179,HGNC:7421,0.0
1180,HGNC:28157,1.10494431803716
1181,HGNC:21350,21.845657896028104
1182,HGNC:16526,0.0
1183,HGNC:23408,6.414367672493269
1184,HGNC:10856,0.0
1185,HGNC:4061,13.621849300095901
1186,HGNC:10852,102.634984961391
1187,HGNC:4065,26.8294733660266
1188,HGNC:11504,2.91201381613584
1189,HGNC:11503,3.27155613443877
1190,HGNC:3607,0.0538251416595191
1191,HGNC:3606,69.71902268799501
1192,HGNC:16187,3.95738399774288
1193,HGNC:4638,0.0732651197536668
1194,HGNC:6115,30.1866068260737
1195,HGNC:7876,0.0548022523708865
1196,HGNC:10923,7.77983216332333
1197,HGNC:10922,2.05263330519219
1198,HGNC:10921,1.05478955859009
1199,HGNC:10920,0.0
1200,HGNC:10924,4.00790285587803
1201,HGNC:10929,0.0
1202,HGNC:10928,5.80421313184792
1203,HGNC:17325,0.0
1204,HGNC:17450,0.0853176475575521
1205,HGNC:9453,1.4865395435733602
1206,HGNC:4456,12.9818803907147
1207,HGNC:4455,0.0816851727948942
1208,HGNC:4458,52.861745915263604
1209,HGNC:16985,4.52575435766479
1210,HGNC:4691,0.0
1211,HGNC:4922,55.6173515505531
1212,HGNC:4693,79.9583526153983
1213,HGNC:4925,0.11299380422433
1214,HGNC:4696,11.206246550519399
1215,HGNC:4699,40.2661039959718
1216,HGNC:118,36.771231690507996
1217,HGNC:24861,20.1249000437503
1218,HGNC:24860,0.312704670702366
1219,HGNC:24862,22.187813715893398
1220,HGNC:24865,4.65156047609819
1221,HGNC:24864,0.0
1222,HGNC:2648,0.0210080768404708
1223,HGNC:2649,44.9026528687207
1224,HGNC:2640,0.0
1225,HGNC:2642,0.0184511000851769
1226,HGNC:2644,1.51742891502386
1227,HGNC:2645,0.0
1228,HGNC:2646,0.0
1229,HGNC:22946,5.09116525199147
1230,HGNC:4803,34.6216025386359
1231,HGNC:21497,19.3228486119934
1232,HGNC:3423,0.0
1233,HGNC:4855,0.0181317449558287
1234,HGNC:14177,28.0608771155666
1235,HGNC:10297,7.080031174450589
1236,HGNC:14178,0.0
1237,HGNC:14914,0.422205259696406
1238,HGNC:10452,38.323375468120005
1239,HGNC:10451,40.1984165637896
1240,HGNC:20567,6.39246595002509
1241,HGNC:3555,0.0
1242,HGNC:3554,1.16392135471981
1243,HGNC:8909,31.26677763375189
1244,HGNC:8905,8.49875389142536
1245,HGNC:8907,15.7346433291059
1246,HGNC:8906,17.2926918885249
1247,HGNC:8903,31.2248287940483
1248,HGNC:2911,38.125105555359795
1249,HGNC:11180,13.1768201487103
1250,HGNC:11181,0.0
1251,HGNC:11184,42.1655921125451
1252,HGNC:30211,5.605564584257491
1253,HGNC:714,1.25129141305731
1254,HGNC:713,1.91804535015632
1255,HGNC:1795,0.0434869793829076
1256,HGNC:13886,0.0
1257,HGNC:1063,162.10472640113701
1258,HGNC:1062,83.44903375271991
1259,HGNC:14572,0.73276046691736
1260,HGNC:8788,6.66341627126704
1261,HGNC:1667,0.0
1262,HGNC:1664,19.5506641535923
1263,HGNC:1663,0.0
1264,HGNC:30450,7.10480399443923
1265,HGNC:4323,201.644659925585
1266,HGNC:18049,0.0
1267,HGNC:8783,0.6792385618452861
1268,HGNC:8782,0.120058394922654
1269,HGNC:3148,1.1362532217115902
1270,HGNC:2600,0.0141308606249271
1271,HGNC:7632,7.49310979979576
1272,HGNC:7631,9.381002789199787
1273,HGNC:29609,8.52623721137182
1274,HGNC:8785,0.0870818669032417
1275,HGNC:8784,5.48510785428062
1276,HGNC:29037,0.13261782659237198
1277,HGNC:4212,0.0
1278,HGNC:441,0.0
1279,HGNC:6936,17.973898270182396
1280,HGNC:6937,40.1380830073101
1281,HGNC:23091,0.10348394356655
1282,HGNC:23090,9.135259395775073
1283,HGNC:6938,0.0199369364363053
1284,HGNC:8124,28.5062357609911
1285,HGNC:23097,2.13647272767663
1286,HGNC:23096,8.05942103518141
1287,HGNC:7706,9.868856033921801
1288,HGNC:7707,49.0844305264793
1289,HGNC:7704,109.516312235194
1290,HGNC:7705,41.9775352547606
1291,HGNC:7702,59.3898332280109
1292,HGNC:7703,13.1986152032036
1293,HGNC:7700,49.4180708771111
1294,HGNC:7701,27.9610670851758
1295,HGNC:33,22.4164157638522
1296,HGNC:7708,26.724406259067504
1297,HGNC:34,0.0
1298,HGNC:640,0.0299564595493013
1299,HGNC:643,0.0
1300,HGNC:642,0.0536605387798263
1301,HGNC:12563,12.0834996428272
1302,HGNC:12562,14.151723749231902
1303,HGNC:7413,0.664160541041364
1304,HGNC:7419,0.0
1305,HGNC:846,131.08638323455298
1306,HGNC:845,218.23723867562802
1307,HGNC:6617,21.453024366159397
1308,HGNC:6619,0.0
1309,HGNC:8898,0.0415313519076999
1310,HGNC:29500,5.8687188845432186
1311,HGNC:3631,184.994560829957
1312,HGNC:26210,1.85365791843335
1313,HGNC:2342,3.8759831883520097
1314,HGNC:19980,60.7533472662026
1315,HGNC:10938,20.7513981238487
1316,HGNC:10939,0.525612081378005
1317,HGNC:19237,31.9530498442365
1318,HGNC:10934,0.0
1319,HGNC:10935,0.0
1320,HGNC:10936,0.0
1321,HGNC:10937,7.856290572556452
1322,HGNC:10930,0.0
1323,HGNC:10931,0.0
1324,HGNC:10932,0.0
1325,HGNC:10933,7.12975137565353
1326,HGNC:9115,28.7175923938588
1327,HGNC:9114,10.9959352529436
1328,HGNC:16448,0.7617300667722321
1329,HGNC:3700,55.338357532805006
1330,HGNC:1884,0.0112282810308771
1331,HGNC:941,21.294184935302
1332,HGNC:17269,0.0
1333,HGNC:15722,0.0
1334,HGNC:9206,0.0
1335,HGNC:21481,0.0396318377888271
1336,HGNC:2653,0.0
1337,HGNC:2652,0.0
1338,HGNC:2651,0.0
1339,HGNC:9208,17.9677601853435
1340,HGNC:22932,13.422062852216802
1341,HGNC:20779,0.11354216994987194
1342,HGNC:9689,5.22059390509186
1343,HGNC:2014,0.0
1344,HGNC:4866,0.0
1345,HGNC:9061,10.151574301997801
1346,HGNC:18481,6.77834347452812
1347,HGNC:9063,0.3896407253996211
1348,HGNC:9062,0.230691815033732
1349,HGNC:9065,63.3879798277969
1350,HGNC:9067,1.7765614494078
1351,HGNC:9066,1.2257361157623898
1352,HGNC:9068,6.979186871240191
1353,HGNC:3569,18.4591307842448
1354,HGNC:8978,0.0
1355,HGNC:8979,10.0970666933834
1356,HGNC:8971,25.634809284271693
1357,HGNC:8972,9.36336526572995
1358,HGNC:8973,0.6777355193628279
1359,HGNC:8974,3.73681900881339
1360,HGNC:13398,31.9506040890905
1361,HGNC:8976,10.7740292491623
1362,HGNC:8977,0.30789397719324
1363,HGNC:88,0.965673615330378
1364,HGNC:89,10.8975514790888
1365,HGNC:82,17.0164382975754
1366,HGNC:83,38.7594455456286
1367,HGNC:80,0.0
1368,HGNC:87,5.9792749328608
1369,HGNC:84,41.528736983815605
1370,HGNC:85,2.06846604168302
1371,HGNC:7687,103.951884081045
1372,HGNC:20197,4.63875852268514
1373,HGNC:8806,27.679768623554395
1374,HGNC:8807,0.0
1375,HGNC:7683,192.511488965245
1376,HGNC:8808,33.960521801246
1377,HGNC:7682,0.290986641457666
1378,HGNC:7681,5.688951498152782
1379,HGNC:8754,26.292782654036397
1380,HGNC:8755,0.0
1381,HGNC:8756,32.1953197461316
1382,HGNC:18068,0.0663402502117324
1383,HGNC:17877,4.67796142566814
1384,HGNC:18062,23.54323213209489
1385,HGNC:1380,0.0
1386,HGNC:23287,13.005904909766299
1387,HGNC:4260,0.0808927983757351
1388,HGNC:451,4.05070408733304
1389,HGNC:457,33.4635192655415
1390,HGNC:23089,0.0
1391,HGNC:23087,7.49331840803542
1392,HGNC:7711,44.33471816146971
1393,HGNC:7710,26.918976724703
1394,HGNC:7713,61.990847821938296
1395,HGNC:7712,195.19880865452305
1396,HGNC:7715,48.8117879375629
1397,HGNC:14430,0.716625801226913
1398,HGNC:7717,82.7161626424925
1399,HGNC:7716,71.2126268367722
1400,HGNC:7719,18.4759930169467
1401,HGNC:8598,5.17835647791753
1402,HGNC:23155,0.0576729537584329
1403,HGNC:23157,5.6633437688909805
1404,HGNC:22204,3.7049732330951697
1405,HGNC:8574,17.9783259766887
1406,HGNC:8575,21.5424132777382
1407,HGNC:8576,42.5001920487935
1408,HGNC:8579,7.50292004881588
1409,HGNC:12576,0.987635807561156
1410,HGNC:28777,68.5586207929197
1411,HGNC:19080,0.801907221741578
1412,HGNC:16058,8.600540564334839
1413,HGNC:25313,0.0
1414,HGNC:6622,0.0
1415,HGNC:6623,0.0
1416,HGNC:4008,21.000753753209697
1417,HGNC:4006,6.89053313695154
1418,HGNC:321,5.7998833671175305
1419,HGNC:326,18.808725179480103
1420,HGNC:3974,0.58320941064028
1421,HGNC:324,1.31561358433014
1422,HGNC:3976,483.948724614552
1423,HGNC:3978,0.0184672824216838
1424,HGNC:3629,57.4696011992566
1425,HGNC:8789,0.205829867225844
1426,HGNC:21016,0.0
1427,HGNC:8774,0.420353572815207
1428,HGNC:30311,0.3967913709272079
1429,HGNC:2330,12.1592630291115
1430,HGNC:9919,0.0
1431,HGNC:16297,0.0
1432,HGNC:10940,1.80847652085558
1433,HGNC:10943,127.536442110932
1434,HGNC:10942,8.24279077018504
1435,HGNC:10945,0.0130170594814564
1436,HGNC:10944,0.0
1437,HGNC:10947,5.413476483492429
1438,HGNC:10946,26.4805556572474
1439,HGNC:19954,5.1723316793448495
1440,HGNC:16270,0.0
1441,HGNC:19953,0.574882972423039
1442,HGNC:15654,0.0535581722426653
1443,HGNC:4908,12.6331132896753
1444,HGNC:4678,0.0308518614171485
1445,HGNC:24474,5.46037728088409
1446,HGNC:4907,7.64764512097429
1447,HGNC:24475,0.171692721927624
1448,HGNC:11708,2.06071593435152
1449,HGNC:2244,6.044342046340599
1450,HGNC:5147,0.0361421136580911
1451,HGNC:1027,11.6060370511379
1452,HGNC:120,0.182385408550921
1453,HGNC:22923,24.6089353174519
1454,HGNC:122,39.085073846313
1455,HGNC:22921,0.8915904904955759
1456,HGNC:124,0.0328134570939752
1457,HGNC:125,0.6618039418712579
1458,HGNC:33128,1.7889885656078002
1459,HGNC:16872,42.1816025841371
1460,HGNC:12388,32.158151449727804
1461,HGNC:4879,28.138556042413
1462,HGNC:4878,17.7478708847588
1463,HGNC:7530,40.3812529317944
1464,HGNC:6315,3.5506862860383
1465,HGNC:14118,0.0
1466,HGNC:18871,1.48808448178119
1467,HGNC:7684,13.0968381482389
1468,HGNC:3579,6.715121024783679
1469,HGNC:3575,2.9295854493501
1470,HGNC:3574,38.20918120259079
1471,HGNC:3571,0.6972751996949731
1472,HGNC:3570,47.3177425105705
1473,HGNC:20989,1.35902511768964
1474,HGNC:8962,12.6375541780217
1475,HGNC:8960,13.2590026607515
1476,HGNC:8967,8.45135323753755
1477,HGNC:8966,4.86283033698345
1478,HGNC:8965,5.05688080622628
1479,HGNC:8964,10.7084937773014
1480,HGNC:6821,8.97664710562176
1481,HGNC:6822,47.46937942359
1482,HGNC:6823,14.687097698965099
1483,HGNC:6824,19.2630291347819
1484,HGNC:6825,11.8754466569217
1485,HGNC:6826,13.8895577710671
1486,HGNC:6827,18.3157217279805
1487,HGNC:10545,74.41278316245659
1488,HGNC:10547,4.66523697208687
1489,HGNC:5322,2.40465290265982
1490,HGNC:10540,25.5038679575918
1491,HGNC:14601,20.3566360528859
1492,HGNC:14937,16.194542472372902
1493,HGNC:14938,29.861289723536306
1494,HGNC:8819,27.2917857646202
1495,HGNC:8818,0.0384100609580515
1496,HGNC:18057,0.0
1497,HGNC:30650,0.0110776491041687
1498,HGNC:6179,6.474341995896009
1499,HGNC:6176,17.199038749651898
1500,HGNC:17804,0.0581989923084684
1501,HGNC:1421,5.92986046055408
1502,HGNC:3368,23.0766141353129
1503,HGNC:1424,16.964400359574302
1504,HGNC:3364,2.7747509021164705
1505,HGNC:3365,2.16110797987039
1506,HGNC:3367,6.9828434519171605
1507,HGNC:3363,0.0102210550056812
1508,HGNC:29831,13.631294426073199
1509,HGNC:29832,18.006963102710603
1510,HGNC:735,25.307484026078896
1511,HGNC:4057,147.366692726537
1512,HGNC:469,11.315585760582
1513,HGNC:468,0.758473650384179
1514,HGNC:8109,44.7970590555962
1515,HGNC:8108,28.9658214024011
1516,HGNC:18120,0.0
1517,HGNC:18125,1.87971864091596
1518,HGNC:15463,6.331786788470111
1519,HGNC:26777,7.76628165119146
1520,HGNC:14423,0.0
1521,HGNC:10984,8.51018782367983
1522,HGNC:1516,27.057309965299506
1523,HGNC:8587,70.1114020892894
1524,HGNC:30092,9.903561324414973
1525,HGNC:9060,2.22497934283614
1526,HGNC:12547,0.371901653161918
1527,HGNC:12546,1.45482709453326
1528,HGNC:12545,2.26280138324778
1529,HGNC:12544,0.408812433776558
1530,HGNC:13818,1.95367625105918
1531,HGNC:12540,0.0
1532,HGNC:13817,2.09561702551142
1533,HGNC:13815,0.157137279232865
1534,HGNC:13812,10.3227142125219
1535,HGNC:13811,3.99147172107256
1536,HGNC:24436,0.206536492566982
1537,HGNC:24437,7.611218019261321
1538,HGNC:16049,85.54431759935309
1539,HGNC:19721,39.20134585021079
1540,HGNC:11559,74.3884932727133
1541,HGNC:23987,62.8441304046908
1542,HGNC:4019,40.7000029618124
1543,HGNC:13709,17.2493011415776
1544,HGNC:25846,10.134631975556099
1545,HGNC:4012,6.46012914106904
1546,HGNC:4014,0.135498040007747
1547,HGNC:24723,13.228237666521899
1548,HGNC:45,0.340417915328105
1549,HGNC:7688,8.37180000934457
1550,HGNC:4707,0.0
1551,HGNC:4706,20.6994415977119
1552,HGNC:2321,10.3466341761833
1553,HGNC:4700,3.47321986263156
1554,HGNC:2329,0.0666974831080261
1555,HGNC:2328,40.4108761637981
1556,HGNC:10959,0.025184063410122994
1557,HGNC:10952,0.35408096443358794
1558,HGNC:10953,8.67236266582723
1559,HGNC:10956,0.0079156405462967
1560,HGNC:27168,0.0
1561,HGNC:10955,0.7145997222970151
1562,HGNC:3769,0.0
1563,HGNC:16266,0.0
1564,HGNC:4643,35.053232788996
1565,HGNC:13557,0.0
1566,HGNC:7898,0.133437233315614
1567,HGNC:8878,44.5418638384875
1568,HGNC:26160,5.566633271214808
1569,HGNC:7892,28.916474308705894
1570,HGNC:17027,0.733342610867677
1571,HGNC:21359,0.0757969597451543
1572,HGNC:986,18.244412563396
1573,HGNC:987,4.06530622727984
1574,HGNC:5157,15.02965326599
1575,HGNC:115,272.117383052106
1576,HGNC:117,7.27493303398917
1577,HGNC:119,23.4255390359346
1578,HGNC:13528,0.999390801108617
1579,HGNC:4800,112.825545537666
1580,HGNC:4801,67.81651058074921
1581,HGNC:251,0.0
1582,HGNC:4805,20.8023212643567
1583,HGNC:4806,0.3587425746180061
1584,HGNC:4809,0.0
1585,HGNC:12390,44.916495658981
1586,HGNC:9465,19.536576850345305
1587,HGNC:10606,10.839943088596199
1588,HGNC:9463,0.0
1589,HGNC:7694,126.906611060209
1590,HGNC:2073,4.620817682918823
1591,HGNC:11609,0.102764252890209
1592,HGNC:14129,2.14523510455445
1593,HGNC:9083,9.90223499633369
1594,HGNC:9082,11.821459168556302
1595,HGNC:9081,15.5555338149373
1596,HGNC:14120,0.0
1597,HGNC:21597,4.16867755110037
1598,HGNC:8956,5.509890463945991
1599,HGNC:8957,6.097411800348611
1600,HGNC:21755,0.0
1601,HGNC:8975,11.4488354699455
1602,HGNC:2671,0.0270161604018525
1603,HGNC:12553,0.0
1604,HGNC:23198,5.4068394148530805
1605,HGNC:6833,4.41417631033696
1606,HGNC:6831,14.838897404653899
1607,HGNC:15894,10.350793642309801
1608,HGNC:6834,0.0
1609,HGNC:18606,0.885045860006741
1610,HGNC:14639,3.31574838513598
1611,HGNC:18590,0.5814114042744599
1612,HGNC:18596,0.221646267549514
1613,HGNC:18264,1.4730811608743402
1614,HGNC:18265,0.0
1615,HGNC:18266,0.118460733711414
1616,HGNC:8778,0.0
1617,HGNC:8779,5.21552923826958
1618,HGNC:18044,0.053763297375727985
1619,HGNC:29489,32.40230483442249
1620,HGNC:6469,32.0968887441985
1621,HGNC:8772,0.31078343270944897
1622,HGNC:8773,0.228718483825704
1623,HGNC:30862,34.0687746076107
1624,HGNC:30863,91.13639862625669
1625,HGNC:8776,0.0480410573059636
1626,HGNC:8777,0.044839002166107
1627,HGNC:30866,13.319098772488502
1628,HGNC:8775,0.0
1629,HGNC:18281,4.45145035860258
1630,HGNC:17818,0.0
1631,HGNC:17819,0.06340378023849401
1632,HGNC:7103,0.12544769387669902
1633,HGNC:28577,0.295735890691065
1634,HGNC:20244,0.0487416560583423
1635,HGNC:30262,12.256609691974196
1636,HGNC:30260,31.2351724226343
1637,HGNC:29821,13.9123854755229
1638,HGNC:29799,11.2970228765922
1639,HGNC:4248,9.314491270344869
1640,HGNC:4249,28.6784774016653
1641,HGNC:4242,0.9557314426052892
1642,HGNC:4241,18.6055016383198
1643,HGNC:15472,0.0180478232769382
1644,HGNC:14412,0.0206739277537593
1645,HGNC:14411,0.693522017794908
1646,HGNC:11177,8.012417583639781
1647,HGNC:14416,0.534207593038153
1648,HGNC:14415,2.38547399062004
1649,HGNC:11179,308.31799714517103
1650,HGNC:14418,57.6909079366466
1651,HGNC:42,0.0
1652,HGNC:40,0.014882948414761003
1653,HGNC:28750,0.6819096364581401
1654,HGNC:1564,1.26984840783576
1655,HGNC:2422,73.94876224729609
1656,HGNC:12805,0.0491082628819401
1657,HGNC:12554,0.0743910807885669
1658,HGNC:12555,2.60411161552721
1659,HGNC:478,0.7488633272220021
1660,HGNC:6544,0.0546635395046829
1661,HGNC:6541,0.0
1662,HGNC:473,0.714078691554179
1663,HGNC:470,0.258134444694268
1664,HGNC:7468,20.2926919564763
1665,HGNC:476,0.0
1666,HGNC:477,0.0793532896823209
1667,HGNC:474,0.0
1668,HGNC:475,0.0
1669,HGNC:7462,0.0
1670,HGNC:7461,0.0
1671,HGNC:7460,0.0
1672,HGNC:1368,0.0
1673,HGNC:11011,0.0
1674,HGNC:13446,0.0
1675,HGNC:18067,0.0
1676,HGNC:18301,0.0
1677,HGNC:11039,0.0
1678,HGNC:45241,0.0
1679,HGNC:24515,0.0
1680,HGNC:21606,0.0
1681,HGNC:693,0.0
1682,HGNC:17146,0.0
1683,HGNC:24261,0.0
1684,HGNC:13824,0.0
1685,HGNC:3434,0.0
1686,HGNC:14280,0.0
1687,HGNC:29683,0.0
1688,HGNC:1334,0.0
