,HGNC_ID,MCF7_FPKM
0,HGNC:13734,0.0
1,HGNC:4020,1.9736816244885305
2,HGNC:4021,8.63447662243567
3,HGNC:344,39.3513855009019
4,HGNC:341,0.0
5,HGNC:3999,626.3345710548709
6,HGNC:343,138.551840935618
7,HGNC:964,0.0544479740430428
8,HGNC:12705,0.0
9,HGNC:12706,0.0
10,HGNC:10967,0.0
11,HGNC:10966,0.0
12,HGNC:10963,0.164286620525466
13,HGNC:10962,0.0
14,HGNC:10961,0.0
15,HGNC:10969,21.0497297072156
16,HGNC:10968,1.9914758990894696
17,HGNC:292,14.075914082644
18,HGNC:291,51.102958625906
19,HGNC:3773,3.91339862233596
20,HGNC:3772,1.12233081979046
21,HGNC:3771,0.0
22,HGNC:3770,0.0
23,HGNC:16496,0.0
24,HGNC:16253,0.106877704526431
25,HGNC:19977,3.40301224625208
26,HGNC:13542,0.0
27,HGNC:16704,0.0828551428779623
28,HGNC:19979,0.521883831202565
29,HGNC:19978,8.055412464063
30,HGNC:16703,0.0
31,HGNC:12019,0.0
32,HGNC:12015,0.0
33,HGNC:2269,257.118212283561
34,HGNC:2267,102.476539026772
35,HGNC:2265,128.349752551237
36,HGNC:17038,3.01544636376545
37,HGNC:9251,44.06310934183021
38,HGNC:108,0.0597291938429259
39,HGNC:24887,2.91434611012808
40,HGNC:7861,0.0
41,HGNC:4810,0.0
42,HGNC:4819,0.0
43,HGNC:4818,0.0
44,HGNC:16815,0.14410045960494194
45,HGNC:3151,104.376766240513
46,HGNC:1373,12.1543173173226
47,HGNC:21298,13.0112849041811
48,HGNC:20800,6.246918645097799
49,HGNC:14135,6.04717535249804
50,HGNC:1372,0.0599521919819144
51,HGNC:17729,6.89568592178913
52,HGNC:9326,0.647619832679371
53,HGNC:9325,78.627253201381
54,HGNC:8940,12.1243017057901
55,HGNC:3518,5.03774297627713
56,HGNC:18859,1.27556941465439
57,HGNC:18857,0.0417507064962052
58,HGNC:3512,3.25886424479746
59,HGNC:3516,2.47631711128145
60,HGNC:3515,0.0520063608572561
61,HGNC:1375,9.375158644357448
62,HGNC:2689,0.0
63,HGNC:1374,0.0
64,HGNC:91,8.76687533311159
65,HGNC:90,4.36383174364809
66,HGNC:93,12.5271135979846
67,HGNC:92,69.702450675868
68,HGNC:95,38.819390488925706
69,HGNC:94,9.78532183504809
70,HGNC:1991,19.7585648027309
71,HGNC:24157,7.927885981712401
72,HGNC:30412,29.810158297172
73,HGNC:1995,23.6571140242536
74,HGNC:1994,0.0
75,HGNC:1996,0.190237119514908
76,HGNC:8830,32.3700097834502
77,HGNC:2860,54.79290655552629
78,HGNC:2861,29.2318898559721
79,HGNC:18704,30.935644799162503
80,HGNC:550,0.0251268093982939
81,HGNC:553,0.0622030788084106
82,HGNC:30324,10.2564535722115
83,HGNC:14247,94.3968166287314
84,HGNC:3014,10.326256515216599
85,HGNC:14240,0.257524760130322
86,HGNC:17996,0.308237035778554
87,HGNC:17827,0.0
88,HGNC:17822,23.6397874034825
89,HGNC:17820,19.5096759328062
90,HGNC:29567,0.0
91,HGNC:30259,0.104116475052881
92,HGNC:18070,0.0
93,HGNC:30521,6.74935931353442
94,HGNC:4259,1.9991986406868896
95,HGNC:15917,4.47293597018343
96,HGNC:6970,101.217193390959
97,HGNC:6971,174.84108122740295
98,HGNC:4251,0.0
99,HGNC:4250,0.870612508030229
100,HGNC:15919,6.71828066286884
101,HGNC:30748,0.0
102,HGNC:15449,0.0
103,HGNC:18149,26.1249026525882
104,HGNC:28697,12.670219560832601
105,HGNC:14409,8.818313584067921
106,HGNC:14404,0.341259861599062
107,HGNC:8052,72.647616370058
108,HGNC:8548,430.90842633738487
109,HGNC:8016,14.4510546224519
110,HGNC:8547,26.400731255401396
111,HGNC:8546,58.9759896840059
112,HGNC:8056,5.11505459559332
113,HGNC:7456,0.0
114,HGNC:7455,0.0
115,HGNC:7450,4.8981739575981385
116,HGNC:7451,12.2442198339575
117,HGNC:7458,0.0
118,HGNC:7459,0.0
119,HGNC:407,14.517550223029001
120,HGNC:406,7.28684489252394
121,HGNC:405,0.0
122,HGNC:404,0.5066833312646261
123,HGNC:403,36.8772786621115
124,HGNC:402,0.0
125,HGNC:7692,35.6589664024528
126,HGNC:8494,0.0407721743127004
127,HGNC:1378,3.82414876312224
128,HGNC:7698,40.11395000760072
129,HGNC:7699,61.8900697259452
130,HGNC:409,0.179187581528778
131,HGNC:408,15.4849090341341
132,HGNC:13724,33.7704818597976
133,HGNC:13726,30.8808302184554
134,HGNC:11573,0.0
135,HGNC:11377,0.0
136,HGNC:9462,10.4086292865076
137,HGNC:19419,0.0968843746044366
138,HGNC:7526,8.86369862567403
139,HGNC:7529,18.3993864319512
140,HGNC:19366,4.9383405677759695
141,HGNC:19365,64.2840077879274
142,HGNC:397,0.0
143,HGNC:396,11.237955255911698
144,HGNC:395,6.49402957378757
145,HGNC:10970,0.0
146,HGNC:10971,0.0
147,HGNC:10972,0.0
148,HGNC:10973,3.9491616193522
149,HGNC:10974,0.3536696865413401
150,HGNC:10975,2.53949113913801
151,HGNC:10976,0.0
152,HGNC:10977,1.77137222213265
153,HGNC:10978,0.0
154,HGNC:10979,56.1271290161249
155,HGNC:16065,12.070256140489304
156,HGNC:19708,9.42010390298066
157,HGNC:11284,11.282954846678699
158,HGNC:16484,0.0
159,HGNC:13531,1.7141712988432398
160,HGNC:4623,40.7928184515929
161,HGNC:4624,25.597523199540202
162,HGNC:240,16.2907182717819
163,HGNC:4626,0.0489113243863697
164,HGNC:249,0.0
165,HGNC:7714,7.05628153465628
166,HGNC:2277,341.049258922236
167,HGNC:12008,0.0
168,HGNC:12009,388.151099456908
169,HGNC:2279,0.0
170,HGNC:20886,11.612128007188801
171,HGNC:20885,0.252961580040482
172,HGNC:20880,11.9429516997861
173,HGNC:20739,7.8627206918501615
174,HGNC:7852,31.037144146408
175,HGNC:7850,0.9229456821910308
176,HGNC:7851,41.185416466275896
177,HGNC:17287,16.5315297428836
178,HGNC:179,4.10812345261494
179,HGNC:177,0.868283081685528
180,HGNC:13448,87.78749611632108
181,HGNC:13445,0.0
182,HGNC:13444,21.245046635023
183,HGNC:13447,93.7408103991557
184,HGNC:4820,0.0834513421870981
185,HGNC:21285,0.0533532626889656
186,HGNC:27960,0.0
187,HGNC:7218,0.0
188,HGNC:14897,11.9948484689984
189,HGNC:7216,22.3881860116052
190,HGNC:2698,4.15475047263645
191,HGNC:2690,69.9602371273705
192,HGNC:19975,1.9057193934858
193,HGNC:26965,8.15205400564591
194,HGNC:9755,21.4932851975316
195,HGNC:9752,1.6865186645684298
196,HGNC:20461,1.68320431079724
197,HGNC:20460,0.0
198,HGNC:10571,131.959872900634
199,HGNC:21065,0.7511049742313969
200,HGNC:5198,0.410932150553201
201,HGNC:30404,3.06990488942685
202,HGNC:24141,0.0417841338032478
203,HGNC:5195,0.0
204,HGNC:5194,0.0531179471961898
205,HGNC:5196,0.0413046166365307
206,HGNC:5193,6.93929498887375
207,HGNC:19877,12.174109115438302
208,HGNC:13265,2.95144906011465
209,HGNC:8840,8.17905644875335
210,HGNC:18449,26.611762301816697
211,HGNC:3354,1.3129152986228
212,HGNC:3357,0.151842837126146
213,HGNC:3356,8.39281225896503
214,HGNC:20263,4.14742117511972
215,HGNC:3350,275.602209774977
216,HGNC:3353,14.0222985268783
217,HGNC:3358,0.0
218,HGNC:17836,1.67509075635631
219,HGNC:29570,6.53989763411736
220,HGNC:7064,21.5904509878268
221,HGNC:7063,14.7097691553347
222,HGNC:7061,27.6673342092078
223,HGNC:1769,31.709397338890003
224,HGNC:30242,19.160822432926306
225,HGNC:29594,73.5576327385823
226,HGNC:18155,4.66280869151135
227,HGNC:14471,7.38466475858199
228,HGNC:14472,0.595637806676308
229,HGNC:1548,13.1556406700813
230,HGNC:1549,7.039799881329559
231,HGNC:549,0.744149552934239
232,HGNC:30596,0.8888062286308029
233,HGNC:8022,9.70602924209632
234,HGNC:8021,0.0
235,HGNC:11025,0.0178026208835942
236,HGNC:11024,11.808659289909198
237,HGNC:11027,0.0
238,HGNC:11026,490.642620206265
239,HGNC:11021,14.2367123708335
240,HGNC:11020,0.0245476872625854
241,HGNC:11023,8.30211254895781
242,HGNC:11022,10.352626716184599
243,HGNC:7449,12.6237386898556
244,HGNC:11029,1.5200499937938798
245,HGNC:11028,51.30076396965161
246,HGNC:414,268.689686517089
247,HGNC:7686,89.6598686144103
248,HGNC:7685,62.247980901522
249,HGNC:417,0.0
250,HGNC:410,0.191453131339944
251,HGNC:411,68.4150232500841
252,HGNC:412,23.5532192594474
253,HGNC:7680,21.2422650998269
254,HGNC:418,27.121521936511307
255,HGNC:1381,0.0
256,HGNC:1382,9.12653990526653
257,HGNC:1383,1.74632942229945
258,HGNC:3825,2.63036899758652
259,HGNC:3824,17.764715337912897
260,HGNC:4289,5.24933235892396
261,HGNC:365,0.0186353805107147
262,HGNC:362,29.8064305604515
263,HGNC:363,30.0867454600386
264,HGNC:361,8.797865115594869
265,HGNC:380,46.45880901713839
266,HGNC:381,0.0746614923036574
267,HGNC:384,1.83956232359029
268,HGNC:6178,2.20156510729043
269,HGNC:387,0.0
270,HGNC:388,0.0625759989451517
271,HGNC:389,18.793315053838306
272,HGNC:10989,169.690460673629
273,HGNC:10988,2.00493212140824
274,HGNC:10985,18.5858653638914
275,HGNC:19288,0.0
276,HGNC:10986,8.46879034159022
277,HGNC:10981,21.1760786250261
278,HGNC:10980,18.9061215751288
279,HGNC:10983,14.0890655338744
280,HGNC:10982,5.419856462513231
281,HGNC:7863,23.261846376342106
282,HGNC:11296,26.9756135845474
283,HGNC:4632,0.0880816592746945
284,HGNC:13527,26.701033224317303
285,HGNC:252,0.0
286,HGNC:253,38.1495673914112
287,HGNC:250,0.0
288,HGNC:16232,0.0
289,HGNC:256,0.0
290,HGNC:257,25.4629667540407
291,HGNC:255,0.0
292,HGNC:2205,7.79857903494297
293,HGNC:6257,4.65001564366533
294,HGNC:6685,0.229537070900768
295,HGNC:20728,5.432784240063549
296,HGNC:21385,7.08139191455071
297,HGNC:7849,75.8563595258377
298,HGNC:16832,97.98895924904949
299,HGNC:17296,21.5377442646289
300,HGNC:2519,18.947197288721
301,HGNC:20091,4.67862584349804
302,HGNC:20093,3.01376610896573
303,HGNC:21705,51.334988176151704
304,HGNC:16906,50.9964787749325
305,HGNC:10761,47.9980749865133
306,HGNC:4336,15.3771338701227
307,HGNC:15938,24.692607811243
308,HGNC:18540,0.323348098638516
309,HGNC:24174,0.0
310,HGNC:1973,0.300278383891004
311,HGNC:1972,0.0
312,HGNC:1971,3.2781459639570296
313,HGNC:1970,0.0
314,HGNC:18431,1.91517002276171
315,HGNC:808,0.0
316,HGNC:13273,0.0493118580663841
317,HGNC:801,1.39031706388448
318,HGNC:800,0.0
319,HGNC:806,29.8522863242587
320,HGNC:805,0.0313255600961924
321,HGNC:804,51.619055304399204
322,HGNC:2849,0.19095639634195605
323,HGNC:18761,3.97003588493044
324,HGNC:18762,0.0
325,HGNC:2843,6.56404494845871
326,HGNC:26820,0.280044984163891
327,HGNC:7056,28.3728619150632
328,HGNC:33238,11.933939492202402
329,HGNC:30502,0.0
330,HGNC:8149,5.52957083224471
331,HGNC:18161,0.0413046166365307
332,HGNC:24381,0.0
333,HGNC:8636,9.67226341252573
334,HGNC:325,14.8339073468429
335,HGNC:24382,0.589699244296684
336,HGNC:18168,0.351892624773514
337,HGNC:18360,8.60925479301128
338,HGNC:24380,0.0
339,HGNC:1550,89.5991316759098
340,HGNC:14468,0.0
341,HGNC:14469,0.0
342,HGNC:59,1.07542158062737
343,HGNC:55,3.731173141153661
344,HGNC:54,4.07695310599086
345,HGNC:56,3.8434837246837903
346,HGNC:51,13.3305215376424
347,HGNC:14467,0.0352088939924146
348,HGNC:53,0.35129776798430395
349,HGNC:12582,34.2526856856671
350,HGNC:8527,14.5320749186103
351,HGNC:12586,70.21053064759771
352,HGNC:12585,75.7167265306876
353,HGNC:11036,0.0
354,HGNC:11037,0.0
355,HGNC:11034,1.14269798228443
356,HGNC:11035,0.0
357,HGNC:11033,8.70916733514319
358,HGNC:11030,0.0124406157616821
359,HGNC:17720,15.934179852315301
360,HGNC:11038,10.767249653478
361,HGNC:429,0.0797987509484044
362,HGNC:850,20.4264209201864
363,HGNC:12457,24.0420914073549
364,HGNC:4298,36.5833940913505
365,HGNC:27015,0.048980181248481
366,HGNC:4296,28.10561882622149
367,HGNC:4291,0.0
368,HGNC:3513,16.486149094890898
369,HGNC:19342,0.6163982258298011
370,HGNC:19343,0.0
371,HGNC:21727,1.7060095522223502
372,HGNC:10998,18.615380712482
373,HGNC:10999,4.9526656399330005
374,HGNC:10996,5.09897436246035
375,HGNC:10997,9.64609153403829
376,HGNC:10994,78.22763954025821
377,HGNC:10995,1.1756911456036798
378,HGNC:10992,169.96391888153602
379,HGNC:10993,2.42439921585544
380,HGNC:10990,14.3104797153283
381,HGNC:10991,355.62269060331704
382,HGNC:17358,1.01566752747823
383,HGNC:16732,11.877356158403199
384,HGNC:4208,37.733083244294704
385,HGNC:20233,11.053457472886901
386,HGNC:6694,0.26791757439811104
387,HGNC:16354,1.16284276114654
388,HGNC:18811,0.14396795343519
389,HGNC:123,13.3127922643312
390,HGNC:6344,0.0
391,HGNC:12587,90.13581855900507
392,HGNC:6186,19.1145256875411
393,HGNC:17198,19.365855957592498
394,HGNC:17194,8.031803164677559
395,HGNC:26057,11.661404228250401
396,HGNC:11647,6.849625260800297
397,HGNC:2727,0.0610747608194927
398,HGNC:9352,288.662154706701
399,HGNC:9603,0.0
400,HGNC:9605,0.0
401,HGNC:9604,0.0540718871907337
402,HGNC:9354,90.66542485505279
403,HGNC:7944,1.39980502829842
404,HGNC:10941,0.0858538073127806
405,HGNC:7943,0.0230310605120285
406,HGNC:20661,3.4037968950722903
407,HGNC:20667,8.68912442495535
408,HGNC:8998,10.980471401602099
409,HGNC:8999,16.5630737038936
410,HGNC:1801,4.00821291731596
411,HGNC:1800,10.9022889374181
412,HGNC:8996,3.15099671669473
413,HGNC:8997,12.6329557075614
414,HGNC:8994,55.1631346666436
415,HGNC:8995,0.0858832415582938
416,HGNC:20910,5.01519115599436
417,HGNC:14679,0.0
418,HGNC:14859,15.5191770857605
419,HGNC:14073,0.0
420,HGNC:8863,11.5228370019001
421,HGNC:9280,4.79531085679084
422,HGNC:819,0.0
423,HGNC:33426,0.0
424,HGNC:814,13.0677964945572
425,HGNC:815,0.0318157182200304
426,HGNC:816,0.0463073497074148
427,HGNC:817,9.34359728396329
428,HGNC:2859,50.0503321879259
429,HGNC:2858,30.291159433435602
430,HGNC:2851,5.198019371390879
431,HGNC:2850,0.0
432,HGNC:2853,0.0
433,HGNC:2852,8.693783310141152
434,HGNC:2855,0.0
435,HGNC:2854,13.7592441594085
436,HGNC:2857,27.820623663078198
437,HGNC:2856,4.181365177845231
438,HGNC:7045,16.093503610673
439,HGNC:7044,21.33229039494989
440,HGNC:7047,8.84391700627556
441,HGNC:7046,0.0200377742830703
442,HGNC:7043,0.16097588871146398
443,HGNC:7049,15.454681410197502
444,HGNC:7048,49.6633886267564
445,HGNC:18170,32.818578438793004
446,HGNC:18175,4.20807516068471
447,HGNC:8603,33.8341681283174
448,HGNC:6985,0.0
449,HGNC:6984,8.513639306073859
450,HGNC:6983,11.396269046447802
451,HGNC:8604,2.76966400183317
452,HGNC:18080,0.0
453,HGNC:8512,0.0
454,HGNC:12591,15.0319480792625
455,HGNC:12592,17.016549786431902
456,HGNC:8049,26.5068438917768
457,HGNC:4195,0.0
458,HGNC:4193,8.281697518099719
459,HGNC:11003,13.7898071684574
460,HGNC:11002,0.0847557988148705
461,HGNC:11001,0.0
462,HGNC:11000,5.07004355550538
463,HGNC:11007,0.371070271042961
464,HGNC:11006,0.0
465,HGNC:11005,86.9711583551741
466,HGNC:11004,20.9532463572373
467,HGNC:11009,0.581563303542259
468,HGNC:24289,12.3979696289851
469,HGNC:24288,12.673919268276
470,HGNC:23061,0.0
471,HGNC:438,0.0760209513769213
472,HGNC:439,0.0
473,HGNC:437,0.0
474,HGNC:434,0.0347459275101575
475,HGNC:435,0.0407562539010203
476,HGNC:433,2.89743832260512
477,HGNC:29622,8.028982018501
478,HGNC:23487,0.153608191671101
479,HGNC:23248,0.0801049625790583
480,HGNC:23242,0.0
481,HGNC:12442,0.0
482,HGNC:12441,16.4180763069411
483,HGNC:19119,9.497459861811741
484,HGNC:2867,8.64430573314508
485,HGNC:28883,42.1828232218929
486,HGNC:30325,2.24979313255188
487,HGNC:12450,4.8268810535425
488,HGNC:4175,0.11847533057947
489,HGNC:13887,0.0
490,HGNC:4177,25.5394101655265
491,HGNC:26444,0.0
492,HGNC:26441,0.0
493,HGNC:24622,4.18844220219089
494,HGNC:9940,0.5084109412591961
495,HGNC:25625,0.0
496,HGNC:17345,0.0
497,HGNC:238,1.51948259924599
498,HGNC:239,0.0
499,HGNC:234,17.7195047727455
500,HGNC:235,0.0505701386824191
501,HGNC:236,0.0742789398238777
502,HGNC:237,9.196607298458973
503,HGNC:232,3.0834370662652497
504,HGNC:233,0.0605609319643243
505,HGNC:2228,34.067881101564005
506,HGNC:25712,2.93825451100959
507,HGNC:25575,39.849558253967295
508,HGNC:13479,0.0
509,HGNC:3401,6.28239303912092
510,HGNC:26063,13.192348319855304
511,HGNC:121,7.98890390526389
512,HGNC:3402,5.23715002540118
513,HGNC:20675,0.0
514,HGNC:2710,24.0240353247018
515,HGNC:2719,0.0419689450102585
516,HGNC:11178,0.402804693644044
517,HGNC:8984,50.46235483148371
518,HGNC:7223,16.163013652679602
519,HGNC:8981,25.19154933114889
520,HGNC:8980,18.65158721111661
521,HGNC:8983,30.483168670987894
522,HGNC:10691,0.0
523,HGNC:9160,0.0995961509928559
524,HGNC:3795,0.0
525,HGNC:3791,0.0835014129924104
526,HGNC:3793,0.0
527,HGNC:4982,10.3607626653999
528,HGNC:932,0.0295852512019595
529,HGNC:930,16.681917185067302
530,HGNC:2158,13.9115720611637
531,HGNC:5382,62.77119545634561
532,HGNC:5383,105.730111669888
533,HGNC:5384,27.757204927228
534,HGNC:5385,25.579513225609002
535,HGNC:5386,35.621101387344
536,HGNC:5387,21.0797273358463
537,HGNC:5389,19.307577920923602
538,HGNC:11834,166.80835594171302
539,HGNC:11835,0.0
540,HGNC:11830,34.8140687397824
541,HGNC:11831,1.04185759015651
542,HGNC:8873,11.825457598410196
543,HGNC:8872,0.553722897827655
544,HGNC:8875,4.49366330553382
545,HGNC:8874,7.7793843925155475
546,HGNC:8877,19.8621244898595
547,HGNC:8876,50.062155935955104
548,HGNC:18966,3.47770023423016
549,HGNC:3247,1.4449338392218
550,HGNC:21474,5.0026734115275495
551,HGNC:820,0.0
552,HGNC:823,240.439336518325
553,HGNC:18985,115.078847218129
554,HGNC:18987,6.0247458774509
555,HGNC:15629,12.1500782819077
556,HGNC:1712,0.0
557,HGNC:794,34.2027998465813
558,HGNC:799,69.1725592236688
559,HGNC:15827,0.0
560,HGNC:23506,18.9750458498462
561,HGNC:15829,6.46200498540912
562,HGNC:15956,1.77534294311527
563,HGNC:11120,2.88561360064609
564,HGNC:11121,10.6028465961522
565,HGNC:11123,71.11695927099659
566,HGNC:922,0.0520582375264404
567,HGNC:3018,0.0
568,HGNC:17978,8.48621989133111
569,HGNC:3012,1.84012103164458
570,HGNC:3013,0.0
571,HGNC:10850,18.900731383505498
572,HGNC:17973,0.0607548115486106
573,HGNC:3015,0.0556280509364965
574,HGNC:29437,0.264579889076079
575,HGNC:8725,64.6379914252084
576,HGNC:8724,0.0388740283949769
577,HGNC:4189,5.44458958760946
578,HGNC:4188,12.490990058290901
579,HGNC:626,247.943322036014
580,HGNC:23657,2.70662907343916
581,HGNC:4180,9.31230291490075
582,HGNC:4187,0.0
583,HGNC:6535,222.245241395781
584,HGNC:6530,0.0998183929619187
585,HGNC:4341,74.461171178399
586,HGNC:11018,0.0
587,HGNC:11019,0.0301579792662563
588,HGNC:25985,5.022313019941
589,HGNC:11010,0.0
590,HGNC:11012,15.4134174131184
591,HGNC:24292,5.42426209945552
592,HGNC:24293,0.20923177654169287
593,HGNC:24290,0.0
594,HGNC:24291,20.5401381927962
595,HGNC:17,0.12998351960213306
596,HGNC:19,0.0
597,HGNC:4163,32.7193248269177
598,HGNC:24948,2.90556308592434
599,HGNC:11240,9.706374440200571
600,HGNC:19748,6.13980977885371
601,HGNC:16029,0.0
602,HGNC:9959,1.13530133232373
603,HGNC:19256,5.72956827057034
604,HGNC:16753,217.87868689486697
605,HGNC:17376,16.7147385886128
606,HGNC:8889,0.121793192812734
607,HGNC:20692,0.0
608,HGNC:14025,0.0
609,HGNC:17579,7.63585789893154
610,HGNC:4570,38.3060230776549
611,HGNC:2097,0.0
612,HGNC:21088,5.54659144273257
613,HGNC:2520,18.635637629844503
614,HGNC:11460,5.56081347207292
615,HGNC:2709,0.0
616,HGNC:2704,9.87243152497434
617,HGNC:2707,0.0572932079484647
618,HGNC:2703,46.18001551078829
619,HGNC:10682,14.7918446078949
620,HGNC:10683,30.473520732664
621,HGNC:10680,54.750442987808505
622,HGNC:10681,64.5403934482823
623,HGNC:16977,0.205871333807718
624,HGNC:13312,38.8026604268167
625,HGNC:928,20.4469823437095
626,HGNC:929,0.454000018858901
627,HGNC:9577,10.1846614496726
628,HGNC:920,4.45408100704283
629,HGNC:921,0.0
630,HGNC:4976,5.694823565239719
631,HGNC:923,29.9816417146556
632,HGNC:12266,0.0
633,HGNC:925,24.921298001343107
634,HGNC:926,28.8614467530719
635,HGNC:5391,5.26891477476098
636,HGNC:10536,0.763672351535498
637,HGNC:12839,4.76821572685074
638,HGNC:20113,14.189297047642699
639,HGNC:833,141.47414322011298
640,HGNC:830,342.41016206735804
641,HGNC:8888,189.11672706762297
642,HGNC:837,40.7656245658229
643,HGNC:838,8.55937035229719
644,HGNC:24104,0.24086946055503
645,HGNC:33159,0.0
646,HGNC:23614,0.0
647,HGNC:18407,3.21006541703543
648,HGNC:17174,10.0083336167251
649,HGNC:14239,3.90431020244504
650,HGNC:924,19.736878398420398
651,HGNC:60,3.17731933622275
652,HGNC:61,6.210189694441
653,HGNC:3006,22.3471601718045
654,HGNC:66,0.0
655,HGNC:3002,0.0564503873664213
656,HGNC:1371,70.0046437225679
657,HGNC:17968,0.0
658,HGNC:7695,82.34853352308721
659,HGNC:17964,48.20205299883389
660,HGNC:7696,100.114004492067
661,HGNC:7150,13.5523363911372
662,HGNC:7697,100.741000798173
663,HGNC:7690,35.0861089220643
664,HGNC:29932,11.4769258117274
665,HGNC:500,0.0285963743124693
666,HGNC:7691,46.2112520620391
667,HGNC:633,0.0551382811624474
668,HGNC:634,0.0
669,HGNC:1377,0.0962885297421707
670,HGNC:636,1.59218795960105
671,HGNC:637,0.0
672,HGNC:638,0.0
673,HGNC:7693,30.5585644271497
674,HGNC:4378,88.5672560444744
675,HGNC:6522,0.0
676,HGNC:8582,0.566721503062511
677,HGNC:4376,0.551164442194128
678,HGNC:4377,49.355038327387895
679,HGNC:11069,0.0201111302968233
680,HGNC:11068,1.89414883855168
681,HGNC:18290,16.8143174155564
682,HGNC:2898,32.5857786820545
683,HGNC:11061,0.0
684,HGNC:11060,45.636594763168
685,HGNC:11063,706.0308224897569
686,HGNC:2896,15.2025984883214
687,HGNC:11065,0.0633931164533939
688,HGNC:11064,15.6185978854253
689,HGNC:11067,0.17223888818566502
690,HGNC:11066,1.057131398958
691,HGNC:17890,0.0
692,HGNC:29957,0.290878122360928
693,HGNC:26516,11.925588881724401
694,HGNC:19134,0.20062166755608604
695,HGNC:19133,0.668528874680972
696,HGNC:3149,25.702386882048202
697,HGNC:4923,20.6752229758806
698,HGNC:4799,21.452219659103697
699,HGNC:4795,5.88586482146173
700,HGNC:4796,0.395794888235965
701,HGNC:11257,30.833712302714897
702,HGNC:24649,14.9089420346259
703,HGNC:9920,0.0
704,HGNC:9922,0.0
705,HGNC:11782,1.3115405182054
706,HGNC:6080,44.23131674483521
707,HGNC:10817,43.4117347622612
708,HGNC:10818,6.0673476940935895
709,HGNC:12536,0.0
710,HGNC:12537,0.0
711,HGNC:3481,141.533044916973
712,HGNC:3483,8.92247768608675
713,HGNC:3482,26.778039338945398
714,HGNC:13414,0.0
715,HGNC:3647,12.2846377920996
716,HGNC:32949,13.7736520616554
717,HGNC:17366,2.0509965625199897
718,HGNC:2501,1.37712748906955
719,HGNC:11479,6.78260574848099
720,HGNC:9353,152.643478952889
721,HGNC:5013,3.544871306281569
722,HGNC:5014,23.638020673133106
723,HGNC:4892,5.58461421374459
724,HGNC:67,8.07386092989183
725,HGNC:38831,0.0
726,HGNC:12538,0.0
727,HGNC:16940,13.9934621406393
728,HGNC:17144,28.4846912691082
729,HGNC:9141,17.1952486339259
730,HGNC:25193,11.504181963749499
731,HGNC:4417,32.7773431303438
732,HGNC:4416,25.792524605675894
733,HGNC:4415,1.9546210906463104
734,HGNC:16789,1.4276235996608897
735,HGNC:6269,0.0873811354043642
736,HGNC:919,0.5324081789255111
737,HGNC:918,13.932191264182697
738,HGNC:6069,0.0730162757890962
739,HGNC:9726,0.490709354559934
740,HGNC:2605,0.136559223166829
741,HGNC:2606,2.855291477704
742,HGNC:9725,8.41324060376931
743,HGNC:9722,59.97971839983279
744,HGNC:9723,45.8843397464952
745,HGNC:2602,0.0294101905439597
746,HGNC:9721,99.0780847832408
747,HGNC:2608,0.0
748,HGNC:2603,0.0
749,HGNC:1937,21.244148594407
750,HGNC:1936,0.0
751,HGNC:1938,0.8953311776838591
752,HGNC:21328,2.0160235461906697
753,HGNC:24139,0.389881197269792
754,HGNC:847,27.6244064972963
755,HGNC:17175,0.0475033638596031
756,HGNC:3465,101.07897270592
757,HGNC:843,48.4713472173778
758,HGNC:842,156.49080693467198
759,HGNC:841,108.73926266232999
760,HGNC:840,126.18683679823201
761,HGNC:8896,357.8140954655571
762,HGNC:8891,75.2784421466168
763,HGNC:848,66.7929600012676
764,HGNC:20583,0.16420047127506
765,HGNC:20581,0.0658113280205
766,HGNC:20584,5.22700550813211
767,HGNC:18210,0.0
768,HGNC:9033,0.0
769,HGNC:9030,0.0
770,HGNC:9031,0.0
771,HGNC:9036,0.197908165036998
772,HGNC:9035,0.142591210711083
773,HGNC:9038,0.0
774,HGNC:9039,1.9346723261971497
775,HGNC:21526,2.39597981490644
776,HGNC:753,85.69968851259858
777,HGNC:750,0.0
778,HGNC:756,0.0703821754824767
779,HGNC:758,635.786686589046
780,HGNC:15791,12.6456466791391
781,HGNC:3078,18.263610477525198
782,HGNC:18324,15.362434055584302
783,HGNC:20324,5.0487184511709815
784,HGNC:30031,7.21606606449036
785,HGNC:30035,0.158420937485601
786,HGNC:4369,8.59922221867863
787,HGNC:11078,1.37748222379163
788,HGNC:29674,0.545206556102505
789,HGNC:11072,1.3425897899367698
790,HGNC:11073,0.0
791,HGNC:11070,0.0129499709975823
792,HGNC:11071,4.52192922040958
793,HGNC:11077,0.7819429080367092
794,HGNC:4093,0.0
795,HGNC:4092,0.37584226526933706
796,HGNC:23215,7.22485869801859
797,HGNC:23213,4.3756198947988
798,HGNC:19129,0.0954083786476353
799,HGNC:30927,0.0165336236718696
800,HGNC:23364,14.437951803833402
801,HGNC:6480,0.0
802,HGNC:12525,15.806744324282901
803,HGNC:12524,31.165840073041
804,HGNC:12527,31.019601212040005
805,HGNC:8091,39.9780212393955
806,HGNC:4141,2130.3881462295003
807,HGNC:28107,8.18456842084239
808,HGNC:24650,15.4529287321455
809,HGNC:18554,16.8278874320903
810,HGNC:10293,33.4238485378338
811,HGNC:11285,0.0427248326813397
812,HGNC:16140,6.8961748687467095
813,HGNC:17223,4.9918289479635
814,HGNC:6381,0.127244403288678
815,HGNC:4558,0.0
816,HGNC:4559,0.0
817,HGNC:4556,176.55856602784095
818,HGNC:19873,8.46595646439769
819,HGNC:4554,0.278523725791896
820,HGNC:4555,2.60793737341429
821,HGNC:4552,0.432699629739575
822,HGNC:21063,0.0
823,HGNC:19875,6.57512401464083
824,HGNC:2548,0.0
825,HGNC:17313,16.3696481215711
826,HGNC:11449,50.075809890501006
827,HGNC:11448,17.7243565314079
828,HGNC:9155,0.0
829,HGNC:9156,0.0
830,HGNC:5007,11.514534227009099
831,HGNC:5006,26.099548610335606
832,HGNC:5005,7.4288306164031
833,HGNC:5008,0.0423263447852851
834,HGNC:17423,7.046532741975559
835,HGNC:17422,2.38864999024752
836,HGNC:1848,3.93709512223226
837,HGNC:4422,49.5877630546911
838,HGNC:6077,6.5920794086367
839,HGNC:6076,7.05480945575508
840,HGNC:6075,12.7852509512601
841,HGNC:6074,6.607446048091919
842,HGNC:6071,1.73738535355527
843,HGNC:6079,0.0648168699485694
844,HGNC:2615,0.0335940670230167
845,HGNC:2611,0.0
846,HGNC:2610,0.0
847,HGNC:1907,0.0
848,HGNC:854,15.875966744204199
849,HGNC:855,0.5935315708233879
850,HGNC:856,33.6699245937139
851,HGNC:857,50.2197110167877
852,HGNC:13203,0.0
853,HGNC:851,39.3912747512636
854,HGNC:853,2.5657745375899
855,HGNC:9029,0.20938167751356696
856,HGNC:9021,290.748153058536
857,HGNC:9020,0.0329888641720964
858,HGNC:21531,0.0585399698488575
859,HGNC:11863,18.5709942728812
860,HGNC:15814,8.59727200790946
861,HGNC:12541,0.0
862,HGNC:746,6.05975016671094
863,HGNC:13819,0.0
864,HGNC:3062,0.0
865,HGNC:3061,28.921601894600396
866,HGNC:24337,3.3750747626486097
867,HGNC:7179,33.4112567991399
868,HGNC:31736,30.126508906009498
869,HGNC:4311,14.6305320947962
870,HGNC:4312,4.00665530786615
871,HGNC:4313,0.0274026690051229
872,HGNC:30029,7.957390560467111
873,HGNC:11047,0.0
874,HGNC:11046,0.0
875,HGNC:11045,2.11402430404162
876,HGNC:11044,0.0
877,HGNC:11042,0.0
878,HGNC:11041,47.6714938209594
879,HGNC:11040,0.0875644012084841
880,HGNC:8790,0.0
881,HGNC:8791,5.04341517548697
882,HGNC:8792,0.0
883,HGNC:8793,6.8443781141320015
884,HGNC:8794,0.165903125268754
885,HGNC:8795,2.0466032596179
886,HGNC:11049,0.0530639380988882
887,HGNC:11048,0.0
888,HGNC:26891,15.196192321945
889,HGNC:11450,21.5573493925205
890,HGNC:24247,1.18172747455031
891,HGNC:24240,0.106724709857375
892,HGNC:8646,53.5371882506011
893,HGNC:17432,0.0
894,HGNC:23,36.980705880492
895,HGNC:24791,0.0
896,HGNC:2593,0.0558164525350337
897,HGNC:29,0.0194315863800639
898,HGNC:7759,0.0
899,HGNC:7758,6.82909310747924
900,HGNC:11277,14.809041025454599
901,HGNC:26404,11.4279305634678
902,HGNC:6719,0.0
903,HGNC:11278,33.5734184404198
904,HGNC:11279,63.275577259220285
905,HGNC:6710,66.9748175435501
906,HGNC:4138,115.004124316781
907,HGNC:4139,1.98724171928985
908,HGNC:12535,0.0
909,HGNC:12530,0.0234659996044319
910,HGNC:12531,0.0
911,HGNC:4130,0.0
912,HGNC:4131,0.0
913,HGNC:4135,9.74947816532264
914,HGNC:4136,3.3039457882641203
915,HGNC:12539,0.0
916,HGNC:24464,3.98892100282215
917,HGNC:31865,2.40426482236768
918,HGNC:16091,7.439007096699541
919,HGNC:25686,34.4884949565698
920,HGNC:27269,0.0
921,HGNC:16148,6.42201407073195
922,HGNC:10872,3.90661601092131
923,HGNC:19661,0.0
924,HGNC:19660,2.92170258442004
925,HGNC:2288,136.35426359006001
926,HGNC:2289,101.614014354846
927,HGNC:2280,226.621419583215
928,HGNC:2285,644.506698816284
929,HGNC:2287,0.0
930,HGNC:19685,35.315110260851995
931,HGNC:19686,29.434890963558693
932,HGNC:21055,12.903168791070199
933,HGNC:2579,119.304011194123
934,HGNC:10905,0.0
935,HGNC:10907,0.100169641305675
936,HGNC:10906,0.0
937,HGNC:11458,0.0
938,HGNC:11459,21.543958868148604
939,HGNC:11454,0.671953430732916
940,HGNC:11455,0.9965620897335408
941,HGNC:10909,0.0
942,HGNC:10908,10.6287060710031
943,HGNC:11453,6.41730118172535
944,HGNC:2594,0.0346363916510745
945,HGNC:2595,5.09477717941014
946,HGNC:2596,0.0
947,HGNC:2597,104.35651070660299
948,HGNC:2590,0.0
949,HGNC:2591,0.0
950,HGNC:2592,0.0
951,HGNC:3594,80.9764470431951
952,HGNC:16431,0.0775747054927633
953,HGNC:16437,0.0
954,HGNC:4433,48.925276206730004
955,HGNC:4432,30.83765054076149
956,HGNC:17123,7.08397227524311
957,HGNC:25223,11.0217343412816
958,HGNC:977,17.1292415076249
959,HGNC:976,0.9593640389760648
960,HGNC:180,2.2207822604364504
961,HGNC:186,5.518614925249058
962,HGNC:20837,1.2892652546435
963,HGNC:1122,3.89005660158369
964,HGNC:2622,0.2336095931972089
965,HGNC:2623,0.0
966,HGNC:2620,0.0
967,HGNC:2621,0.0
968,HGNC:20123,0.15343883313563098
969,HGNC:9238,20.131013261946602
970,HGNC:9587,81.4505595982278
971,HGNC:9588,53.0481286536081
972,HGNC:1912,0.0366491454496183
973,HGNC:9230,18.375229135273603
974,HGNC:13213,0.0
975,HGNC:861,44.5222929443996
976,HGNC:863,157.748559408848
977,HGNC:862,0.0465095652083206
978,HGNC:865,10.6090385903934
979,HGNC:864,68.8718203064341
980,HGNC:866,2.02099785690597
981,HGNC:2754,12.5027351216765
982,HGNC:2753,35.0498395360792
983,HGNC:26462,0.6802954969120961
984,HGNC:9059,15.239921914874499
985,HGNC:5215,6.4155931968164
986,HGNC:5212,0.0
987,HGNC:5213,48.6558361146708
988,HGNC:5210,0.449125500174324
989,HGNC:5211,0.0
990,HGNC:9055,0.091574632602661
991,HGNC:9056,13.6666506076091
992,HGNC:2625,0.251661883641984
993,HGNC:8923,64.5778824000836
994,HGNC:18303,20.1681093368676
995,HGNC:29878,30.821793946074
996,HGNC:18308,6.3243314493767
997,HGNC:2978,20.829066433805302
998,HGNC:2979,3.7592436935718
999,HGNC:29185,3.8646232298354
1000,HGNC:17934,0.12160399950351
1001,HGNC:2976,25.7819814595978
1002,HGNC:2977,0.510910859337253
1003,HGNC:79,0.0
1004,HGNC:1047,0.0
1005,HGNC:20305,0.0
1006,HGNC:1048,0.0
1007,HGNC:4553,0.0882305716318791
1008,HGNC:664,5.640562620068129
1009,HGNC:663,0.0
1010,HGNC:11050,0.0
1011,HGNC:11051,0.0
1012,HGNC:11052,12.5835462693153
1013,HGNC:14573,7.41967406512773
1014,HGNC:11054,0.0
1015,HGNC:11055,2.0634989632602
1016,HGNC:11056,9.95296936874143
1017,HGNC:11057,55.4506012670899
1018,HGNC:11058,0.0
1019,HGNC:11059,9.909734439916038
1020,HGNC:8781,0.23717845850842004
1021,HGNC:8780,0.42844899309335904
1022,HGNC:8787,0.0
1023,HGNC:8786,0.350089776561376
1024,HGNC:15517,24.9310358387769
1025,HGNC:15516,1.8670651201976896
1026,HGNC:21308,56.6760033177495
1027,HGNC:15683,1.17979057585686
1028,HGNC:15685,17.2952805896116
1029,HGNC:15684,0.0
1030,HGNC:8653,6.71691358412038
1031,HGNC:8654,17.6372005538283
1032,HGNC:28906,0.0
1033,HGNC:23764,0.0
1034,HGNC:12437,43.6627875350592
1035,HGNC:23161,40.887525404335896
1036,HGNC:23160,31.526043680808
1037,HGNC:23162,6.47556528642773
1038,HGNC:318,31.829451550984203
1039,HGNC:6708,31.5802133694544
1040,HGNC:12590,172.515901471708
1041,HGNC:23302,0.0
1042,HGNC:24671,17.7679137362702
1043,HGNC:4129,23.827658217489
1044,HGNC:4128,23.871509657023505
1045,HGNC:4123,21.7684164886631
1046,HGNC:4122,17.1947170320131
1047,HGNC:4127,0.0
1048,HGNC:4126,0.154804251005581
1049,HGNC:4125,13.9840781706739
1050,HGNC:4124,9.0554311136762
1051,HGNC:7434,306.09571578891797
1052,HGNC:7436,3.7135317086840702
1053,HGNC:7437,0.164243534603482
1054,HGNC:7432,49.5566735278049
1055,HGNC:2323,1.3713735710432402
1056,HGNC:19218,0.0
1057,HGNC:6677,0.0
1058,HGNC:22146,0.0
1059,HGNC:6678,0.0244900906242405
1060,HGNC:23785,9.76164063330743
1061,HGNC:4056,0.0
1062,HGNC:23786,15.434402215123999
1063,HGNC:26309,24.408105336243
1064,HGNC:10869,0.0107449831419099
1065,HGNC:10862,4.342169302789951
1066,HGNC:10863,0.995853935328027
1067,HGNC:10860,0.220576429079698
1068,HGNC:32393,0.620762416043833
1069,HGNC:10866,1.31544792844268
1070,HGNC:10867,14.0326008769906
1071,HGNC:10864,10.1425076701822
1072,HGNC:2292,609.3346353500219
1073,HGNC:2291,170.756727226804
1074,HGNC:2297,0.0
1075,HGNC:2296,0.0
1076,HGNC:2295,0.0
1077,HGNC:2294,274.426487965688
1078,HGNC:19691,6.04900063935361
1079,HGNC:10916,0.0
1080,HGNC:10917,2.03520157014928
1081,HGNC:10914,1.1908925076169798
1082,HGNC:10915,11.2366390504021
1083,HGNC:10912,0.0187491945824525
1084,HGNC:10913,0.4666343268978579
1085,HGNC:10910,0.0
1086,HGNC:10911,13.707174899184695
1087,HGNC:2366,3.9978414978679
1088,HGNC:11425,4.63864014753973
1089,HGNC:10918,0.0548581462371302
1090,HGNC:10919,0.0
1091,HGNC:5028,16.663308540551
1092,HGNC:14522,0.071052938216823
1093,HGNC:17449,0.0
1094,HGNC:38,0.0
1095,HGNC:1864,7.3756601411925695
1096,HGNC:4446,23.4847724041154
1097,HGNC:4686,5.7790888721292974
1098,HGNC:4687,0.689957471182661
1099,HGNC:4684,2.24369660878145
1100,HGNC:4685,1.90601051395719
1101,HGNC:5217,0.0
1102,HGNC:4688,0.0
1103,HGNC:4689,0.115237942302526
1104,HGNC:6059,0.0
1105,HGNC:6051,11.799480462359499
1106,HGNC:6050,2.23436502655532
1107,HGNC:6053,232.27071044532798
1108,HGNC:6052,48.63269108349179
1109,HGNC:20151,0.0
1110,HGNC:10006,0.0
1111,HGNC:2638,0.0682870567487818
1112,HGNC:2634,6.91348532449278
1113,HGNC:2637,0.0
1114,HGNC:2631,0.121016540568711
1115,HGNC:2632,0.0
1116,HGNC:20797,0.0474224290052308
1117,HGNC:9599,0.765466069862327
1118,HGNC:9229,3.97565675523115
1119,HGNC:9228,4.00788460605371
1120,HGNC:9226,239.457297051008
1121,HGNC:9225,15.069173148024001
1122,HGNC:20799,7.111979529691019
1123,HGNC:9592,0.0
1124,HGNC:877,10.0532862667916
1125,HGNC:5218,0.0
1126,HGNC:28082,9.564980516503267
1127,HGNC:890,5.471572868324452
1128,HGNC:14903,0.0
1129,HGNC:5201,20.6270886725305
1130,HGNC:5200,0.0
1131,HGNC:5209,1.60835612166572
1132,HGNC:5208,0.0
1133,HGNC:9040,0.0
1134,HGNC:29268,0.0807088855523008
1135,HGNC:1969,0.0
1136,HGNC:430,0.0417173326301011
1137,HGNC:8918,1.46516058805725
1138,HGNC:29270,22.2390697919485
1139,HGNC:30224,32.1087271932699
1140,HGNC:30225,0.788672803797519
1141,HGNC:15769,2.924629191048
1142,HGNC:17929,4.23382578293472
1143,HGNC:3046,9.03585274088583
1144,HGNC:20371,2.66448518313086
1145,HGNC:20372,89.51886357282429
1146,HGNC:18799,7.7165702668083505
1147,HGNC:1096,11.7058055596837
1148,HGNC:1093,1.83465099805177
1149,HGNC:30042,6.68011303939283
1150,HGNC:30040,0.0
1151,HGNC:4335,56.642210996985206
1152,HGNC:4330,1.25906835030776
1153,HGNC:4331,10.0897208363167
1154,HGNC:3133,46.775336256635285
1155,HGNC:24269,9.46191648639211
1156,HGNC:17856,12.9308115039495
1157,HGNC:24262,11.064028659747805
1158,HGNC:17855,9.10930650965617
1159,HGNC:17852,13.5278370984384
1160,HGNC:6905,15.621561356449801
1161,HGNC:6904,67.2781463844393
1162,HGNC:6903,6.43922470931484
1163,HGNC:4203,2.12730671114914
1164,HGNC:4204,0.115845467525542
1165,HGNC:4205,0.044152608392772005
1166,HGNC:28335,0.0
1167,HGNC:4116,12.633631477174802
1168,HGNC:4117,2.43117215879358
1169,HGNC:4115,6.5551565827530505
1170,HGNC:17245,0.0
1171,HGNC:4118,30.0106796243066
1172,HGNC:4119,22.996854871876195
1173,HGNC:12518,9.321618856230499
1174,HGNC:12519,0.3594034992499729
1175,HGNC:12517,0.0
1176,HGNC:7427,0.0
1177,HGNC:74,0.4721959402202929
1178,HGNC:7422,0.0
1179,HGNC:7421,0.0
1180,HGNC:28157,2.2504230914279
1181,HGNC:21350,20.7845300914007
1182,HGNC:16526,0.0272809111972067
1183,HGNC:23408,4.66459060778592
1184,HGNC:10856,0.0
1185,HGNC:4061,21.23903536043889
1186,HGNC:10852,126.39855877022801
1187,HGNC:4065,35.889017902036
1188,HGNC:11504,3.27927005046822
1189,HGNC:11503,2.55528182912459
1190,HGNC:3607,0.0
1191,HGNC:3606,86.76754565539308
1192,HGNC:16187,0.264496081699114
1193,HGNC:4638,0.0
1194,HGNC:6115,27.9033070736977
1195,HGNC:7876,0.10187074589158
1196,HGNC:10923,2.31892356776798
1197,HGNC:10922,33.1822232947648
1198,HGNC:10921,0.982725302282577
1199,HGNC:10920,0.0
1200,HGNC:10924,3.5465442044912403
1201,HGNC:10929,0.0
1202,HGNC:10928,2.52381960765325
1203,HGNC:17325,0.0
1204,HGNC:17450,0.0845840893359101
1205,HGNC:9453,1.47375832731621
1206,HGNC:4456,31.1758179813455
1207,HGNC:4455,0.0303685674252293
1208,HGNC:4458,88.92487413308642
1209,HGNC:16985,4.99962402773275
1210,HGNC:4691,0.0
1211,HGNC:4922,43.5973891119355
1212,HGNC:4693,47.0657875135686
1213,HGNC:4925,0.08401671551423101
1214,HGNC:4696,15.989811804832001
1215,HGNC:4699,34.8438759704977
1216,HGNC:118,39.03180787906821
1217,HGNC:24861,17.101600148636802
1218,HGNC:24860,0.549573900820846
1219,HGNC:24862,29.958067571456798
1220,HGNC:24865,4.36495868271017
1221,HGNC:24864,0.0
1222,HGNC:2648,0.0
1223,HGNC:2649,33.873214704468396
1224,HGNC:2640,0.0
1225,HGNC:2642,0.0
1226,HGNC:2644,2.87200221573739
1227,HGNC:2645,0.0851360246659976
1228,HGNC:2646,0.186387082572345
1229,HGNC:22946,4.36160468652866
1230,HGNC:4803,68.20974085626229
1231,HGNC:21497,20.2491511742178
1232,HGNC:3423,0.0
1233,HGNC:4855,0.0
1234,HGNC:14177,25.814753506705106
1235,HGNC:10297,14.455669915534502
1236,HGNC:14178,0.196566414765561
1237,HGNC:14914,0.346407023407635
1238,HGNC:10452,36.99083416269779
1239,HGNC:10451,30.8752465258913
1240,HGNC:20567,3.9849455372413
1241,HGNC:3555,0.0
1242,HGNC:3554,2.0630583612027698
1243,HGNC:8909,16.442003355489
1244,HGNC:8905,12.3583585438365
1245,HGNC:8907,17.015989088415694
1246,HGNC:8906,14.690709852692
1247,HGNC:8903,33.210789258344995
1248,HGNC:2911,34.5678521957504
1249,HGNC:11180,14.711633718875001
1250,HGNC:11181,0.0
1251,HGNC:11184,61.7230689133179
1252,HGNC:30211,5.2247087713192695
1253,HGNC:714,3.2994004010109705
1254,HGNC:713,1.57689849019215
1255,HGNC:1795,0.0
1256,HGNC:13886,0.0
1257,HGNC:1063,247.529013397478
1258,HGNC:1062,77.7273791152756
1259,HGNC:14572,1.5177829542803898
1260,HGNC:8788,7.2667368901623
1261,HGNC:1667,0.0
1262,HGNC:1664,13.7459864607313
1263,HGNC:1663,0.123251916950673
1264,HGNC:30450,2.22433172595659
1265,HGNC:4323,80.3486836895445
1266,HGNC:18049,0.0469953922739815
1267,HGNC:8783,0.0149644109305395
1268,HGNC:8782,0.109870280253172
1269,HGNC:3148,0.0965557504537586
1270,HGNC:2600,0.0280187279351756
1271,HGNC:7632,9.792356573966169
1272,HGNC:7631,11.2892745021274
1273,HGNC:29609,11.4875303952751
1274,HGNC:8785,1.40599685116607
1275,HGNC:8784,1.20039789357941
1276,HGNC:29037,0.0493040936421885
1277,HGNC:4212,0.0
1278,HGNC:441,0.0
1279,HGNC:6936,20.1580411349875
1280,HGNC:6937,52.3280309344162
1281,HGNC:23091,0.0
1282,HGNC:23090,8.794743659562759
1283,HGNC:6938,0.0296482790059688
1284,HGNC:8124,26.6657531766961
1285,HGNC:23097,4.51300442063788
1286,HGNC:23096,3.48994027025032
1287,HGNC:7706,9.952693669802448
1288,HGNC:7707,53.24033261204221
1289,HGNC:7704,99.29969043475212
1290,HGNC:7705,30.099012425860305
1291,HGNC:7702,55.8205416524355
1292,HGNC:7703,12.324370357844801
1293,HGNC:7700,53.7375744559227
1294,HGNC:7701,39.641350244654795
1295,HGNC:33,13.618779626318199
1296,HGNC:7708,29.934468808600002
1297,HGNC:34,0.0242934402980363
1298,HGNC:640,0.0
1299,HGNC:643,0.0
1300,HGNC:642,0.0
1301,HGNC:12563,12.7357446307671
1302,HGNC:12562,14.9776416597159
1303,HGNC:7413,0.801321361960732
1304,HGNC:7419,0.0
1305,HGNC:846,80.12451761404091
1306,HGNC:845,206.404216199085
1307,HGNC:6617,23.984171074935198
1308,HGNC:6619,0.0
1309,HGNC:8898,0.123522800284631
1310,HGNC:29500,5.8886420153672185
1311,HGNC:3631,71.7392224555317
1312,HGNC:26210,2.52686531751448
1313,HGNC:2342,0.9027930546418292
1314,HGNC:19980,52.8792680291805
1315,HGNC:10938,46.102609071029704
1316,HGNC:10939,2.45658075131456
1317,HGNC:19237,35.3012643137019
1318,HGNC:10934,0.0
1319,HGNC:10935,0.0251813670061551
1320,HGNC:10936,0.0
1321,HGNC:10937,10.8547266478913
1322,HGNC:10930,0.0
1323,HGNC:10931,0.0
1324,HGNC:10932,0.0
1325,HGNC:10933,7.5777043406461395
1326,HGNC:9115,21.1937908400228
1327,HGNC:9114,8.216721270687309
1328,HGNC:16448,3.3174010975666897
1329,HGNC:3700,40.755577176932995
1330,HGNC:1884,0.0166976109807252
1331,HGNC:941,19.2701681106391
1332,HGNC:17269,0.0
1333,HGNC:15722,0.0
1334,HGNC:9206,0.0
1335,HGNC:21481,0.0
1336,HGNC:2653,0.0
1337,HGNC:2652,0.0
1338,HGNC:2651,0.0
1339,HGNC:9208,25.569940141875506
1340,HGNC:22932,14.556808446454001
1341,HGNC:20779,0.0
1342,HGNC:9689,5.3747730867651295
1343,HGNC:2014,0.0
1344,HGNC:4866,0.0
1345,HGNC:9061,49.18419213358279
1346,HGNC:18481,8.631274231347799
1347,HGNC:9063,0.0626417201743514
1348,HGNC:9062,0.0857656255057625
1349,HGNC:9065,67.9206941494234
1350,HGNC:9067,2.0396246780113403
1351,HGNC:9066,3.2549927102031098
1352,HGNC:9068,8.58352337264095
1353,HGNC:3569,7.56386698086537
1354,HGNC:8978,0.0
1355,HGNC:8979,4.92272257626969
1356,HGNC:8971,21.143073990186103
1357,HGNC:8972,13.8873546024179
1358,HGNC:8973,0.188974229765564
1359,HGNC:8974,5.1591565524218
1360,HGNC:13398,10.9499552313667
1361,HGNC:8976,10.426018137316301
1362,HGNC:8977,0.493090847770266
1363,HGNC:88,0.105077281450181
1364,HGNC:89,17.390789833875
1365,HGNC:82,14.689638349407
1366,HGNC:83,58.4488303197909
1367,HGNC:80,0.0
1368,HGNC:87,6.063678957255981
1369,HGNC:84,12.584180869804001
1370,HGNC:85,1.6638981089206102
1371,HGNC:7687,55.5864605440244
1372,HGNC:20197,3.1838362859332903
1373,HGNC:8806,26.5151733957974
1374,HGNC:8807,0.0
1375,HGNC:7683,155.276547308417
1376,HGNC:8808,37.92571941037271
1377,HGNC:7682,0.0149216249092942
1378,HGNC:7681,9.69336469231962
1379,HGNC:8754,19.7808148276399
1380,HGNC:8755,0.0178666152414435
1381,HGNC:8756,16.618950053359598
1382,HGNC:18068,0.0493273942535506
1383,HGNC:17877,3.2574605703201605
1384,HGNC:18062,18.0639463285973
1385,HGNC:1380,0.0
1386,HGNC:23287,14.6894588923318
1387,HGNC:4260,0.200493212140824
1388,HGNC:451,4.86227171927856
1389,HGNC:457,39.372209389397
1390,HGNC:23089,0.0
1391,HGNC:23087,2.6906462114529104
1392,HGNC:7711,61.1437861408922
1393,HGNC:7710,30.7146434764354
1394,HGNC:7713,65.3307131760875
1395,HGNC:7712,170.366280448613
1396,HGNC:7715,55.400617732774286
1397,HGNC:14430,1.6395329470333897
1398,HGNC:7717,88.8886009274046
1399,HGNC:7716,83.19666330995629
1400,HGNC:7719,26.470968113569608
1401,HGNC:8598,5.416385529617809
1402,HGNC:23155,0.128648438258644
1403,HGNC:23157,5.85203465424413
1404,HGNC:22204,7.117418812523731
1405,HGNC:8574,20.8790716936402
1406,HGNC:8575,20.6572233872756
1407,HGNC:8576,50.3245122945331
1408,HGNC:8579,3.95822856311921
1409,HGNC:12576,0.6854009040183779
1410,HGNC:28777,40.166416294340294
1411,HGNC:19080,0.313820704270935
1412,HGNC:16058,14.858365146501699
1413,HGNC:25313,0.037264107904503
1414,HGNC:6622,0.0
1415,HGNC:6623,0.0481775980800891
1416,HGNC:4008,16.7617502297902
1417,HGNC:4006,7.541032835056193
1418,HGNC:321,5.56371225670496
1419,HGNC:326,19.057133220599198
1420,HGNC:3974,0.377083693065437
1421,HGNC:324,1.19716289212353
1422,HGNC:3976,795.522513730582
1423,HGNC:3978,0.0
1424,HGNC:3629,59.39612450654321
1425,HGNC:8789,0.102030074526406
1426,HGNC:21016,0.0
1427,HGNC:8774,0.0658009558647836
1428,HGNC:30311,0.4261614199518429
1429,HGNC:2330,12.2796195577074
1430,HGNC:9919,0.0
1431,HGNC:16297,0.05739717692632
1432,HGNC:10940,9.66343270707158
1433,HGNC:10943,130.909985189998
1434,HGNC:10942,17.0932739048347
1435,HGNC:10945,0.0
1436,HGNC:10944,0.0
1437,HGNC:10947,5.24319830414668
1438,HGNC:10946,22.6475493764382
1439,HGNC:19954,4.24564764950845
1440,HGNC:16270,0.0
1441,HGNC:19953,4.42998933410964
1442,HGNC:15654,0.0796465213586517
1443,HGNC:4908,16.7411935537904
1444,HGNC:4678,0.0458798972485771
1445,HGNC:24474,7.19839767175952
1446,HGNC:4907,4.28502603466087
1447,HGNC:24475,1.7872733945293302
1448,HGNC:11708,0.0
1449,HGNC:2244,4.49427974979852
1450,HGNC:5147,0.0
1451,HGNC:1027,12.5059719919509
1452,HGNC:120,0.6328604276167961
1453,HGNC:22923,29.0648290814042
1454,HGNC:122,53.00702442410361
1455,HGNC:22921,0.810264240399183
1456,HGNC:124,2.58624058473454
1457,HGNC:125,1.66762250934293
1458,HGNC:33128,1.8622872481315
1459,HGNC:16872,36.5318681841795
1460,HGNC:12388,74.7117905721567
1461,HGNC:4879,62.18919350891461
1462,HGNC:4878,20.3130541707126
1463,HGNC:7530,12.3047712591228
1464,HGNC:6315,10.6832690152054
1465,HGNC:14118,0.0
1466,HGNC:18871,0.5268892793564509
1467,HGNC:7684,13.3790789841202
1468,HGNC:3579,6.742192091099559
1469,HGNC:3575,3.08592178450212
1470,HGNC:3574,14.8625052071094
1471,HGNC:3571,0.0
1472,HGNC:3570,17.3043801861708
1473,HGNC:20989,3.6209769651811694
1474,HGNC:8962,13.0816423708322
1475,HGNC:8960,10.0119965007213
1476,HGNC:8967,9.377850997609169
1477,HGNC:8966,4.95587359087707
1478,HGNC:8965,4.071033136141351
1479,HGNC:8964,11.916392616976099
1480,HGNC:6821,6.6651589151413
1481,HGNC:6822,44.672016137829104
1482,HGNC:6823,14.784112113768199
1483,HGNC:6824,20.624438421226802
1484,HGNC:6825,15.315493996201301
1485,HGNC:6826,12.1405978102334
1486,HGNC:6827,22.94868765233589
1487,HGNC:10545,19.8114809116223
1488,HGNC:10547,2.7600400168548
1489,HGNC:5322,1.76207053236219
1490,HGNC:10540,22.1707212300851
1491,HGNC:14601,44.3364753275412
1492,HGNC:14937,25.2767206161759
1493,HGNC:14938,25.434611029355306
1494,HGNC:8819,26.6182347653423
1495,HGNC:8818,0.0571197188474168
1496,HGNC:18057,0.0960227840299108
1497,HGNC:30650,0.0
1498,HGNC:6179,2.71403851787505
1499,HGNC:6176,22.841657767931
1500,HGNC:17804,0.043273949519284
1501,HGNC:1421,5.3978767999446
1502,HGNC:3368,23.4739048555712
1503,HGNC:1424,30.411407271258106
1504,HGNC:3364,2.71159520730248
1505,HGNC:3365,0.0714175615740766
1506,HGNC:3367,3.46140260112782
1507,HGNC:3363,0.0531991672989363
1508,HGNC:29831,13.421846653110599
1509,HGNC:29832,28.6140263953782
1510,HGNC:735,24.631789197204103
1511,HGNC:4057,55.236184694479505
1512,HGNC:469,14.2842518672296
1513,HGNC:468,0.477200510659037
1514,HGNC:8109,43.5747664887578
1515,HGNC:8108,20.1098426225901
1516,HGNC:18120,0.0
1517,HGNC:18125,3.11178838210726
1518,HGNC:15463,7.4718211041419105
1519,HGNC:26777,13.920301506428899
1520,HGNC:14423,0.0
1521,HGNC:10984,4.761485134621241
1522,HGNC:1516,32.4547175651575
1523,HGNC:8587,96.0061254127141
1524,HGNC:30092,17.3586936784868
1525,HGNC:9060,2.94113206185243
1526,HGNC:12547,0.452500431678524
1527,HGNC:12546,0.6181365174988079
1528,HGNC:12545,0.122364321501188
1529,HGNC:12544,0.0379966386022981
1530,HGNC:13818,0.5295407035374989
1531,HGNC:12540,0.0
1532,HGNC:13817,1.44528624824596
1533,HGNC:13815,0.233679327404134
1534,HGNC:13812,6.159624748172281
1535,HGNC:13811,3.4364751329973595
1536,HGNC:24436,0.0511901747133462
1537,HGNC:24437,12.4271946390326
1538,HGNC:16049,78.0567905754146
1539,HGNC:19721,39.6029428794979
1540,HGNC:11559,50.559998787603995
1541,HGNC:23987,78.5958840130106
1542,HGNC:4019,11.774816841664
1543,HGNC:13709,9.36001054507751
1544,HGNC:25846,10.0225630069715
1545,HGNC:4012,4.75442419597547
1546,HGNC:4014,0.120899729236115
1547,HGNC:24723,11.7771676725191
1548,HGNC:45,0.6212902752411489
1549,HGNC:7688,14.8514487771192
1550,HGNC:4707,0.0
1551,HGNC:4706,15.6940190256603
1552,HGNC:2321,8.987793832900302
1553,HGNC:4700,3.04368184324324
1554,HGNC:2329,0.0330620102123893
1555,HGNC:2328,68.1636420553359
1556,HGNC:10959,0.0
1557,HGNC:10952,1.86842055109136
1558,HGNC:10953,8.49753212188614
1559,HGNC:10956,0.105942358877255
1560,HGNC:27168,0.0
1561,HGNC:10955,0.106268342741308
1562,HGNC:3769,0.0
1563,HGNC:16266,0.0790134490844156
1564,HGNC:4643,29.458251099238897
1565,HGNC:13557,0.029220819216269
1566,HGNC:7898,0.218278408487765
1567,HGNC:8878,48.295497291142304
1568,HGNC:26160,8.11204045317515
1569,HGNC:7892,28.9196772704606
1570,HGNC:17027,1.5830652109278998
1571,HGNC:21359,0.293066514282218
1572,HGNC:986,26.7164695782553
1573,HGNC:987,6.57978537184268
1574,HGNC:5157,15.7118383104094
1575,HGNC:115,82.52879497327692
1576,HGNC:117,9.945682743647463
1577,HGNC:119,21.800627776462694
1578,HGNC:13528,0.6478295093423591
1579,HGNC:4800,106.110959656762
1580,HGNC:4801,92.8583492575681
1581,HGNC:251,0.0
1582,HGNC:4805,17.144238074799198
1583,HGNC:4806,0.2400692297890661
1584,HGNC:4809,0.0
1585,HGNC:12390,44.743029550111196
1586,HGNC:9465,23.1354800761452
1587,HGNC:10606,9.066761731421881
1588,HGNC:9463,0.0
1589,HGNC:7694,89.3540232733627
1590,HGNC:2073,6.178927228997719
1591,HGNC:11609,0.0
1592,HGNC:14129,3.3881581844723
1593,HGNC:9083,16.0930250938514
1594,HGNC:9082,32.2218513196307
1595,HGNC:9081,22.6720025030622
1596,HGNC:14120,0.0
1597,HGNC:21597,6.85998854643476
1598,HGNC:8956,1.8331086749815
1599,HGNC:8957,4.83598916944462
1600,HGNC:21755,0.0
1601,HGNC:8975,9.145982482654821
1602,HGNC:2671,0.0
1603,HGNC:12553,0.0
1604,HGNC:23198,3.40918361385406
1605,HGNC:6833,6.75627468125424
1606,HGNC:6831,13.618472671670695
1607,HGNC:15894,9.045192969531339
1608,HGNC:6834,3.20390524365416
1609,HGNC:18606,0.572241042985269
1610,HGNC:14639,0.14502528060412698
1611,HGNC:18590,0.553355950910606
1612,HGNC:18596,0.21974056050634305
1613,HGNC:18264,5.12219315809925
1614,HGNC:18265,0.0
1615,HGNC:18266,0.0440408296373473
1616,HGNC:8778,0.0
1617,HGNC:8779,3.5871636177772404
1618,HGNC:18044,0.11992734535486
1619,HGNC:29489,24.2445487559752
1620,HGNC:6469,99.03872903953341
1621,HGNC:8772,1.47163699779796
1622,HGNC:8773,0.0956609873894722
1623,HGNC:30862,33.2285585409873
1624,HGNC:30863,80.61097946574999
1625,HGNC:8776,0.0
1626,HGNC:8777,0.133360433867776
1627,HGNC:30866,8.39520647686577
1628,HGNC:8775,0.0
1629,HGNC:18281,6.41450136679652
1630,HGNC:17818,0.0
1631,HGNC:17819,0.0
1632,HGNC:7103,0.0
1633,HGNC:28577,0.0977310545323155
1634,HGNC:20244,0.25369352905680204
1635,HGNC:30262,6.987770399060558
1636,HGNC:30260,34.3705311054619
1637,HGNC:29821,20.5857051356413
1638,HGNC:29799,10.0665691094214
1639,HGNC:4248,21.267115909595105
1640,HGNC:4249,14.327535584008801
1641,HGNC:4242,0.623972697552054
1642,HGNC:4241,25.725400848661398
1643,HGNC:15472,0.0
1644,HGNC:14412,0.0922327831285829
1645,HGNC:14411,1.58667493651654
1646,HGNC:11177,7.31433682612241
1647,HGNC:14416,11.608808030187195
1648,HGNC:14415,5.969259507218879
1649,HGNC:11179,221.192214468237
1650,HGNC:14418,43.188370801645604
1651,HGNC:42,0.0
1652,HGNC:40,0.0442649559968248
1653,HGNC:28750,0.275247544562074
1654,HGNC:1564,2.3347434553799
1655,HGNC:2422,83.9193910185286
1656,HGNC:12805,0.0
1657,HGNC:12554,0.0
1658,HGNC:12555,2.8053352305367203
1659,HGNC:478,0.6102120212833271
1660,HGNC:6544,0.0812903163866924
1661,HGNC:6541,0.0
1662,HGNC:473,1.10615479271421
1663,HGNC:470,0.347313232674211
1664,HGNC:7468,13.1269885003377
1665,HGNC:476,0.0
1666,HGNC:477,0.0590032596045862
1667,HGNC:474,0.0
1668,HGNC:475,0.0
1669,HGNC:7462,0.0
1670,HGNC:7461,0.0
1671,HGNC:7460,0.0
1672,HGNC:1368,0.0
1673,HGNC:11011,0.0
1674,HGNC:13446,0.0
1675,HGNC:18067,0.0
1676,HGNC:18301,0.0
1677,HGNC:11039,0.0
1678,HGNC:45241,0.0
1679,HGNC:24515,0.0
1680,HGNC:21606,0.0
1681,HGNC:693,0.0
1682,HGNC:17146,0.0
1683,HGNC:24261,0.0
1684,HGNC:13824,0.0
1685,HGNC:3434,0.0
1686,HGNC:14280,0.0
1687,HGNC:29683,0.0
1688,HGNC:1334,0.0
