,HGNC_ID,MCF7_TAM_FPKM
0,HGNC:13734,0.0
1,HGNC:4020,12.9501735259674
2,HGNC:4021,5.83768294622746
3,HGNC:344,24.06944839999389
4,HGNC:341,0.0
5,HGNC:3999,349.64680307685205
6,HGNC:343,103.062975445987
7,HGNC:964,0.0
8,HGNC:12705,0.0
9,HGNC:12706,0.0
10,HGNC:10967,0.0
11,HGNC:10966,0.0
12,HGNC:10963,0.202377923114053
13,HGNC:10962,0.0
14,HGNC:10961,0.0
15,HGNC:10969,17.069499109749998
16,HGNC:10968,1.01014824174624
17,HGNC:292,16.6774085984895
18,HGNC:291,33.680206445233196
19,HGNC:3773,1.04329764243669
20,HGNC:3772,0.480888042955132
21,HGNC:3771,0.0
22,HGNC:3770,0.0
23,HGNC:16496,0.0
24,HGNC:16253,0.0
25,HGNC:19977,0.0655004791060257
26,HGNC:13542,0.0
27,HGNC:16704,0.0510329194225555
28,HGNC:19979,0.964330803638463
29,HGNC:19978,10.0171890356007
30,HGNC:16703,0.0
31,HGNC:12019,0.0
32,HGNC:12015,0.0
33,HGNC:2269,310.87733630166696
34,HGNC:2267,110.18534886827
35,HGNC:2265,124.208572614881
36,HGNC:17038,0.6082392859576949
37,HGNC:9251,41.4946820580005
38,HGNC:108,0.14715586893863095
39,HGNC:24887,1.46261824750405
40,HGNC:7861,0.0
41,HGNC:4810,0.0758121700973635
42,HGNC:4819,0.0
43,HGNC:4818,0.0
44,HGNC:16815,0.23668189688933
45,HGNC:3151,122.192104840269
46,HGNC:1373,1.15766002837751
47,HGNC:21298,13.9988247188749
48,HGNC:20800,3.81315275727501
49,HGNC:14135,8.32869359006465
50,HGNC:1372,0.0
51,HGNC:17729,8.087025754549767
52,HGNC:9326,0.820354777152833
53,HGNC:9325,472.399710438174
54,HGNC:8940,5.50951345393168
55,HGNC:3518,5.049807993816558
56,HGNC:18859,1.05657820879056
57,HGNC:18857,0.0
58,HGNC:3512,3.82329588121108
59,HGNC:3516,1.06766557935457
60,HGNC:3515,0.0960967417676595
61,HGNC:1375,4.7050959592029695
62,HGNC:2689,0.0
63,HGNC:1374,0.0
64,HGNC:91,4.80461063586913
65,HGNC:90,2.68781231932937
66,HGNC:93,12.5912774786165
67,HGNC:92,42.674238336666704
68,HGNC:95,16.3674694580807
69,HGNC:94,15.5938413683601
70,HGNC:1991,20.106760240472802
71,HGNC:24157,7.52037019896771
72,HGNC:30412,30.1728844939437
73,HGNC:1995,24.840099063754806
74,HGNC:1994,0.0
75,HGNC:1996,0.0
76,HGNC:8830,23.294488822068402
77,HGNC:2860,62.2864824263793
78,HGNC:2861,45.0037454442459
79,HGNC:18704,43.674734779439405
80,HGNC:550,0.0619053637386271
81,HGNC:553,0.510836076619501
82,HGNC:30324,8.359671047426161
83,HGNC:14247,155.47609985333298
84,HGNC:3014,6.421519139745259
85,HGNC:14240,2.19623640988073
86,HGNC:17996,0.379704512322269
87,HGNC:17827,0.0
88,HGNC:17822,31.8260991299823
89,HGNC:17820,33.1657696952294
90,HGNC:29567,0.0
91,HGNC:30259,0.513027193955625
92,HGNC:18070,0.106925106432539
93,HGNC:30521,3.76887769281788
94,HGNC:4259,0.658637222975046
95,HGNC:15917,3.31212067726411
96,HGNC:6970,100.99099016330601
97,HGNC:6971,215.083948336426
98,HGNC:4251,0.0
99,HGNC:4250,0.476654088916139
100,HGNC:15919,6.3169264914957415
101,HGNC:30748,0.0231587608942955
102,HGNC:15449,0.0
103,HGNC:18149,2.37078842793293
104,HGNC:28697,15.2099860821472
105,HGNC:14409,15.1093305639206
106,HGNC:14404,0.0
107,HGNC:8052,72.0845285111808
108,HGNC:8548,382.54032913923
109,HGNC:8016,19.56177313220289
110,HGNC:8547,15.1517468413092
111,HGNC:8546,22.311214788892602
112,HGNC:8056,6.39234434230042
113,HGNC:7456,0.0
114,HGNC:7455,0.0
115,HGNC:7450,5.90602281806814
116,HGNC:7451,9.70853054333878
117,HGNC:7458,0.0
118,HGNC:7459,0.0
119,HGNC:407,19.223793219112
120,HGNC:406,9.945811509181961
121,HGNC:405,0.0
122,HGNC:404,0.0
123,HGNC:403,31.8426441057033
124,HGNC:402,0.0
125,HGNC:7692,38.283437202570894
126,HGNC:8494,0.0502255626895033
127,HGNC:1378,1.04447854505492
128,HGNC:7698,53.0505891975916
129,HGNC:7699,65.5250417856905
130,HGNC:409,1.76587042726357
131,HGNC:408,13.877410404391
132,HGNC:13724,44.7365011941786
133,HGNC:13726,35.3990993559836
134,HGNC:11573,0.0
135,HGNC:11377,0.0
136,HGNC:9462,29.878152914215804
137,HGNC:19419,0.0
138,HGNC:7526,18.92596396229889
139,HGNC:7529,14.177563259876301
140,HGNC:19366,7.49467291245639
141,HGNC:19365,91.7922205766285
142,HGNC:397,0.0
143,HGNC:396,12.270440894584
144,HGNC:395,13.8904361610065
145,HGNC:10970,0.0
146,HGNC:10971,0.0
147,HGNC:10972,0.0
148,HGNC:10973,6.3817932218005184
149,HGNC:10974,0.163376671518588
150,HGNC:10975,2.55401827009717
151,HGNC:10976,0.0118613874986281
152,HGNC:10977,3.93435726863725
153,HGNC:10978,0.0
154,HGNC:10979,67.6581500246693
155,HGNC:16065,13.057901665279903
156,HGNC:19708,12.4730046030458
157,HGNC:11284,20.8252687409029
158,HGNC:16484,0.0
159,HGNC:13531,5.34840228342599
160,HGNC:4623,61.359107674548596
161,HGNC:4624,16.095711803043198
162,HGNC:240,11.614734497038901
163,HGNC:4626,0.0602518465253648
164,HGNC:249,0.0
165,HGNC:7714,7.11541324850397
166,HGNC:2277,525.998620166435
167,HGNC:12008,0.0708415650055804
168,HGNC:12009,891.105397069077
169,HGNC:2279,0.0
170,HGNC:20886,12.417426305231599
171,HGNC:20885,0.0741935605799933
172,HGNC:20880,9.84198157754628
173,HGNC:20739,6.478139427670749
174,HGNC:7852,42.1039195714885
175,HGNC:7850,1.34365492468382
176,HGNC:7851,41.159702901912496
177,HGNC:17287,20.0950371057596
178,HGNC:179,7.497226850444808
179,HGNC:177,0.7881279189105951
180,HGNC:13448,116.08471036202299
181,HGNC:13445,0.0
182,HGNC:13444,9.13856188571988
183,HGNC:13447,123.99771542139
184,HGNC:4820,0.102800272224768
185,HGNC:21285,0.065723687417854
186,HGNC:27960,0.0
187,HGNC:7218,0.0
188,HGNC:14897,9.34418031295173
189,HGNC:7216,20.40316735728189
190,HGNC:2698,2.3578863151714
191,HGNC:2690,114.414482677911
192,HGNC:19975,3.61653792630265
193,HGNC:26965,10.229883951006599
194,HGNC:9755,1.90301231091245
195,HGNC:9752,3.11632934748516
196,HGNC:20461,1.4269041427168798
197,HGNC:20460,0.0
198,HGNC:10571,228.655272728125
199,HGNC:21065,0.297403486087421
200,HGNC:5198,0.18982889835402805
201,HGNC:30404,1.01459960210647
202,HGNC:24141,0.0
203,HGNC:5195,0.0
204,HGNC:5194,0.0
205,HGNC:5196,0.0508814564642376
206,HGNC:5193,6.88460073623055
207,HGNC:19877,4.60716240129528
208,HGNC:13265,0.22723553546709
209,HGNC:8840,5.36124482252872
210,HGNC:18449,22.368224150512
211,HGNC:3354,2.62815523004193
212,HGNC:3357,0.112229363239856
213,HGNC:3356,1.45660934917274
214,HGNC:20263,3.24383325096508
215,HGNC:3350,385.10477429466596
216,HGNC:3353,20.4911034556477
217,HGNC:3358,0.0927464105446947
218,HGNC:17836,1.10052017533633
219,HGNC:29570,0.920712069352871
220,HGNC:7064,19.5661322477369
221,HGNC:7063,10.409567895347699
222,HGNC:7061,12.7552102044258
223,HGNC:1769,31.194948640906702
224,HGNC:30242,24.0668896067684
225,HGNC:29594,132.714632576448
226,HGNC:18155,4.5239739882097
227,HGNC:14471,10.6972387432763
228,HGNC:14472,0.6474191363803039
229,HGNC:1548,15.403620157952199
230,HGNC:1549,1.50315353085132
231,HGNC:549,0.6754537211226259
232,HGNC:30596,2.52299309356231
233,HGNC:8022,7.70797023441648
234,HGNC:8021,0.36381261160611705
235,HGNC:11025,0.0
236,HGNC:11024,7.35576429660945
237,HGNC:11027,0.0
238,HGNC:11026,72.0544830853205
239,HGNC:11021,18.91966044202961
240,HGNC:11020,0.0
241,HGNC:11023,10.0579887708991
242,HGNC:11022,14.920618971721801
243,HGNC:7449,18.7113679368722
244,HGNC:11029,0.564718300789977
245,HGNC:11028,51.837104173369205
246,HGNC:414,252.336470113218
247,HGNC:7686,103.475554056362
248,HGNC:7685,109.44884325900999
249,HGNC:417,0.0
250,HGNC:410,0.15008205492678
251,HGNC:411,51.503008373594895
252,HGNC:412,21.4372735842974
253,HGNC:7680,39.8161870512458
254,HGNC:418,6.775431448943781
255,HGNC:1381,0.0
256,HGNC:1382,0.34836252348187496
257,HGNC:1383,0.165479331383692
258,HGNC:3825,2.95349606823556
259,HGNC:3824,18.221464299386
260,HGNC:4289,3.0319805456635
261,HGNC:365,0.0
262,HGNC:362,33.3084861419628
263,HGNC:363,25.25879227016589
264,HGNC:361,8.85175671477495
265,HGNC:380,24.144198958459306
266,HGNC:381,0.0
267,HGNC:384,1.5409351344710498
268,HGNC:6178,2.43386177229827
269,HGNC:387,0.107866980272759
270,HGNC:388,1.04064475212784
271,HGNC:389,14.432161687106301
272,HGNC:10989,133.495903809424
273,HGNC:10988,0.0
274,HGNC:10985,21.1044791644329
275,HGNC:19288,0.0
276,HGNC:10986,10.591222445233
277,HGNC:10981,26.0344877492897
278,HGNC:10980,43.9044918729707
279,HGNC:10983,16.791980169839803
280,HGNC:10982,7.39743441113855
281,HGNC:7863,40.1970330860441
282,HGNC:11296,24.442844145641107
283,HGNC:4632,0.108504169185762
284,HGNC:13527,23.5654112960008
285,HGNC:252,0.0
286,HGNC:253,36.8750395353576
287,HGNC:250,0.0
288,HGNC:16232,0.0
289,HGNC:256,0.0
290,HGNC:257,34.0026441627339
291,HGNC:255,0.0
292,HGNC:2205,10.754158626752698
293,HGNC:6257,3.45851338934501
294,HGNC:6685,0.128526030073099
295,HGNC:20728,5.03412364865772
296,HGNC:21385,6.178986539214653
297,HGNC:7849,111.742823040207
298,HGNC:16832,85.92813036093041
299,HGNC:17296,16.0969064915036
300,HGNC:2519,27.802383020009106
301,HGNC:20091,4.57507528528415
302,HGNC:20093,1.23751145798969
303,HGNC:21705,41.9696173659004
304,HGNC:16906,36.3918204309458
305,HGNC:10761,40.5977570165765
306,HGNC:4336,9.3610984507374
307,HGNC:15938,22.749878885204396
308,HGNC:18540,0.212436911169151
309,HGNC:24174,0.0
310,HGNC:1973,0.184950288384822
311,HGNC:1972,0.0
312,HGNC:1971,1.60422161511633
313,HGNC:1970,0.0
314,HGNC:18431,1.74132837703756
315,HGNC:808,0.0
316,HGNC:13273,0.0
317,HGNC:801,0.222013340748865
318,HGNC:800,0.0
319,HGNC:806,42.662845392521
320,HGNC:805,0.0
321,HGNC:804,36.0601276269656
322,HGNC:2849,0.07056939653409901
323,HGNC:18761,4.25083497671906
324,HGNC:18762,0.0
325,HGNC:2843,7.53071648725314
326,HGNC:26820,0.295693615527317
327,HGNC:7056,26.673927665712
328,HGNC:33238,10.1904164611427
329,HGNC:30502,0.0
330,HGNC:8149,7.896692312963821
331,HGNC:18161,0.0
332,HGNC:24381,0.0
333,HGNC:8636,14.4009158760755
334,HGNC:325,21.3465130521176
335,HGNC:24382,0.0
336,HGNC:18168,0.11670670168515306
337,HGNC:18360,8.34015830173806
338,HGNC:24380,0.0464849748680869
339,HGNC:1550,43.2296133732414
340,HGNC:14468,0.0
341,HGNC:14469,0.0249277705477178
342,HGNC:59,0.149973686413447
343,HGNC:55,8.93611238719902
344,HGNC:54,8.79411343350473
345,HGNC:56,35.0411256301292
346,HGNC:51,19.045732545982002
347,HGNC:14467,0.0867447734762209
348,HGNC:53,0.254558385438781
349,HGNC:12582,36.36011479926
350,HGNC:8527,28.0773923769801
351,HGNC:12586,77.59136892943391
352,HGNC:12585,77.0510450402532
353,HGNC:11036,0.0
354,HGNC:11037,0.0565672857391678
355,HGNC:11034,1.4841449071288702
356,HGNC:11035,0.0
357,HGNC:11033,13.369547020387001
358,HGNC:11030,0.0
359,HGNC:17720,9.8726329755812
360,HGNC:11038,16.659866245427498
361,HGNC:429,0.0
362,HGNC:850,22.5817010171014
363,HGNC:12457,20.499454413400397
364,HGNC:4298,32.2803729285654
365,HGNC:27015,0.422356679209713
366,HGNC:4296,33.6176432935075
367,HGNC:4291,0.0
368,HGNC:3513,20.4070344429063
369,HGNC:19342,0.632762994513427
370,HGNC:19343,0.0
371,HGNC:21727,1.26093775215728
372,HGNC:10998,16.1325261685033
373,HGNC:10999,6.949250145478902
374,HGNC:10996,4.17185279007526
375,HGNC:10997,8.20593693937413
376,HGNC:10994,7.451918532141192
377,HGNC:10995,0.943069635516332
378,HGNC:10992,126.28141476218
379,HGNC:10993,0.0628740540269577
380,HGNC:10990,16.4648939625753
381,HGNC:10991,461.298929704972
382,HGNC:17358,1.91844380873043
383,HGNC:16732,8.42403920419807
384,HGNC:4208,45.89662862570579
385,HGNC:20233,10.6480401427772
386,HGNC:6694,17.16995433261
387,HGNC:16354,0.286491623184333
388,HGNC:18811,0.0
389,HGNC:123,11.0707978409846
390,HGNC:6344,0.0484557906482489
391,HGNC:12587,112.505260424487
392,HGNC:6186,20.4103619957084
393,HGNC:17198,17.0916970032191
394,HGNC:17194,7.72548922099682
395,HGNC:26057,6.118512685154389
396,HGNC:11647,8.20119828914649
397,HGNC:2727,0.22570644906693105
398,HGNC:9352,552.272537395322
399,HGNC:9603,0.0
400,HGNC:9605,0.0
401,HGNC:9604,2.75316916252045
402,HGNC:9354,107.80786021820299
403,HGNC:7944,1.19955629607117
404,HGNC:10941,0.0264399425221321
405,HGNC:7943,0.0
406,HGNC:20661,3.3731374439530897
407,HGNC:20667,8.23706110678966
408,HGNC:8998,10.8518044399213
409,HGNC:8999,13.562002329730301
410,HGNC:1801,6.032303897651548
411,HGNC:1800,14.195085430376695
412,HGNC:8996,3.92377422973485
413,HGNC:8997,14.9979362836847
414,HGNC:8994,59.9149932809608
415,HGNC:8995,0.10579602892358304
416,HGNC:20910,5.7661403129614985
417,HGNC:14679,0.0
418,HGNC:14859,22.275477627906
419,HGNC:14073,0.0
420,HGNC:8863,16.307606778213902
421,HGNC:9280,3.44942831616709
422,HGNC:819,0.0
423,HGNC:33426,0.0
424,HGNC:814,45.0846326005117
425,HGNC:815,0.0
426,HGNC:816,0.0
427,HGNC:817,13.589942611118099
428,HGNC:2859,105.978815836076
429,HGNC:2858,31.8071815186113
430,HGNC:2851,4.02063029698703
431,HGNC:2850,0.0
432,HGNC:2853,0.0192279707619453
433,HGNC:2852,10.5355038586486
434,HGNC:2855,0.105283472249849
435,HGNC:2854,15.492853281936199
436,HGNC:2857,18.3358980207449
437,HGNC:2856,2.57542579476996
438,HGNC:7045,14.892407345013002
439,HGNC:7044,21.15551098980589
440,HGNC:7047,12.150960783214199
441,HGNC:7046,0.0
442,HGNC:7043,0.0991497844579954
443,HGNC:7049,15.0598991065454
444,HGNC:7048,53.4308152802552
445,HGNC:18170,38.2653500189493
446,HGNC:18175,8.43630637175151
447,HGNC:8603,28.780709534240003
448,HGNC:6985,0.0
449,HGNC:6984,3.5607772354168
450,HGNC:6983,11.9181818590139
451,HGNC:8604,4.22417671545785
452,HGNC:18080,0.0653008839436914
453,HGNC:8512,0.0
454,HGNC:12591,12.101406163306198
455,HGNC:12592,13.974658002500599
456,HGNC:8049,20.6919973990021
457,HGNC:4195,0.0
458,HGNC:4193,10.033256011626401
459,HGNC:11003,22.858211641800604
460,HGNC:11002,0.0522035893159271
461,HGNC:11001,0.0
462,HGNC:11000,0.769382783613933
463,HGNC:11007,0.0653008839436914
464,HGNC:11006,0.0
465,HGNC:11005,33.0727803318696
466,HGNC:11004,34.063426397179605
467,HGNC:11009,1.46692224485554
468,HGNC:24289,11.3204414910064
469,HGNC:24288,7.563378852066378
470,HGNC:23061,0.0
471,HGNC:438,0.0
472,HGNC:439,0.134542142119074
473,HGNC:437,0.0
474,HGNC:434,0.0
475,HGNC:435,0.0502059509898979
476,HGNC:433,0.382418031846053
477,HGNC:29622,8.7847940704125
478,HGNC:23487,0.0
479,HGNC:23248,0.0
480,HGNC:23242,0.0206550105196994
481,HGNC:12442,0.0
482,HGNC:12441,24.123499573015298
483,HGNC:19119,0.039128861985736
484,HGNC:2867,8.47646908843039
485,HGNC:28883,45.055968548509796
486,HGNC:30325,0.8818178478731871
487,HGNC:12450,2.8612504141336
488,HGNC:4175,0.0583779525471639
489,HGNC:13887,0.0
490,HGNC:4177,23.403875776479893
491,HGNC:26444,0.0
492,HGNC:26441,0.0
493,HGNC:24622,4.79621952073388
494,HGNC:9940,0.37577430244070703
495,HGNC:25625,0.0
496,HGNC:17345,0.0
497,HGNC:238,1.50154425778505
498,HGNC:239,0.0
499,HGNC:234,16.990076122335
500,HGNC:235,0.0
501,HGNC:236,0.0
502,HGNC:237,16.120007740987102
503,HGNC:232,4.43473346658165
504,HGNC:233,0.0
505,HGNC:2228,32.823901366639106
506,HGNC:25712,2.67759424172669
507,HGNC:25575,36.920093625015504
508,HGNC:13479,0.0
509,HGNC:3401,2.7421729013416
510,HGNC:26063,14.398652470829699
511,HGNC:121,8.21526408424115
512,HGNC:3402,2.52643391830428
513,HGNC:20675,0.0
514,HGNC:2710,27.075562883744002
515,HGNC:2719,0.0516998152332644
516,HGNC:11178,0.124049629025691
517,HGNC:8984,38.803572989770004
518,HGNC:7223,6.47359090882396
519,HGNC:8981,37.754772052101394
520,HGNC:8980,13.1785706754431
521,HGNC:8983,25.7597742418541
522,HGNC:10691,0.0
523,HGNC:9160,0.0
524,HGNC:3795,0.0
525,HGNC:3791,0.0
526,HGNC:3793,0.0
527,HGNC:4982,13.2645994085221
528,HGNC:932,0.10933455823565302
529,HGNC:930,18.6016238434008
530,HGNC:2158,20.6088314220706
531,HGNC:5382,30.5427291998277
532,HGNC:5383,200.33351613134
533,HGNC:5384,28.345142586669397
534,HGNC:5385,27.516079472655697
535,HGNC:5386,45.0911467186074
536,HGNC:5387,27.405876825081897
537,HGNC:5389,12.9703226435855
538,HGNC:11834,109.536579558805
539,HGNC:11835,0.0
540,HGNC:11830,66.1831214033169
541,HGNC:11831,0.5133685861991489
542,HGNC:8873,2.46132428727254
543,HGNC:8872,0.204632531276066
544,HGNC:8875,2.48602939839769
545,HGNC:8874,7.2245675190524015
546,HGNC:8877,16.8267596189429
547,HGNC:8876,37.2759916636375
548,HGNC:18966,3.7767157003523
549,HGNC:3247,1.03560989064287
550,HGNC:21474,6.42887202425642
551,HGNC:820,0.0
552,HGNC:823,257.154880970257
553,HGNC:18985,158.976931842288
554,HGNC:18987,8.53006258090995
555,HGNC:15629,12.254379558786301
556,HGNC:1712,0.0
557,HGNC:794,24.1215528844001
558,HGNC:799,78.12079942871809
559,HGNC:15827,0.0
560,HGNC:23506,17.953885352381
561,HGNC:15829,7.16425007420085
562,HGNC:15956,1.25166314550136
563,HGNC:11120,3.09763975892292
564,HGNC:11121,11.5516230349069
565,HGNC:11123,73.34297719896671
566,HGNC:922,0.0
567,HGNC:3018,0.0
568,HGNC:17978,10.776189496246399
569,HGNC:3012,0.7406276027246009
570,HGNC:3013,0.0
571,HGNC:10850,16.4627504148714
572,HGNC:17973,0.0748413506898303
573,HGNC:3015,0.137051810785356
574,HGNC:29437,0.0814812677345554
575,HGNC:8725,10.3139042352632
576,HGNC:8724,0.0
577,HGNC:4189,6.379796665292632
578,HGNC:4188,11.5227870161536
579,HGNC:626,304.315875249808
580,HGNC:23657,6.45704823473527
581,HGNC:4180,8.87719403097198
582,HGNC:4187,0.0
583,HGNC:6535,180.099070573764
584,HGNC:6530,0.102468473450055
585,HGNC:4341,18.7374159500941
586,HGNC:11018,0.0
587,HGNC:11019,0.0
588,HGNC:25985,6.45577107038302
589,HGNC:11010,0.0398689737938383
590,HGNC:11012,14.5270844552078
591,HGNC:24292,2.91093768013669
592,HGNC:24293,2.4669783827329903
593,HGNC:24290,0.0
594,HGNC:24291,13.4002307306604
595,HGNC:17,0.0800606727802793
596,HGNC:19,0.0598312891973609
597,HGNC:4163,28.00208306661
598,HGNC:24948,3.70038715229149
599,HGNC:11240,6.06033795917166
600,HGNC:19748,5.5149637462984
601,HGNC:16029,0.0717908657091728
602,HGNC:9959,0.0
603,HGNC:19256,17.645048075574394
604,HGNC:16753,204.030070230892
605,HGNC:17376,15.7487191764948
606,HGNC:8889,0.300064038471712
607,HGNC:20692,0.0
608,HGNC:14025,0.0
609,HGNC:17579,5.85116232622416
610,HGNC:4570,38.8681547238509
611,HGNC:2097,0.0
612,HGNC:21088,4.12215773184645
613,HGNC:2520,10.0351832668583
614,HGNC:11460,6.373924400117482
615,HGNC:2709,0.0
616,HGNC:2704,14.355270617961304
617,HGNC:2707,0.0141154287501513
618,HGNC:2703,43.797072972098896
619,HGNC:10682,17.0602925548173
620,HGNC:10683,43.6463002533432
621,HGNC:10680,122.265248375623
622,HGNC:10681,66.029288214197
623,HGNC:16977,0.0
624,HGNC:13312,40.339945068235004
625,HGNC:928,28.016662513154696
626,HGNC:929,1.1451594740804698
627,HGNC:9577,5.79959611884439
628,HGNC:920,0.31057352774185604
629,HGNC:921,0.0
630,HGNC:4976,3.57741249992553
631,HGNC:923,25.2898178948354
632,HGNC:12266,0.0
633,HGNC:925,25.0262069727755
634,HGNC:926,22.473276125641107
635,HGNC:5391,2.19928037542356
636,HGNC:10536,0.0303463395055767
637,HGNC:12839,3.0982515779549
638,HGNC:20113,7.4126495938045585
639,HGNC:833,150.949118984398
640,HGNC:830,428.2193867052189
641,HGNC:8888,255.590043966381
642,HGNC:837,54.73577787720329
643,HGNC:838,9.95816167766371
644,HGNC:24104,1.38468012830138
645,HGNC:33159,0.0
646,HGNC:23614,0.0
647,HGNC:18407,2.5275210241211
648,HGNC:17174,4.7171267771086605
649,HGNC:14239,2.9597285990379305
650,HGNC:924,15.096136737120302
651,HGNC:60,2.8905180374980803
652,HGNC:61,9.68541855182736
653,HGNC:3006,18.04741564377289
654,HGNC:66,0.0
655,HGNC:3002,0.0
656,HGNC:1371,8.73356199521628
657,HGNC:17968,0.0
658,HGNC:7695,95.6088660017622
659,HGNC:17964,37.3806588471963
660,HGNC:7696,151.982435485922
661,HGNC:7150,12.418413386263001
662,HGNC:7697,155.636553504495
663,HGNC:7690,49.085306671687604
664,HGNC:29932,17.180766217782
665,HGNC:500,0.0
666,HGNC:7691,45.276842290489704
667,HGNC:633,0.101883867262384
668,HGNC:634,0.0
669,HGNC:1377,0.0
670,HGNC:636,3.96628714716837
671,HGNC:637,0.0
672,HGNC:638,0.0
673,HGNC:7693,34.835593599975
674,HGNC:4378,74.9162529862455
675,HGNC:6522,0.0
676,HGNC:8582,0.082131868722535
677,HGNC:4376,0.254608793039858
678,HGNC:4377,33.5066955239704
679,HGNC:11069,0.0
680,HGNC:11068,0.8844050494367101
681,HGNC:18290,18.8494241067942
682,HGNC:2898,44.69063459431379
683,HGNC:11061,0.0
684,HGNC:11060,6.41741235932905
685,HGNC:11063,44.406340330435114
686,HGNC:2896,16.922755627587097
687,HGNC:11065,0.0
688,HGNC:11064,29.3170079943677
689,HGNC:11067,0.0530434985499705
690,HGNC:11066,0.319416534742341
691,HGNC:17890,0.0
692,HGNC:29957,0.218973811013534
693,HGNC:26516,9.40475672528703
694,HGNC:19134,0.955598609448674
695,HGNC:19133,3.16130483837403
696,HGNC:3149,27.1827381686278
697,HGNC:4923,13.0154521737378
698,HGNC:4799,25.3157654841186
699,HGNC:4795,4.76787437015616
700,HGNC:4796,0.557215343380839
701,HGNC:11257,32.0782647954673
702,HGNC:24649,10.1255825500848
703,HGNC:9920,0.0
704,HGNC:9922,0.0
705,HGNC:11782,0.0
706,HGNC:6080,54.5123304604545
707,HGNC:10817,41.1064665491368
708,HGNC:10818,9.286022652616287
709,HGNC:12536,0.35801196634681703
710,HGNC:12537,0.31044854845503805
711,HGNC:3481,183.844848433684
712,HGNC:3483,9.79218928158423
713,HGNC:3482,37.2431206922441
714,HGNC:13414,0.0
715,HGNC:3647,10.106141283192901
716,HGNC:32949,17.005280561792
717,HGNC:17366,3.26963768736951
718,HGNC:2501,1.4039392955610002
719,HGNC:11479,9.325767754254473
720,HGNC:9353,201.908697486281
721,HGNC:5013,0.4851978886231261
722,HGNC:5014,30.9289257482328
723,HGNC:4892,0.241384431448927
724,HGNC:67,5.21635847622681
725,HGNC:38831,0.0
726,HGNC:12538,1.00898521695647
727,HGNC:16940,8.907157653819011
728,HGNC:17144,35.8330571843801
729,HGNC:9141,9.60124074446302
730,HGNC:25193,20.807137671867302
731,HGNC:4417,17.6002566411975
732,HGNC:4416,18.766360533234106
733,HGNC:4415,0.0
734,HGNC:16789,0.951096210148194
735,HGNC:6269,24.8651224378942
736,HGNC:919,0.259290212128966
737,HGNC:918,9.746600816779859
738,HGNC:6069,0.224864359015615
739,HGNC:9726,0.284463363905151
740,HGNC:2605,0.168221684018921
741,HGNC:2606,0.607931160686186
742,HGNC:9725,1.07957548686086
743,HGNC:9722,83.9113530165724
744,HGNC:9723,31.000515788716502
745,HGNC:2602,0.0362292027289739
746,HGNC:9721,106.35804273787201
747,HGNC:2608,0.0
748,HGNC:2603,0.155599968316009
749,HGNC:1937,19.3079115634643
750,HGNC:1936,0.0
751,HGNC:1938,0.870727587935407
752,HGNC:21328,0.2342883390764
753,HGNC:24139,0.205833682740334
754,HGNC:847,30.8546172769097
755,HGNC:17175,0.160922954299285
756,HGNC:3465,90.20141300291071
757,HGNC:843,52.693856281527395
758,HGNC:842,107.972081433025
759,HGNC:841,82.7990948015688
760,HGNC:840,109.444931249666
761,HGNC:8896,263.317941600902
762,HGNC:8891,48.656305563035204
763,HGNC:848,68.1888187308607
764,HGNC:20583,0.0674239331332609
765,HGNC:20581,0.0540468434153546
766,HGNC:20584,8.670608449274559
767,HGNC:18210,0.0
768,HGNC:9033,0.0
769,HGNC:9030,0.0
770,HGNC:9031,0.0
771,HGNC:9036,0.21941542744902487
772,HGNC:9035,0.0439130602749756
773,HGNC:9038,0.0
774,HGNC:9039,2.79516174967671
775,HGNC:21526,2.68998277347937
776,HGNC:753,17.5101502481727
777,HGNC:750,0.0
778,HGNC:756,0.0
779,HGNC:758,15.608964390771101
780,HGNC:15791,17.370317680923602
781,HGNC:3078,18.0901474591721
782,HGNC:18324,12.165653536229598
783,HGNC:20324,8.11214135552861
784,HGNC:30031,5.94364932494151
785,HGNC:30035,0.0
786,HGNC:4369,8.182200758144539
787,HGNC:11078,0.672342193771837
788,HGNC:29674,0.7462416743187951
789,HGNC:11072,1.3467317360625402
790,HGNC:11073,0.0
791,HGNC:11070,0.0159525360403385
792,HGNC:11071,6.81552181980294
793,HGNC:11077,0.43501309008985
794,HGNC:4093,0.0
795,HGNC:4092,0.0661406586857657
796,HGNC:23215,8.846498887588249
797,HGNC:23213,8.3659557346219
798,HGNC:19129,0.0587648265471337
799,HGNC:30927,0.0
800,HGNC:23364,8.44219269876535
801,HGNC:6480,0.0
802,HGNC:12525,16.655525769976002
803,HGNC:12524,26.0938889028679
804,HGNC:12527,20.8615606248963
805,HGNC:8091,26.106598182151604
806,HGNC:4141,2943.7844929952307
807,HGNC:28107,8.51774842330504
808,HGNC:24650,15.7926857810341
809,HGNC:18554,14.8349138592202
810,HGNC:10293,35.09745220169339
811,HGNC:11285,0.0
812,HGNC:16140,7.24284608155238
813,HGNC:17223,1.69835835758084
814,HGNC:6381,0.0671773461259814
815,HGNC:4558,0.0
816,HGNC:4559,0.0
817,HGNC:4556,85.5424973202947
818,HGNC:19873,23.1903199271775
819,HGNC:4554,0.343101909233165
820,HGNC:4555,2.9935690288985004
821,HGNC:4552,0.296124920509278
822,HGNC:21063,0.0
823,HGNC:19875,4.738444312701112
824,HGNC:2548,0.0
825,HGNC:17313,15.7394227094891
826,HGNC:11449,57.188366832465896
827,HGNC:11448,18.675541373418397
828,HGNC:9155,0.0
829,HGNC:9156,0.0
830,HGNC:5007,17.8128174833713
831,HGNC:5006,31.7814079950923
832,HGNC:5005,3.51007637333467
833,HGNC:5008,0.88638138209537
834,HGNC:17423,6.871930715098291
835,HGNC:17422,3.4106013166131497
836,HGNC:1848,0.377217972923679
837,HGNC:4422,42.2971123064604
838,HGNC:6077,5.097429794120269
839,HGNC:6076,10.0470997016075
840,HGNC:6075,16.505962083039
841,HGNC:6074,5.95299953089192
842,HGNC:6071,0.16463180599888402
843,HGNC:6079,0.0
844,HGNC:2615,0.0
845,HGNC:2611,0.0
846,HGNC:2610,0.0
847,HGNC:1907,0.0
848,HGNC:854,11.911576286730002
849,HGNC:855,1.46229420535483
850,HGNC:856,25.201539001117396
851,HGNC:857,45.7570962580528
852,HGNC:13203,0.0
853,HGNC:851,49.991573200461104
854,HGNC:853,1.0101116713226
855,HGNC:9029,0.0
856,HGNC:9021,260.673842499324
857,HGNC:9020,0.0
858,HGNC:21531,0.0480753189325588
859,HGNC:11863,14.3728857552077
860,HGNC:15814,5.3959840353921695
861,HGNC:12541,0.189782199978049
862,HGNC:746,8.18328944410163
863,HGNC:13819,0.0
864,HGNC:3062,0.0
865,HGNC:3061,52.1116177317725
866,HGNC:24337,0.871465284282147
867,HGNC:7179,30.731270453125
868,HGNC:31736,30.6028011101371
869,HGNC:4311,14.426467361938501
870,HGNC:4312,4.93563369461456
871,HGNC:4313,0.0337562196075423
872,HGNC:30029,13.528433327904699
873,HGNC:11047,0.0
874,HGNC:11046,0.0
875,HGNC:11045,0.156878282680733
876,HGNC:11044,0.0
877,HGNC:11042,0.0
878,HGNC:11041,39.475529973504294
879,HGNC:11040,0.395512261000115
880,HGNC:8790,0.0
881,HGNC:8791,7.68343248463886
882,HGNC:8792,0.0656007349413921
883,HGNC:8793,8.10848723780089
884,HGNC:8794,0.116782416426093
885,HGNC:8795,2.15441700634618
886,HGNC:11049,0.0326836401843235
887,HGNC:11048,0.0
888,HGNC:26891,0.318824684164328
889,HGNC:11450,24.817425613727398
890,HGNC:24247,1.9973851997426493
891,HGNC:24240,0.0
892,HGNC:8646,66.3336894749321
893,HGNC:17432,0.0
894,HGNC:23,5.680824520590839
895,HGNC:24791,0.0
896,HGNC:2593,0.0
897,HGNC:29,0.0478739422824643
898,HGNC:7759,0.0
899,HGNC:7758,4.4700993312067805
900,HGNC:11277,16.7849509669649
901,HGNC:26404,18.6982526052882
902,HGNC:6719,0.0
903,HGNC:11278,35.3257225634668
904,HGNC:11279,112.79024722382299
905,HGNC:6710,61.512938750843
906,HGNC:4138,152.391634092531
907,HGNC:4139,0.344250175328323
908,HGNC:12535,0.258707123712532
909,HGNC:12530,0.0867203960106532
910,HGNC:12531,0.0
911,HGNC:4130,0.0
912,HGNC:4131,0.0
913,HGNC:4135,9.419592709533221
914,HGNC:4136,5.67506313331597
915,HGNC:12539,0.0519924951415805
916,HGNC:24464,9.76907759827864
917,HGNC:31865,2.28779169966642
918,HGNC:16091,5.35147358188564
919,HGNC:25686,22.0196422590381
920,HGNC:27269,0.0
921,HGNC:16148,6.6602613869971705
922,HGNC:10872,8.30858700511707
923,HGNC:19661,0.0
924,HGNC:19660,3.18183524121413
925,HGNC:2288,161.659699708093
926,HGNC:2289,58.4690425498811
927,HGNC:2280,264.346500522815
928,HGNC:2285,297.50111365234403
929,HGNC:2287,0.0
930,HGNC:19685,27.3827438731746
931,HGNC:19686,25.964384154278
932,HGNC:21055,6.979339266396401
933,HGNC:2579,153.843749750765
934,HGNC:10905,0.0
935,HGNC:10907,0.345505598232591
936,HGNC:10906,0.0
937,HGNC:11458,0.0
938,HGNC:11459,25.6239739045096
939,HGNC:11454,0.367889672346576
940,HGNC:11455,1.2922355827651102
941,HGNC:10909,0.0
942,HGNC:10908,13.7477186262481
943,HGNC:11453,3.03643792676606
944,HGNC:2594,0.0
945,HGNC:2595,2.8935018302517004
946,HGNC:2596,0.0822369302751062
947,HGNC:2597,4.34164072276584
948,HGNC:2590,0.0
949,HGNC:2591,0.0307675138753598
950,HGNC:2592,0.0
951,HGNC:3594,147.273262507003
952,HGNC:16431,0.0
953,HGNC:16437,0.0
954,HGNC:4433,79.185207523943
955,HGNC:4432,21.7945126842119
956,HGNC:17123,8.04730243418982
957,HGNC:25223,14.215466118617499
958,HGNC:977,17.6935947854942
959,HGNC:976,0.0
960,HGNC:180,2.31481480415125
961,HGNC:186,0.8392783321483579
962,HGNC:20837,1.1249698858709098
963,HGNC:1122,6.2628125992756285
964,HGNC:2622,0.345328846423801
965,HGNC:2623,0.0
966,HGNC:2620,0.0
967,HGNC:2621,0.0
968,HGNC:20123,0.0
969,HGNC:9238,22.3673343253438
970,HGNC:9587,84.8282474766103
971,HGNC:9588,36.707439633767
972,HGNC:1912,0.0
973,HGNC:9230,31.976065042113103
974,HGNC:13213,0.0
975,HGNC:861,43.533685458846996
976,HGNC:863,214.004175319919
977,HGNC:862,0.0802105056051955
978,HGNC:865,13.4008953835266
979,HGNC:864,59.6197070405903
980,HGNC:866,1.53205171861934
981,HGNC:2754,10.4407881237363
982,HGNC:2753,35.76506276847039
983,HGNC:26462,0.4190140053053529
984,HGNC:9059,14.1612741793995
985,HGNC:5215,5.06609300571822
986,HGNC:5212,0.0
987,HGNC:5213,63.30345249938321
988,HGNC:5210,0.497933289314181
989,HGNC:5211,0.0
990,HGNC:9055,0.0225614038401699
991,HGNC:9056,10.886881744987301
992,HGNC:2625,0.0775029779898303
993,HGNC:8923,8.202407939397041
994,HGNC:18303,17.424493051596
995,HGNC:29878,33.791072447362
996,HGNC:18308,9.94091214608725
997,HGNC:2978,15.8994788251267
998,HGNC:2979,8.27862795880103
999,HGNC:29185,11.5475761268009
1000,HGNC:17934,4.94336567302047
1001,HGNC:2976,41.7998133818939
1002,HGNC:2977,0.357596619438003
1003,HGNC:79,0.0
1004,HGNC:1047,0.0
1005,HGNC:20305,0.0
1006,HGNC:1048,0.0
1007,HGNC:4553,0.217375216373844
1008,HGNC:664,1.3637001263574198
1009,HGNC:663,0.0
1010,HGNC:11050,0.0
1011,HGNC:11051,0.0
1012,HGNC:11052,27.050024405454195
1013,HGNC:14573,7.143191138062693
1014,HGNC:11054,0.0
1015,HGNC:11055,2.0950050046458
1016,HGNC:11056,4.89846425653442
1017,HGNC:11057,37.086615681261286
1018,HGNC:11058,0.0
1019,HGNC:11059,0.87957204311966
1020,HGNC:8781,0.471967531932826
1021,HGNC:8780,2.72014162062002
1022,HGNC:8787,0.0
1023,HGNC:8786,0.338848070277052
1024,HGNC:15517,25.30455935535749
1025,HGNC:15516,0.8401053844893779
1026,HGNC:21308,36.030299458149294
1027,HGNC:15683,0.68392255577196
1028,HGNC:15685,17.267888142447198
1029,HGNC:15684,0.0
1030,HGNC:8653,10.4306191969215
1031,HGNC:8654,18.1820877693916
1032,HGNC:28906,0.0
1033,HGNC:23764,0.0
1034,HGNC:12437,89.6122735550392
1035,HGNC:23161,42.112959288382704
1036,HGNC:23160,9.70890877132603
1037,HGNC:23162,8.79935153943636
1038,HGNC:318,12.050311976960199
1039,HGNC:6708,22.068054199923395
1040,HGNC:12590,226.822814149581
1041,HGNC:23302,0.0335623702649774
1042,HGNC:24671,15.465079819781899
1043,HGNC:4129,22.880484398133106
1044,HGNC:4128,21.0938318534039
1045,HGNC:4123,22.9101621228047
1046,HGNC:4122,17.821352154571198
1047,HGNC:4127,0.0400303363901396
1048,HGNC:4126,0.190696982551173
1049,HGNC:4125,18.4676804087423
1050,HGNC:4124,17.5225675496057
1051,HGNC:7434,98.5291458597199
1052,HGNC:7436,2.39124037404478
1053,HGNC:7437,0.25290605917609804
1054,HGNC:7432,53.7835642481193
1055,HGNC:2323,0.521400812997277
1056,HGNC:19218,0.0
1057,HGNC:6677,0.0
1058,HGNC:22146,0.0
1059,HGNC:6678,0.0
1060,HGNC:23785,8.40150642833663
1061,HGNC:4056,0.0
1062,HGNC:23786,16.1770311887161
1063,HGNC:26309,17.5392816251509
1064,HGNC:10869,0.0794178137647489
1065,HGNC:10862,6.4002828644871
1066,HGNC:10863,1.5045065043264398
1067,HGNC:10860,1.4672827105234398
1068,HGNC:32393,0.109241665662811
1069,HGNC:10866,0.8598285629149541
1070,HGNC:10867,3.29842365139997
1071,HGNC:10864,8.00707887497641
1072,HGNC:2292,806.531217588533
1073,HGNC:2291,268.43360381982995
1074,HGNC:2297,0.0
1075,HGNC:2296,0.0
1076,HGNC:2295,0.061965031559098
1077,HGNC:2294,463.335273700848
1078,HGNC:19691,7.21865497441409
1079,HGNC:10916,0.0
1080,HGNC:10917,2.0146186705538898
1081,HGNC:10914,0.8557566754417869
1082,HGNC:10915,22.932552545047397
1083,HGNC:10912,0.0
1084,HGNC:10913,0.0459862090433221
1085,HGNC:10910,0.0
1086,HGNC:10911,23.0379972138438
1087,HGNC:2366,5.6776083746787585
1088,HGNC:11425,2.5033418153143
1089,HGNC:10918,0.0675774914953373
1090,HGNC:10919,0.0
1091,HGNC:5028,1.81571780484025
1092,HGNC:14522,0.0
1093,HGNC:17449,0.0
1094,HGNC:38,0.0
1095,HGNC:1864,10.645955100838599
1096,HGNC:4446,29.324679408888887
1097,HGNC:4686,2.45210744696338
1098,HGNC:4687,1.52987435796689
1099,HGNC:4684,3.34828858651852
1100,HGNC:4685,5.60274644046309
1101,HGNC:5217,0.0
1102,HGNC:4688,0.0
1103,HGNC:4689,0.0
1104,HGNC:6059,0.1997578050002
1105,HGNC:6051,8.648239513991621
1106,HGNC:6050,1.3583382647859
1107,HGNC:6053,168.496515739234
1108,HGNC:6052,68.5275369618542
1109,HGNC:20151,0.0
1110,HGNC:10006,0.0
1111,HGNC:2638,0.12618002010316806
1112,HGNC:2634,18.417662449673802
1113,HGNC:2637,0.0
1114,HGNC:2631,0.0447225879948273
1115,HGNC:2632,0.0
1116,HGNC:20797,0.233670950450029
1117,HGNC:9599,0.538826361383461
1118,HGNC:9229,5.36387145917404
1119,HGNC:9228,5.00767870238295
1120,HGNC:9226,236.219076528746
1121,HGNC:9225,0.29233218753723805
1122,HGNC:20799,3.46266306303234
1123,HGNC:9592,0.0
1124,HGNC:877,15.468145342592402
1125,HGNC:5218,0.0
1126,HGNC:28082,5.55317849271319
1127,HGNC:890,6.22666586473163
1128,HGNC:14903,0.0
1129,HGNC:5201,24.0757353135109
1130,HGNC:5200,0.0
1131,HGNC:5209,1.77630895462983
1132,HGNC:5208,0.0
1133,HGNC:9040,0.0
1134,HGNC:29268,0.0497109764102565
1135,HGNC:1969,0.0
1136,HGNC:430,0.0513898643026093
1137,HGNC:8918,2.5503611936323902
1138,HGNC:29270,21.3218871156243
1139,HGNC:30224,34.133562675872696
1140,HGNC:30225,0.938032395410004
1141,HGNC:15769,1.44109211004503
1142,HGNC:17929,3.8317780277025
1143,HGNC:3046,5.09732571502532
1144,HGNC:20371,2.05688893900648
1145,HGNC:20372,108.21553265029499
1146,HGNC:18799,6.60397748795212
1147,HGNC:1096,11.8075991668586
1148,HGNC:1093,3.1762598124592296
1149,HGNC:30042,3.985900655038981
1150,HGNC:30040,0.0
1151,HGNC:4335,54.090308798462715
1152,HGNC:4330,1.78364362554762
1153,HGNC:4331,9.01479045907768
1154,HGNC:3133,81.0353464973573
1155,HGNC:24269,3.94595544453888
1156,HGNC:17856,13.923492886758599
1157,HGNC:24262,11.4328604548756
1158,HGNC:17855,10.6592696775236
1159,HGNC:17852,16.471574423759
1160,HGNC:6905,19.1441938692438
1161,HGNC:6904,65.4814069076978
1162,HGNC:6903,0.11331736823013698
1163,HGNC:4203,0.702608964399609
1164,HGNC:4204,0.285410522719486
1165,HGNC:4205,0.0
1166,HGNC:28335,0.0
1167,HGNC:4116,9.6772633463719
1168,HGNC:4117,4.52108805289253
1169,HGNC:4115,5.055877738047349
1170,HGNC:17245,0.0
1171,HGNC:4118,34.0238073375355
1172,HGNC:4119,18.2457184150676
1173,HGNC:12518,15.857363559223002
1174,HGNC:12519,0.295156247885517
1175,HGNC:12517,0.0
1176,HGNC:7427,0.0
1177,HGNC:74,7.48250373376339
1178,HGNC:7422,0.0
1179,HGNC:7421,0.0
1180,HGNC:28157,1.8481356948581105
1181,HGNC:21350,21.558667229936198
1182,HGNC:16526,0.06721246235500701
1183,HGNC:23408,1.71092250708306
1184,HGNC:10856,0.0
1185,HGNC:4061,17.024190726253902
1186,HGNC:10852,56.0431388141644
1187,HGNC:4065,48.5699152667002
1188,HGNC:11504,7.980668719766589
1189,HGNC:11503,3.53899179205264
1190,HGNC:3607,0.19720466332074896
1191,HGNC:3606,184.13205842302398
1192,HGNC:16187,2.5658469276411404
1193,HGNC:4638,0.0
1194,HGNC:6115,25.968563552739703
1195,HGNC:7876,0.0250980754411728
1196,HGNC:10923,2.88763631130571
1197,HGNC:10922,10.3737862700026
1198,HGNC:10921,1.3502610081726298
1199,HGNC:10920,0.0
1200,HGNC:10924,1.21356715889692
1201,HGNC:10929,0.0
1202,HGNC:10928,2.32137879170378
1203,HGNC:17325,0.0
1204,HGNC:17450,0.0
1205,HGNC:9453,5.92695012203042
1206,HGNC:4456,30.011884992478
1207,HGNC:4455,0.0374097877466187
1208,HGNC:4458,82.78144482681229
1209,HGNC:16985,2.6056592581732003
1210,HGNC:4691,0.0
1211,HGNC:4922,45.067828085753405
1212,HGNC:4693,49.0292322135439
1213,HGNC:4925,0.137995643128659
1214,HGNC:4696,20.6326773939353
1215,HGNC:4699,40.4427557609009
1216,HGNC:118,54.4612945652076
1217,HGNC:24861,31.7405806112933
1218,HGNC:24860,0.0
1219,HGNC:24862,34.519649499716394
1220,HGNC:24865,4.67830498162074
1221,HGNC:24864,0.0
1222,HGNC:2648,0.0
1223,HGNC:2649,29.467685102377896
1224,HGNC:2640,0.0
1225,HGNC:2642,0.0
1226,HGNC:2644,2.6786966767735096
1227,HGNC:2645,0.0
1228,HGNC:2646,0.0
1229,HGNC:22946,10.6443873200566
1230,HGNC:4803,41.1470141717497
1231,HGNC:21497,25.016188308572804
1232,HGNC:3423,0.0
1233,HGNC:4855,0.0
1234,HGNC:14177,19.0800791336932
1235,HGNC:10297,17.1062679816638
1236,HGNC:14178,0.121071036238351
1237,HGNC:14914,0.0
1238,HGNC:10452,54.029483581840495
1239,HGNC:10451,44.246786607955706
1240,HGNC:20567,5.08632009278797
1241,HGNC:3555,0.0
1242,HGNC:3554,2.15372597127518
1243,HGNC:8909,21.8122443680129
1244,HGNC:8905,2.64594196047535
1245,HGNC:8907,10.8545960604487
1246,HGNC:8906,12.721569501733699
1247,HGNC:8903,22.8803182294619
1248,HGNC:2911,36.561280048211
1249,HGNC:11180,14.6102235482956
1250,HGNC:11181,0.0
1251,HGNC:11184,60.1778348535985
1252,HGNC:30211,1.9886836970422
1253,HGNC:714,2.00330394164095
1254,HGNC:713,1.3997544065255
1255,HGNC:1795,0.23899152506529506
1256,HGNC:13886,0.0
1257,HGNC:1063,193.46698988883801
1258,HGNC:1062,30.7491581075073
1259,HGNC:14572,4.3146792109103504
1260,HGNC:8788,4.81487250761821
1261,HGNC:1667,0.0
1262,HGNC:1664,20.9312112417651
1263,HGNC:1663,10.4328186358547
1264,HGNC:30450,3.76758616232396
1265,HGNC:4323,204.617862277409
1266,HGNC:18049,0.0578916886470637
1267,HGNC:8783,0.239642541405974
1268,HGNC:8782,0.084590421371795
1269,HGNC:3148,0.178414579766598
1270,HGNC:2600,0.008628779309115391
1271,HGNC:7632,13.7266354507847
1272,HGNC:7631,13.596218881143502
1273,HGNC:29609,10.9022173783552
1274,HGNC:8785,0.0
1275,HGNC:8784,1.42527299969659
1276,HGNC:29037,0.0
1277,HGNC:4212,0.0
1278,HGNC:441,0.103109414984065
1279,HGNC:6936,14.3186314460489
1280,HGNC:6937,50.3300072846986
1281,HGNC:23091,0.0
1282,HGNC:23090,11.9864232793594
1283,HGNC:6938,0.0
1284,HGNC:8124,40.1130029271926
1285,HGNC:23097,3.46905581384989
1286,HGNC:23096,2.71522971548006
1287,HGNC:7706,12.935669770019
1288,HGNC:7707,54.533824841816795
1289,HGNC:7704,153.269507388147
1290,HGNC:7705,28.1401418267521
1291,HGNC:7702,73.9438027698358
1292,HGNC:7703,15.9316070571952
1293,HGNC:7700,64.0501721155046
1294,HGNC:7701,50.923237172391204
1295,HGNC:33,20.1030801370544
1296,HGNC:7708,25.7154880970257
1297,HGNC:34,0.0448891331846137
1298,HGNC:640,0.0
1299,HGNC:643,0.0
1300,HGNC:642,0.0
1301,HGNC:12563,13.5335061646989
1302,HGNC:12562,14.739365128783
1303,HGNC:7413,2.38744042321967
1304,HGNC:7419,0.0
1305,HGNC:846,112.88342936709101
1306,HGNC:845,344.59580914583506
1307,HGNC:6617,25.410402693439398
1308,HGNC:6619,0.104662141217036
1309,HGNC:8898,0.0
1310,HGNC:29500,8.52558888359471
1311,HGNC:3631,76.58437711955742
1312,HGNC:26210,2.86513691314867
1313,HGNC:2342,1.1976607896153
1314,HGNC:19980,48.34747443903629
1315,HGNC:10938,21.8539214025878
1316,HGNC:10939,0.0
1317,HGNC:19237,35.1872857782021
1318,HGNC:10934,0.0
1319,HGNC:10935,0.0
1320,HGNC:10936,0.0
1321,HGNC:10937,14.6382636129758
1322,HGNC:10930,0.0
1323,HGNC:10931,0.0
1324,HGNC:10932,0.0
1325,HGNC:10933,6.39876021149644
1326,HGNC:9115,23.7541373099644
1327,HGNC:9114,7.416002023304371
1328,HGNC:16448,0.39868973793838297
1329,HGNC:3700,47.243772990250704
1330,HGNC:1884,0.0
1331,HGNC:941,20.2141160717008
1332,HGNC:17269,0.0
1333,HGNC:15722,0.0
1334,HGNC:9206,0.0
1335,HGNC:21481,0.0
1336,HGNC:2653,0.0
1337,HGNC:2652,0.0
1338,HGNC:2651,0.0
1339,HGNC:9208,24.498877189000503
1340,HGNC:22932,10.884448372370805
1341,HGNC:20779,0.034666336070404
1342,HGNC:9689,7.76532539484247
1343,HGNC:2014,0.0
1344,HGNC:4866,0.0224628652140336
1345,HGNC:9061,4.50039638377221
1346,HGNC:18481,8.65790207637605
1347,HGNC:9063,0.0771657557300096
1348,HGNC:9062,0.0264127856378653
1349,HGNC:9065,51.809011176703386
1350,HGNC:9067,0.118038306019134
1351,HGNC:9066,0.8019382982440451
1352,HGNC:9068,8.84596204358852
1353,HGNC:3569,10.110604901583901
1354,HGNC:8978,0.0
1355,HGNC:8979,7.838311684398731
1356,HGNC:8971,18.110491178712106
1357,HGNC:8972,8.022819770775289
1358,HGNC:8973,0.28452058848046896
1359,HGNC:8974,5.5057938301764
1360,HGNC:13398,20.430403120029602
1361,HGNC:8976,11.1405058534266
1362,HGNC:8977,0.3904832003935061
1363,HGNC:88,0.172587168436414
1364,HGNC:89,12.9011423868171
1365,HGNC:82,14.7733287858119
1366,HGNC:83,58.0393513668651
1367,HGNC:80,0.0
1368,HGNC:87,4.93052412422881
1369,HGNC:84,17.1757493032972
1370,HGNC:85,1.68559832833152
1371,HGNC:7687,59.665430351456614
1372,HGNC:20197,4.1835059435934
1373,HGNC:8806,32.2349076145815
1374,HGNC:8807,0.0
1375,HGNC:7683,315.358660613731
1376,HGNC:8808,25.3161792756433
1377,HGNC:7682,0.202194688396914
1378,HGNC:7681,9.06225741396013
1379,HGNC:8754,26.560216701602698
1380,HGNC:8755,0.0
1381,HGNC:8756,15.562879809368804
1382,HGNC:18068,0.0607643858625371
1383,HGNC:17877,2.04037197278702
1384,HGNC:18062,12.164553316298099
1385,HGNC:1380,0.0
1386,HGNC:23287,5.428601865673912
1387,HGNC:4260,0.0
1388,HGNC:451,8.58513965972131
1389,HGNC:457,55.3636822000401
1390,HGNC:23089,0.0
1391,HGNC:23087,11.0066291465869
1392,HGNC:7711,72.277259444303
1393,HGNC:7710,41.1951668898289
1394,HGNC:7713,115.672770363446
1395,HGNC:7712,255.803804537839
1396,HGNC:7715,66.7040438647869
1397,HGNC:14430,1.43901710340709
1398,HGNC:7717,90.14246365193951
1399,HGNC:7716,121.82008594868401
1400,HGNC:7719,26.0867965145688
1401,HGNC:8598,5.043987685927268
1402,HGNC:23155,0.21130228510292293
1403,HGNC:23157,8.73456952568805
1404,HGNC:22204,7.143191138062693
1405,HGNC:8574,23.6129927217968
1406,HGNC:8575,18.28799527798461
1407,HGNC:8576,42.8939350969057
1408,HGNC:8579,3.21531934161767
1409,HGNC:12576,0.3015418397868869
1410,HGNC:28777,61.303886802730894
1411,HGNC:19080,0.4252410839856921
1412,HGNC:16058,11.686432648368196
1413,HGNC:25313,0.0
1414,HGNC:6622,0.0
1415,HGNC:6623,0.0
1416,HGNC:4008,16.600031953912403
1417,HGNC:4006,9.726640206694801
1418,HGNC:321,5.24199130613582
1419,HGNC:326,21.4043126203796
1420,HGNC:3974,0.27870832475100105
1421,HGNC:324,1.75591095588206
1422,HGNC:3976,530.839652580587
1423,HGNC:3978,0.0112767444733493
1424,HGNC:3629,22.8315081235275
1425,HGNC:8789,0.0
1426,HGNC:21016,0.0
1427,HGNC:8774,0.6687242767548051
1428,HGNC:30311,0.524970705498326
1429,HGNC:2330,11.843752598016
1430,HGNC:9919,0.0
1431,HGNC:16297,0.0
1432,HGNC:10940,1.7182069745552098
1433,HGNC:10943,110.01257296938
1434,HGNC:10942,3.07311085255102
1435,HGNC:10945,0.0
1436,HGNC:10944,0.0
1437,HGNC:10947,7.54488648323492
1438,HGNC:10946,21.674572185890106
1439,HGNC:19954,6.89414168475464
1440,HGNC:16270,0.0
1441,HGNC:19953,0.28721691843290004
1442,HGNC:15654,0.0490566350572791
1443,HGNC:4908,14.853711536188099
1444,HGNC:4678,0.0
1445,HGNC:24474,8.4348531184525
1446,HGNC:4907,2.98785686642436
1447,HGNC:24475,0.0
1448,HGNC:11708,0.0755005522519838
1449,HGNC:2244,5.50082894705904
1450,HGNC:5147,0.0
1451,HGNC:1027,13.941712169707598
1452,HGNC:120,0.0
1453,HGNC:22923,14.8437878913884
1454,HGNC:122,44.2709775474285
1455,HGNC:22921,1.36108793738668
1456,HGNC:124,0.0
1457,HGNC:125,0.740886246902259
1458,HGNC:33128,1.74786665060498
1459,HGNC:16872,61.0112560733355
1460,HGNC:12388,12.8933610680378
1461,HGNC:4879,47.906571998562406
1462,HGNC:4878,17.9662080139153
1463,HGNC:7530,12.173012116935196
1464,HGNC:6315,5.19352014508558
1465,HGNC:14118,0.0
1466,HGNC:18871,0.822134063340885
1467,HGNC:7684,14.084997362903199
1468,HGNC:3579,6.21601276365236
1469,HGNC:3575,3.00280233679555
1470,HGNC:3574,10.3948448736708
1471,HGNC:3571,0.53021624942321
1472,HGNC:3570,26.1518435474224
1473,HGNC:20989,2.4377328369508
1474,HGNC:8962,15.774284401970696
1475,HGNC:8960,8.012493028600181
1476,HGNC:8967,11.5258136393848
1477,HGNC:8966,6.60329878460447
1478,HGNC:8965,6.89553987433787
1479,HGNC:8964,8.941036338872449
1480,HGNC:6821,6.8149764945988895
1481,HGNC:6822,39.9000520584883
1482,HGNC:6823,15.5636274975282
1483,HGNC:6824,36.1075238076977
1484,HGNC:6825,11.364925457116101
1485,HGNC:6826,10.36914842622
1486,HGNC:6827,16.3389563827361
1487,HGNC:10545,26.5719830858111
1488,HGNC:10547,2.67235754480872
1489,HGNC:5322,1.08531106665699
1490,HGNC:10540,27.5413491253945
1491,HGNC:14601,15.9265107549555
1492,HGNC:14937,27.269158809998693
1493,HGNC:14938,27.314946175199104
1494,HGNC:8819,25.199050299941398
1495,HGNC:8818,0.0
1496,HGNC:18057,0.0
1497,HGNC:30650,0.162345253137788
1498,HGNC:6179,3.41802318547044
1499,HGNC:6176,17.3925574593906
1500,HGNC:17804,0.0
1501,HGNC:1421,5.4643766309604
1502,HGNC:3368,22.7583854630086
1503,HGNC:1424,18.1252947898282
1504,HGNC:3364,1.01661379901645
1505,HGNC:3365,0.13196453009079198
1506,HGNC:3367,3.77863063167404
1507,HGNC:3363,0.056171883130244016
1508,HGNC:29831,12.187300479036699
1509,HGNC:29832,20.2009880281895
1510,HGNC:735,16.9729166879423
1511,HGNC:4057,58.3227270040543
1512,HGNC:469,15.1943290075827
1513,HGNC:468,0.106880665407422
1514,HGNC:8109,87.27417657243
1515,HGNC:8108,24.2984918572982
1516,HGNC:18120,0.0
1517,HGNC:18125,2.72877842363587
1518,HGNC:15463,10.4251978771726
1519,HGNC:26777,0.204141026661782
1520,HGNC:14423,0.0
1521,HGNC:10984,7.87208819296705
1522,HGNC:1516,24.0193825732153
1523,HGNC:8587,92.8030298755183
1524,HGNC:30092,16.6008376894417
1525,HGNC:9060,1.1527916534049298
1526,HGNC:12547,0.309675916390001
1527,HGNC:12546,0.3807284616733921
1528,HGNC:12545,0.0753677845751046
1529,HGNC:12544,0.0
1530,HGNC:13818,0.8109916717833409
1531,HGNC:12540,0.0
1532,HGNC:13817,0.3894600101237121
1533,HGNC:13815,0.0
1534,HGNC:13812,10.3146494441735
1535,HGNC:13811,0.0202547952875124
1536,HGNC:24436,0.0
1537,HGNC:24437,9.10367568182389
1538,HGNC:16049,85.5858488272456
1539,HGNC:19721,54.7696500705569
1540,HGNC:11559,66.03158580412729
1541,HGNC:23987,91.3054208590792
1542,HGNC:4019,14.0132200911134
1543,HGNC:13709,9.90974941208697
1544,HGNC:25846,16.8150361078724
1545,HGNC:4012,3.9850251570878
1546,HGNC:4014,0.0
1547,HGNC:24723,14.109241764332099
1548,HGNC:45,0.878725893968029
1549,HGNC:7688,17.479769439044198
1550,HGNC:4707,0.0
1551,HGNC:4706,16.240986816391302
1552,HGNC:2321,10.0693176283534
1553,HGNC:4700,1.81788428373672
1554,HGNC:2329,0.0
1555,HGNC:2328,92.05535255881479
1556,HGNC:10959,0.0
1557,HGNC:10952,0.16739129762099694
1558,HGNC:10953,26.7715275938056
1559,HGNC:10956,0.029001339908679
1560,HGNC:27168,0.0
1561,HGNC:10955,0.3141782296521161
1562,HGNC:3769,0.0
1563,HGNC:16266,1.49244568819478
1564,HGNC:4643,25.01361356708361
1565,HGNC:13557,0.0
1566,HGNC:7898,0.0244443803203666
1567,HGNC:8878,41.674475219716
1568,HGNC:26160,6.54824100083413
1569,HGNC:7892,25.0528712931359
1570,HGNC:17027,1.38674691456829
1571,HGNC:21359,0.0
1572,HGNC:986,21.054811398995604
1573,HGNC:987,7.34332364839635
1574,HGNC:5157,24.3524763604342
1575,HGNC:115,182.61124666559
1576,HGNC:117,10.003363970839901
1577,HGNC:119,27.63465130770161
1578,HGNC:13528,1.12663693743815
1579,HGNC:4800,112.822364703981
1580,HGNC:4801,67.6170191107079
1581,HGNC:251,0.0
1582,HGNC:4805,18.617547943548
1583,HGNC:4806,0.098577133006743
1584,HGNC:4809,0.0
1585,HGNC:12390,42.888263096602
1586,HGNC:9465,25.1586566618539
1587,HGNC:10606,7.1089627986617305
1588,HGNC:9463,0.0
1589,HGNC:7694,138.987008380476
1590,HGNC:2073,3.65218639020673
1591,HGNC:11609,0.125502626144586
1592,HGNC:14129,2.85681193295955
1593,HGNC:9083,25.6550217158772
1594,HGNC:9082,11.063464902487599
1595,HGNC:9081,20.348636545881
1596,HGNC:14120,0.0
1597,HGNC:21597,6.53540146200709
1598,HGNC:8956,6.257471712141252
1599,HGNC:8957,6.84375234793982
1600,HGNC:21755,0.0
1601,HGNC:8975,10.018571124346801
1602,HGNC:2671,0.0
1603,HGNC:12553,0.0
1604,HGNC:23198,1.21498813934181
1605,HGNC:6833,0.236442516522855
1606,HGNC:6831,11.999525554184403
1607,HGNC:15894,9.96951648003276
1608,HGNC:6834,0.0
1609,HGNC:18606,1.40984035619658
1610,HGNC:14639,0.0510430490214881
1611,HGNC:18590,0.5538458337662919
1612,HGNC:18596,0.0
1613,HGNC:18264,1.90485097015005
1614,HGNC:18265,0.0
1615,HGNC:18266,0.0542520845928812
1616,HGNC:8778,0.0
1617,HGNC:8779,1.8630949949544904
1618,HGNC:18044,0.0
1619,HGNC:29489,23.789864488160802
1620,HGNC:6469,13.087574627334304
1621,HGNC:8772,0.0449466699435313
1622,HGNC:8773,0.0130934257113165
1623,HGNC:30862,48.83053357749821
1624,HGNC:30863,110.774410264111
1625,HGNC:8776,0.0
1626,HGNC:8777,0.0
1627,HGNC:30866,11.7295575930027
1628,HGNC:8775,0.0339882211168725
1629,HGNC:18281,4.93069830768929
1630,HGNC:17818,0.0
1631,HGNC:17819,0.0
1632,HGNC:7103,0.0
1633,HGNC:28577,0.0601954309387306
1634,HGNC:20244,0.0892898892257837
1635,HGNC:30262,7.64481972921878
1636,HGNC:30260,41.077987479664394
1637,HGNC:29821,17.330556893932098
1638,HGNC:29799,10.128518837448901
1639,HGNC:4248,19.820919109637803
1640,HGNC:4249,8.94846202221709
1641,HGNC:4242,0.597835990299501
1642,HGNC:4241,13.237433835996196
1643,HGNC:15472,0.0
1644,HGNC:14412,0.0
1645,HGNC:14411,0.195455952092924
1646,HGNC:11177,5.9765439276077
1647,HGNC:14416,0.0
1648,HGNC:14415,2.26901365561991
1649,HGNC:11179,305.5213171320201
1650,HGNC:14418,51.474171302837
1651,HGNC:42,0.0
1652,HGNC:40,0.0
1653,HGNC:28750,0.178455850777416
1654,HGNC:1564,1.86098927017949
1655,HGNC:2422,88.8003812036322
1656,HGNC:12805,0.0
1657,HGNC:12554,0.0
1658,HGNC:12555,2.96746064806461
1659,HGNC:478,0.4322246610871021
1660,HGNC:6544,0.100138193524243
1661,HGNC:6541,0.0
1662,HGNC:473,0.8720809867579721
1663,HGNC:470,0.13510764324181598
1664,HGNC:7468,14.850300709822701
1665,HGNC:476,0.0
1666,HGNC:477,0.0726836859723734
1667,HGNC:474,0.0423718703196996
1668,HGNC:475,0.0
1669,HGNC:7462,0.0
1670,HGNC:7461,0.0
1671,HGNC:7460,0.0
1672,HGNC:1368,0.0
1673,HGNC:11011,0.0
1674,HGNC:13446,0.0
1675,HGNC:18067,0.0
1676,HGNC:18301,0.0
1677,HGNC:11039,0.0
1678,HGNC:45241,0.0
1679,HGNC:24515,0.0
1680,HGNC:21606,0.0
1681,HGNC:693,0.0
1682,HGNC:17146,0.0
1683,HGNC:24261,0.0
1684,HGNC:13824,0.0
1685,HGNC:3434,0.0
1686,HGNC:14280,0.0
1687,HGNC:29683,0.0
1688,HGNC:1334,0.0
