,entrez_id,LTED_T_FPKM
0,8639.1,0.176053594596802
1,26.1,0.0
2,314.2,1.37209499428727
3,314.1,1.37209499428727
4,1591.1,0.15454916144444597
5,1594.1,2.2228773007754303
6,10993.1,0.0
7,6818.1,0.826876845175384
8,89874.1,0.9264335342730141
9,92483.1,0.0
10,3948.2,0.0
11,55293.1,14.7691311467259
12,3945.1,0.0
13,3939.1,163.63898883837098
14,160287.1,0.0
15,3948.1,0.0
16,9123.1,4.48666645371237
17,9194.1,6.704957232602121
18,6566.1,1.9500366067958603
19,57835.3,0.23707424531739998
20,8671.1,0.0
21,57835.2,0.23707424531739998
22,57835.1,0.23707424531739998
23,57835.4,0.23707424531739998
24,4967.2,29.2306089844906
25,1738.1,24.533480508565102
26,8050.1,20.987703711563302
27,1743.1,45.8873622826577
28,4967.1,29.2306089844906
29,130.1,0.0
30,127.1,0.0
31,125.1,0.0
32,124.1,0.0
33,131.1,0.0
34,126.1,0.0
35,128.1,37.2069816122718
36,137872.1,0.40737891708729795
37,1312.1,28.461302300623498
38,1312.2,28.461302300623498
39,117247.1,1.41729967433162
40,218.1,0.0
41,222.1,31.8803101114888
42,220.1,3.76648909161434
43,221.1,0.0914615597742768
44,3242.1,0.18829212975157503
45,18.1,35.3330657765836
46,18.2,35.3330657765836
47,2531.1,3.5876931733081
48,23498.1,0.990420682496095
49,55268.1,2.75418013540717
50,51166.1,7.03780802688596
51,883.1,1.3832658334677401
52,51166.2,7.03780802688596
53,1644.1,0.0
54,4128.1,5.850075117699079
55,4129.1,0.0
56,10165.1,10.306826945812801
57,8604.1,5.61598949453588
58,51380.1,8.01541683422969
59,2571.1,1.12859048141222
60,2572.1,0.0
61,2571.2,1.12859048141222
62,2805.1,32.801085571848304
63,2806.1,89.36112094588471
64,8659.1,8.06685338235887
65,8659.2,8.06685338235887
66,6799.1,0.6539043561830451
67,6817.3,6.69985717385592
68,6799.2,0.6539043561830451
69,6818.2,0.826876845175384
70,6817.2,6.69985717385592
71,6817.1,6.69985717385592
72,6817.4,6.69985717385592
73,6818.3,0.826876845175384
74,6817.5,6.69985717385592
75,4363.1,12.1283575426293
76,6822.1,0.0
77,6573.1,8.65623339684149
78,6573.2,8.65623339684149
79,316.1,1.70700991765447
80,6570.1,0.0
81,6571.1,0.0
82,2348.5,0.0
83,2348.3,0.0
84,2348.1,0.0
85,2348.6,0.0
86,2352.1,0.187905095569146
87,2348.4,0.0
88,2348.2,0.0
89,4125.1,8.33630698646109
90,53947.1,2.8690727028447096
91,51146.1,0.0
92,28.1,0.0
93,206358.1,3.0809379054440402
94,6529.1,0.0
95,6538.1,0.0
96,6540.1,0.0573859566819772
97,6539.1,0.0446148506561199
98,38.1,11.242210807781902
99,3032.1,39.4560720887639
100,10449.1,32.1420701738288
101,3030.1,80.804618326376
102,39.1,46.0480031467275
103,30.1,22.514728636331302
104,32.1,1.0929632412543702
105,9197.1,23.225858915110003
106,84532.1,4.2761732163121495
107,79611.1,17.058998467025003
108,64841.1,76.2884642168048
109,55577.1,9.603997598632368
110,5238.1,18.165321152162896
111,9487.1,4.6948051712235
112,162417.1,0.8098855281894979
113,43.1,0.993934621398228
114,43.2,0.993934621398228
115,6572.1,0.0
116,47.1,326.847781518155
117,47.2,326.847781518155
118,54187.1,42.7970834534836
119,26503.1,6.15504703416558
120,140838.1,6.352666189660139
121,54.1,0.0
122,51205.1,8.88394839595623
123,36.1,4.708507603481441
124,34.1,13.520230001624999
125,80724.1,4.76567345344053
126,35.1,3.02201087584759
127,84129.1,3.54763340866866
128,27034.1,5.91946355371248
129,28976.1,23.526697789977497
130,3712.1,17.465625864781803
131,134526.1,0.179334632652064
132,51.1,25.442667900446402
133,51.2,25.442667900446402
134,95.1,0.32019554814146994
135,50.1,48.55944801745029
136,48.1,9.86901752448301
137,8309.1,0.0
138,52.1,38.7889909693841
139,52.3,38.7889909693841
140,52.2,38.7889909693841
141,55.1,0.5267543839383371
142,788.1,5.8041796186914
143,55902.1,26.7977500591133
144,65985.1,31.029526584554898
145,55902.2,26.7977500591133
146,438.1,0.0
147,1571.1,0.0423957467800068
148,100.1,0.238683626617205
149,3177.1,31.108670165255
150,205.3,19.3072228996348
151,205.1,19.3072228996348
152,204.1,28.956530133728
153,204.3,28.956530133728
154,204.2,28.956530133728
155,205.2,19.3072228996348
156,26289.1,0.0
157,26289.2,0.0
158,50808.1,16.261374471627
159,262.1,42.6236415056806
160,112.1,13.388888397159901
161,55811.1,0.124608388474206
162,109.1,13.0623289806093
163,112.2,13.388888397159901
164,114.1,0.0445822136037013
165,108.1,0.0
166,113.1,1.66715797558157
167,107.1,7.90371176364764
168,196883.1,0.0442906148228632
169,115.1,15.8768011531605
170,111.1,1.4312185011931202
171,2030.1,8.571103601300461
172,9154.2,0.0
173,9154.1,0.0
174,64078.1,0.0
175,9153.1,0.0742312862317415
176,55315.1,6.59577472726788
177,11164.1,57.4006368104307
178,952.1,0.3678705392128351
179,1375.1,0.0
180,1375.3,0.0
181,1375.4,0.0
182,126129.1,0.18879766417676502
183,1374.1,41.799616976833
184,1375.2,0.0
185,1376.1,12.291203898405302
186,9060.1,5.544553691850769
187,9061.1,37.6164268796741
188,158.1,33.2981771716495
189,158.2,33.2981771716495
190,79369.1,0.7293816143169379
191,10678.1,14.1662943439833
192,11041.1,15.9867295149609
193,146712.1,1.03233328433486
194,374907.1,0.390249003177757
195,93010.1,0.20174527778072196
196,374907.2,0.390249003177757
197,10678.2,14.1662943439833
198,10331.1,0.5340099539650359
199,79814.1,2.9563774754051204
200,10555.1,16.2989462548137
201,137964.1,9.21402016488618
202,56895.1,0.126600109397885
203,56894.2,18.534604228332
204,56894.1,18.534604228332
205,55326.1,10.7996232115133
206,10554.1,1.20761750267056
207,129642.1,10.905415284600402
208,64902.1,0.0538532129569306
209,64850.1,0.0
210,189.1,0.0
211,3073.1,11.2653849871874
212,3074.1,32.3350203500878
213,10606.1,85.7303928212525
214,8402.1,17.0467292162407
215,1468.1,25.7066032753233
216,64849.1,0.969262667523471
217,64849.2,0.969262667523471
218,1645.1,2.57781682042692
219,1109.1,0.0
220,6718.1,1.09611305748669
221,6510.1,134.285350514243
222,6509.1,7.28305512790947
223,56301.1,0.0
224,6520.1,95.9586645331016
225,212.1,0.0
226,23464.1,9.49126093384373
227,211.2,14.167216565199
228,211.1,14.167216565199
229,54407.1,262.331629225404
230,6542.1,1.42000651099001
231,11254.1,0.0801190438162924
232,6541.1,29.8785223459805
233,81539.1,201.04687066265598
234,55089.1,0.0
235,84889.1,0.0
236,340024.1,0.0
237,57393.1,0.347588703400721
238,59272.1,0.051184674688908
239,2875.1,0.33686164530406104
240,84706.1,18.141257442561898
241,92745.1,0.0
242,10991.1,0.0
243,284273.2,9.93376958811111
244,284273.1,9.93376958811111
245,10327.1,32.0613886090606
246,10327.2,32.0613886090606
247,216.1,0.0747777742285396
248,8854.2,0.0940250233935609
249,501.1,10.9802582134904
250,8854.1,0.0940250233935609
251,223.1,34.687429183641896
252,224.1,28.8658405873981
253,8854.3,0.0940250233935609
254,219.1,10.6602171921796
255,217.1,0.177506464066776
256,239.1,0.0
257,247.1,0.0
258,246.1,3.32311341354358
259,240.1,0.0
260,8574.1,14.5639437897579
261,231.1,0.0
262,23600.1,5.81995184591611
263,23600.2,5.81995184591611
264,115286.3,3.1976387624198996
265,115286.2,3.1976387624198996
266,115286.1,3.1976387624198996
267,271.2,13.995438591222301
268,270.1,0.5319291795184771
269,271.1,13.995438591222301
270,272.1,0.544332431840499
271,271.3,13.995438591222301
272,290.1,0.0
273,280.1,0.9887125614710359
274,278.1,0.0
275,276.1,0.0
276,277.1,0.0
277,6519.1,0.0311839771428926
278,11136.1,0.30170240592207803
279,276.2,0.0
280,279.1,0.0
281,10998.1,4.31447454781945
282,113451.1,0.0849194881508496
283,9057.1,21.1687914412731
284,384.1,8.40286912978733
285,445.1,41.117163259485295
286,445.2,41.117163259485295
287,83884.1,1.41930009730174
288,10166.1,17.2782964525581
289,410.1,1.94977106942044
290,427.1,31.0480499555557
291,427.2,31.0480499555557
292,9962.2,4.33896665961979
293,9963.1,0.232314686135679
294,9962.1,4.33896665961979
295,9963.2,0.232314686135679
296,80150.1,1.1338397394653
297,440.1,33.8014189551702
298,440.3,33.8014189551702
299,440.2,33.8014189551702
300,790.1,18.879915160912198
301,6511.1,0.0
302,6505.1,0.0977970890552443
303,6507.1,0.150385900052461
304,6506.1,1.12651337642122
305,6512.1,0.0339079484400555
306,50617.1,0.76247936009619
307,533.1,36.1531527096456
308,527.1,1.03966011853896
309,8992.1,171.22329875139602
310,245972.1,0.0771441594889364
311,9114.1,67.70868767727809
312,535.1,11.8380210208562
313,50617.3,0.76247936009619
314,10312.1,2.57904209367796
315,50617.2,0.76247936009619
316,23545.1,6.641551663502611
317,10312.2,2.57904209367796
318,51382.1,42.620225920972295
319,9296.1,46.7708892529435
320,529.1,48.2779680525531
321,245973.1,0.733583812917941
322,523.1,56.3255333868553
323,51606.1,25.1172307512508
324,9550.1,80.1236192055109
325,526.1,11.7122776963903
326,127124.1,0.0
327,525.1,1.94600345553186
328,90423.1,1.66294585335929
329,51606.2,25.1172307512508
330,51606.3,25.1172307512508
331,534.2,0.0977622268899987
332,528.2,30.995479185685397
333,534.1,0.0977622268899987
334,528.1,30.995479185685397
335,127124.2,0.0
336,954.1,1.0325583094245798
337,954.2,1.0325583094245798
338,953.1,0.0665616928749014
339,956.1,6.75532639849065
340,955.1,17.7670745847495
341,957.1,7.887049144838151
342,377841.1,0.14810178856928197
343,291.1,6.2874235326458
344,293.1,84.7629249974933
345,292.1,505.73050029908796
346,4126.1,10.2156015487539
347,8706.4,34.5979160544545
348,8706.1,34.5979160544545
349,8706.3,34.5979160544545
350,8706.2,34.5979160544545
351,8705.1,0.173505725256256
352,10317.4,3.97460126062564
353,10317.1,3.97460126062564
354,10317.3,3.97460126062564
355,10317.2,3.97460126062564
356,10317.5,3.97460126062564
357,84002.1,0.7680388909421519
358,570.1,0.103646064619489
359,3141.1,6.55097145888134
360,140679.1,0.0
361,8424.1,0.0
362,53630.1,0.0682207679062609
363,622.2,14.5214626702934
364,622.3,14.5214626702934
365,622.1,14.5214626702934
366,23743.1,0.0
367,635.1,0.0
368,10599.1,0.0656015995654034
369,1244.1,0.39816833060316204
370,8714.1,19.2017689427438
371,28234.1,0.0
372,645.1,142.89062990010902
373,644.1,52.1264727031839
374,9488.1,6.99037745610262
375,10380.1,16.5670295536358
376,686.1,7.96093566150404
377,8884.1,31.0599980384447
378,80704.1,0.461346601031489
379,51733.1,0.0502699087128895
380,7108.1,36.0213280527497
381,50814.1,45.0909978598094
382,3295.1,55.748478090448295
383,6307.1,90.2419499703846
384,492.1,0.0
385,491.1,0.0
386,490.1,65.5061067999607
387,493.1,2.67782732216597
388,847.1,27.6382145833099
389,6547.6,0.0
390,6547.4,0.0
391,6547.2,0.0
392,6546.1,1.2040720927111201
393,6547.1,0.0
394,6547.5,0.0
395,6543.1,0.0
396,6547.3,0.0
397,166785.1,1.4766817404444599
398,2538.1,0.0
399,57818.1,0.0
400,92579.1,19.671128685849
401,1373.1,1.74972714052522
402,1373.2,1.74972714052522
403,873.1,25.8580547904263
404,10423.1,41.6578461240256
405,10423.2,41.6578461240256
406,1040.1,16.9213962880756
407,8760.1,4.5906471901613495
408,10390.1,12.715825132327199
409,56994.1,7.715903304153709
410,64781.1,19.3320313283974
411,64781.2,19.3320313283974
412,10087.1,14.1402612127805
413,6565.1,1.6882879879463601
414,9023.1,0.0
415,1103.4,0.0
416,1103.2,0.0
417,1103.3,0.0
418,1103.1,0.0
419,162466.1,0.0
420,5130.1,28.2967506047068
421,9468.1,0.0625921458366242
422,6579.1,0.0618580099206426
423,6554.1,0.0
424,6555.1,0.0
425,8714.3,19.2017689427438
426,8647.1,0.0
427,8714.2,19.2017689427438
428,55349.1,8.23877142043339
429,1120.2,0.9905101110001591
430,1119.1,21.533356848144802
431,1120.1,0.9905101110001591
432,1119.2,21.533356848144802
433,60482.1,0.0
434,6582.1,0.0
435,6584.1,8.181607606896451
436,6582.2,0.0
437,6820.1,9.239179869895601
438,10948.1,5.845136531323299
439,19.1,4.22063214941983
440,27159.1,0.0
441,54682.1,9.25153972402782
442,1118.1,0.0512707958465449
443,27159.2,0.0
444,9058.1,0.0
445,6576.1,90.3617680730706
446,1159.1,12.9264163198351
447,1160.1,0.0
448,548596.1,17.7798104349657
449,1152.1,14.044681546463199
450,1158.1,0.0
451,5172.1,0.0667025384855087
452,65010.1,0.920602507496371
453,65010.3,0.920602507496371
454,65010.2,0.920602507496371
455,54675.1,5.29109126961691
456,10559.1,24.5989221089425
457,55907.1,21.401699095676502
458,8034.1,10.391585173991599
459,8824.1,15.1815961546714
460,51805.1,7.8046715663194295
461,51004.1,18.6248446027412
462,51004.2,18.6248446027412
463,10229.1,6.56034102637077
464,9245.1,0.0
465,2650.1,3.2942641079059305
466,51301.1,0.319263663542688
467,192134.1,0.0
468,6535.1,2.30376627489663
469,386757.1,0.0468438785520828
470,1384.1,1.58137827934407
471,6583.1,1.29958903920195
472,1431.1,81.00071480551951
473,1431.2,81.00071480551951
474,54677.1,3.4791093737801404
475,1384.2,1.58137827934407
476,1384.3,1.58137827934407
477,8140.1,91.67741952419969
478,23428.1,0.139752843866829
479,23428.2,0.139752843866829
480,1036.1,0.11327859850605901
481,124935.1,8.22564609142125
482,23657.1,7.88328873583459
483,978.1,0.0
484,57379.1,0.0
485,7371.1,16.2021550575422
486,83549.1,22.693578601238798
487,51727.1,36.0659941072506
488,129607.1,0.0428980896266493
489,9162.1,0.29941724952103005
490,1607.1,0.0
491,8525.2,14.4217097290567
492,160851.1,15.3771905963786
493,1608.1,0.0
494,1607.2,0.0
495,8525.1,14.4217097290567
496,8527.1,4.964287715304651
497,1606.1,0.33448894619242503
498,160851.2,15.3771905963786
499,8526.1,9.784912798366019
500,8525.3,14.4217097290567
501,8527.2,4.964287715304651
502,1609.1,3.50463440900309
503,1610.1,0.0
504,2745.1,0.66163446799317
505,51022.2,13.824187631471801
506,51022.1,13.824187631471801
507,8528.2,0.0
508,8528.1,0.0
509,1632.1,60.36402028744661
510,10455.1,20.326903365519897
511,1633.1,12.478125025940402
512,1638.1,0.0762752014971962
513,6319.1,1540.6609921633099
514,9415.1,3.27052903731481
515,3992.1,29.3020877824795
516,8694.1,5.57624220046749
517,84649.1,4.47021168676722
518,1716.5,39.7946528314738
519,1716.1,39.7946528314738
520,1716.4,39.7946528314738
521,1716.2,39.7946528314738
522,1716.3,39.7946528314738
523,6515.1,0.0
524,6513.1,33.6270760606065
525,6517.1,0.145527984602371
526,1718.1,248.613797723651
527,1581.1,0.0
528,1717.1,173.775831026483
529,8560.1,13.4708734921447
530,8560.2,13.4708734921447
531,123099.1,7.41736975470492
532,11309.1,0.0
533,6783.1,0.0
534,1723.1,6.85524551997483
535,1807.1,0.0
536,1809.1,0.064960617512446
537,1808.1,21.0155336956222
538,23539.1,0.0
539,2224.1,200.03803745948997
540,29958.1,0.0894479735757237
541,60386.1,9.8998708818809
542,84920.1,7.4255262438679095
543,79087.1,9.939015541741481
544,26002.1,0.0
545,1621.1,0.0
546,7299.1,0.0
547,6530.1,0.0
548,6531.1,0.23237373918248497
549,6581.1,0.0
550,669.2,1.56340610156676
551,5223.1,298.816649948192
552,5224.2,0.0
553,5224.1,0.0
554,669.1,1.56340610156676
555,4597.1,94.035288729811
556,51071.1,6.21524049820213
557,1806.1,0.478700448565489
558,7083.1,81.0419951085059
559,7084.1,1.1253986600540402
560,1854.1,21.1648401946049
561,3704.1,14.5022278291383
562,10682.1,119.282095156575
563,1892.1,150.91522107877398
564,549.1,4.56394553142235
565,1891.1,39.6409780984681
566,1962.1,1.42657472883266
567,11001.1,15.0637822477084
568,28231.1,12.1843864293675
569,53919.1,0.0
570,10257.1,3.1416302078464704
571,28232.1,0.14876457118696398
572,2109.2,43.2491439242423
573,2108.1,162.17195069758
574,2109.1,43.2491439242423
575,2110.1,10.229934236238801
576,55500.1,12.3873723471013
577,55224.1,4.5054944290092
578,8790.1,2.81342203417167
579,51086.1,0.0
580,2181.1,46.3682214481976
581,2182.1,4.35231875624648
582,2180.1,18.242894508572
583,2181.2,46.3682214481976
584,51703.1,0.0
585,81616.1,0.0658852821581186
586,23305.1,0.0407197456545165
587,2182.2,4.35231875624648
588,116285.1,0.0823195218319582
589,5167.1,5.29065873997822
590,5169.1,0.175841940840374
591,6785.1,2.92769648413405
592,79071.1,29.1064549864212
593,60481.1,31.396736412337198
594,54898.1,0.089777391597731
595,1579.1,0.0
596,2194.1,447.814464925033
597,376497.2,0.574716410180839
598,10999.1,15.2169026986906
599,376497.1,0.574716410180839
600,11000.1,9.47117996212076
601,226.2,412.570256193763
602,229.1,0.0
603,226.3,412.570256193763
604,230.1,8.96993597643314
605,226.1,412.570256193763
606,2203.1,106.889332343106
607,5210.1,3.5350281900382696
608,5207.1,0.48496461004981206
609,5209.1,18.498511061231998
610,5208.1,4.14661895979545
611,8789.1,0.0
612,2235.1,6.89883793255576
613,2235.2,6.89883793255576
614,10840.1,0.0
615,79901.1,0.290736393894015
616,197258.1,7.93133512965484
617,125061.1,5.21767690241711
618,1719.1,31.0865162676862
619,2356.1,13.3996109189414
620,29988.1,8.345013435172499
621,6514.1,0.0
622,155184.1,0.0
623,6518.1,0.0566919869732649
624,66035.1,3.68253228795461
625,160428.1,2.45621426218438
626,25902.1,12.6455095264521
627,4522.1,70.1299718711438
628,2519.1,23.066191053171
629,2517.1,8.23636028338742
630,2184.1,4.93938868830137
631,2271.1,38.681577346313794
632,2523.1,4.03526082435906
633,2525.1,0.21177412122252398
634,10690.1,7.4429827951362695
635,8703.1,18.9581923444767
636,8704.2,21.8644044605138
637,8704.1,21.8644044605138
638,2683.1,15.9798091169045
639,9334.1,14.7750567699839
640,2820.1,18.0260500462798
641,5832.1,72.7525338459537
642,9563.1,3.67067398924263
643,2539.1,111.161648057178
644,2542.1,15.7986937913649
645,2593.1,3.99409328642451
646,2593.2,3.99409328642451
647,9514.1,0.0
648,5476.1,43.774348118552
649,2720.1,35.070670643827896
650,2588.1,11.612199250362401
651,4758.1,4.63479577228919
652,2581.1,7.01888213672913
653,2583.1,3.93098301610813
654,55790.1,0.409685931529145
655,55454.1,3.29256909164254
656,79586.1,21.8753243185567
657,22856.1,12.2705810730724
658,337876.1,1.3612895497446298
659,26290.1,0.0
660,79695.1,12.233343112229099
661,2589.1,22.3699910950977
662,50614.1,0.0
663,8693.1,0.44063988762590506
664,55568.2,17.567729187614997
665,114805.1,0.088111642404231
666,11226.1,16.594121308544
667,117248.1,0.10254159169308999
668,11227.1,0.056921437730006
669,55568.1,17.567729187614997
670,2590.1,12.340801566373901
671,51809.1,17.4687708857876
672,79623.1,6.39069921485089
673,63917.1,4.24322389109383
674,2591.1,18.941824703334802
675,81031.1,5.525962744407019
676,126792.1,7.26873711918141
677,11285.1,9.204135275094949
678,8972.1,0.0281973562598364
679,2618.1,26.3251179861975
680,2618.2,26.3251179861975
681,175.1,10.3506029023143
682,2629.2,26.050612962220697
683,2629.3,26.050612962220697
684,2629.4,26.050612962220697
685,2629.5,26.050612962220697
686,2629.1,26.050612962220697
687,26301.1,0.0
688,4329.1,47.4441519663584
689,7915.1,10.7506429455684
690,7915.2,10.7506429455684
691,275.1,0.930046585784379
692,2731.1,0.239999551048542
693,2653.1,40.7745505137525
694,2651.1,0.0450935153505437
695,55343.1,9.248474819462901
696,7264.1,50.055134626004104
697,8836.1,15.4402070419478
698,79017.1,71.5228246974973
699,8908.1,1.5617431757509899
700,2998.1,0.0
701,2992.1,47.380706620237504
702,2997.1,17.6868657534751
703,2687.1,0.0
704,6472.1,66.28203659447229
705,6470.1,17.7242082868662
706,6470.2,17.7242082868662
707,2717.1,20.0924374143919
708,2632.1,13.5452205634814
709,2990.1,8.27693843764886
710,8372.1,0.9985840307232231
711,26035.1,7.548910749212871
712,54480.1,13.965031162962001
713,2131.1,5.92585510579154
714,2132.1,20.2938941630822
715,2132.2,20.2938941630822
716,27087.2,0.0
717,135152.1,0.0
718,27087.1,0.0
719,26229.1,14.0639736914446
720,4669.1,8.346376910343269
721,64579.1,0.0492940571552384
722,3340.1,18.5199505548301
723,9348.1,0.36592469075667
724,8509.1,5.04075673974039
725,2137.1,5.47918217947446
726,2135.1,2.4399242614160896
727,2134.1,0.0455484947655155
728,56606.1,0.0
729,154091.1,0.391852097850572
730,11182.1,13.434177329355302
731,56606.2,0.0
732,144195.1,0.0
733,6523.1,0.0
734,178.4,6.3413682033348
735,178.5,6.3413682033348
736,178.1,6.3413682033348
737,178.3,6.3413682033348
738,178.2,6.3413682033348
739,178.6,6.3413682033348
740,5834.1,38.9916946715358
741,5837.1,0.657304080158775
742,5836.1,16.4256821198987
743,2729.1,12.402340406890302
744,2730.1,4.75814334388495
745,2747.1,10.4139659582474
746,2746.1,61.907607085056
747,10841.1,0.660518995624202
748,10841.2,0.660518995624202
749,2744.1,13.9014232265802
750,27165.2,1.6365168097814098
751,27165.1,1.6365168097814098
752,83733.1,0.0702388236606912
753,79751.1,4.49111045772754
754,2639.1,4.10944778346281
755,2639.2,4.10944778346281
756,57084.1,0.0
757,246213.1,0.0
758,57030.1,0.0362833216885849
759,54363.1,0.0
760,51179.2,0.0
761,51179.1,0.0
762,2628.1,0.0
763,9380.1,24.661305459629897
764,2710.2,3.35750957909277
765,2712.1,0.0
766,2710.1,3.35750957909277
767,2713.1,0.65531060211032
768,3029.1,18.365895055886398
769,6536.1,5.1931444784910195
770,6536.2,5.1931444784910195
771,5226.1,142.149962277285
772,27232.1,0.17119069100073003
773,57678.1,4.66528507094818
774,284098.1,6.46697130877341
775,80055.1,1.53500939294226
776,93183.1,7.40294774364562
777,54965.1,8.83220618559332
778,2936.1,61.32960679370439
779,7001.3,217.178645761238
780,5052.3,603.290218645467
781,2877.1,1.21969084715663
782,2876.2,0.15454916144444597
783,5052.2,603.290218645467
784,2876.1,0.15454916144444597
785,5052.1,603.290218645467
786,7001.1,217.178645761238
787,2879.1,90.44092679838708
788,7001.2,217.178645761238
789,2878.1,6.64464855836563
790,257202.1,0.0
791,2882.1,0.0
792,10935.1,112.043285065405
793,10935.2,112.043285065405
794,2937.1,21.8835842468268
795,2679.1,0.0
796,2678.1,0.508336398485948
797,2678.3,0.508336398485948
798,2678.2,0.508336398485948
799,2977.1,1.65067275054358
800,2983.1,5.80111024818972
801,4882.2,2.6651845187868703
802,2982.1,8.9737664017681
803,2974.1,5.23018892431759
804,2986.1,0.0
805,4882.1,2.6651845187868703
806,2984.1,0.0
807,4881.1,0.0
808,3000.1,0.0
809,9615.1,0.0
810,763.1,0.0
811,11238.1,1.9701687283273601
812,23556.1,8.43838421486673
813,23556.2,8.43838421486673
814,55650.1,6.18719654784363
815,53905.1,0.0
816,50506.1,0.0
817,53905.2,0.0
818,343.1,0.0
819,84720.2,4.920147267280231
820,5281.1,15.4914732276459
821,84720.1,4.920147267280231
822,5281.2,15.4914732276459
823,54872.1,9.485826606949221
824,80235.1,1.48918788439583
825,10026.1,6.76787466372332
826,8733.1,35.0427344478494
827,128869.1,9.75688174843966
828,94005.1,19.637811101728698
829,51604.1,22.0166495277598
830,3028.1,113.534092915151
831,3033.1,24.867000115054196
832,3038.2,0.10963321486434899
833,3036.1,0.0
834,3038.1,0.10963321486434899
835,3037.1,0.0
836,27235.1,12.375789123789199
837,6522.1,27.8277271878097
838,83697.1,0.0
839,6521.1,0.036913316775444995
840,6508.2,0.169053775301691
841,6508.1,0.169053775301691
842,2645.1,0.0
843,3099.1,16.7804045327358
844,3098.3,64.4659924892628
845,2645.2,0.0
846,80201.1,0.0
847,3098.2,64.4659924892628
848,2645.3,0.0
849,3098.1,64.4659924892628
850,3098.4,64.4659924892628
851,3101.1,0.24527992754062197
852,3098.5,64.4659924892628
853,3081.1,0.457651208983177
854,11112.1,10.9519609226431
855,3067.1,0.0472311180544508
856,495.1,0.0
857,496.1,0.0
858,8942.1,43.7561366189631
859,3157.1,41.9135796488845
860,3157.2,41.9135796488845
861,3158.1,0.667268824776567
862,3155.1,8.1997948659251
863,54511.1,0.0394884790472525
864,3162.1,0.574942320719432
865,3163.1,42.729361742349504
866,26062.1,0.0
867,197257.1,15.265384571457
868,197257.2,15.265384571457
869,6448.1,6.37672508046121
870,3290.2,0.0
871,3290.1,0.0
872,3291.1,0.19429506693812898
873,3292.1,0.47202665573695207
874,7923.1,1.50062834865162
875,3294.1,0.0
876,51478.1,14.983839583004801
877,3283.1,0.0
878,3284.1,0.0
879,80270.1,12.8397337611969
880,57026.1,0.18237571869204897
881,3421.2,46.6955093256661
882,3420.3,27.677178995342803
883,3419.1,19.808528414775
884,3420.1,27.677178995342803
885,3421.1,46.6955093256661
886,3420.2,27.677178995342803
887,3417.1,88.76763000845709
888,3418.1,134.037039379132
889,7173.4,0.0
890,7173.1,0.0
891,7173.3,0.0
892,7173.2,0.0
893,7173.5,0.0
894,3425.1,3.8137600748598097
895,587.1,16.404700135673803
896,8501.1,1.03920987867817
897,55586.1,0.0
898,114134.1,1.3690860140366399
899,6526.1,16.6582401970332
900,3422.1,158.283631181894
901,91734.1,0.0
902,160728.1,0.0
903,8802.1,63.776360457855
904,8801.1,22.107320267512897
905,8803.1,19.3961673480442
906,6560.1,0.163476089045761
907,10723.1,7.99716151082141
908,9990.1,1.17339072158237
909,57468.1,2.05569668930206
910,3795.1,2.86794757629458
911,3795.2,2.86794757629458
912,84679.1,29.664135858653804
913,23315.1,5.78279157771972
914,8564.1,0.22288777532592396
915,3938.1,0.262270468903254
916,53.1,12.476186736640502
917,3931.1,0.0
918,387775.1,0.0
919,124637.1,8.8340977298369
920,366.1,0.0
921,11283.1,0.0
922,4047.1,131.618845690202
923,5321.1,0.0
924,1178.1,0.0
925,29124.1,0.0
926,51268.1,0.0
927,4023.1,0.0
928,3990.1,0.0744125592139924
929,1056.1,0.689641626948455
930,80339.1,0.605804035748109
931,11343.1,1.35911352449844
932,11343.2,1.35911352449844
933,50487.1,2.6980982538149907
934,9227.1,0.109655132740171
935,6309.1,8.08906399168382
936,4048.1,45.117298520395295
937,4056.1,0.0
938,4259.1,17.2232721293778
939,4056.2,0.0
940,4258.1,13.5684663724806
941,2954.1,37.3732541301105
942,2954.3,37.3732541301105
943,2954.2,37.3732541301105
944,2548.1,22.617850140598602
945,56922.1,18.9389201779197
946,64087.1,37.356086083716505
947,23417.1,15.409501926161301
948,4357.1,7.11583962029863
949,4191.1,119.085754245565
950,4190.1,110.689373397349
951,4200.1,4.390807883330701
952,4199.1,23.393302841896702
953,10873.1,0.0
954,3620.1,0.0
955,1557.1,0.075146591857287
956,1543.1,4.114436677402
957,1545.1,7.628334265008251
958,1544.1,0.0
959,4143.1,0.0
960,27430.2,12.1510993717427
961,4144.1,64.8183728661577
962,27430.1,12.1510993717427
963,4548.1,15.9665517621854
964,4598.1,40.2778891518294
965,3635.1,0.0378455098300102
966,8867.2,4.88056846360088
967,3636.1,40.358341701742894
968,27124.2,2.2051215627085097
969,8867.1,4.88056846360088
970,27124.1,2.2051215627085097
971,3633.1,4.80173188814953
972,56623.1,4.86829858550004
973,3632.1,21.7010870016355
974,3628.1,2.88722635321589
975,3706.1,0.7910509810223009
976,80271.1,11.1265351685934
977,3707.1,5.205549820714809
978,51477.1,8.15403826510908
979,3631.2,9.90185744180442
980,3631.1,9.90185744180442
981,8821.1,92.74436353340842
982,2595.1,0.652678832623933
983,84693.1,13.449685185381501
984,4594.1,13.4559583594418
985,116255.1,0.0
986,80168.1,0.0
987,4507.1,0.718138988707935
988,10797.1,124.18150249391
989,56913.1,0.46469497935583504
990,443.1,0.0
991,91703.1,0.14063973691444598
992,4668.1,10.2063834840757
993,9498.1,1.0225605908814899
994,57282.1,0.0576029168206614
995,6528.1,0.0511274211378018
996,481.1,26.095063912943896
997,478.1,0.5411889234991
998,477.1,0.0
999,23439.1,0.0
1000,483.1,45.5916093712478
1001,476.1,94.4774552022531
1002,480.1,0.0
1003,482.1,0.0
1004,6548.1,8.91482939904513
1005,6550.1,0.0
1006,6549.1,21.7032802390208
1007,84735.1,0.0
1008,55748.1,11.6846019545652
1009,6559.1,0.0
1010,123041.2,0.0
1011,57419.1,6.39370159076214
1012,9187.1,2.9870240315515204
1013,123041.3,0.0
1014,25769.1,0.016866389113356
1015,123041.1,0.0
1016,124583.1,42.19957702081779
1017,79077.1,87.3347651999972
1018,9583.1,7.2594062089685
1019,1841.1,40.5284403151306
1020,4832.1,45.265865033972396
1021,4831.1,0.734853930823068
1022,4830.1,88.64039585604
1023,10201.1,5.971043108189201
1024,29922.2,2.5679494186043197
1025,29922.1,2.5679494186043197
1026,4830.2,88.64039585604
1027,4833.1,49.802162344961204
1028,57127.1,0.20450968455120702
1029,6005.1,0.0
1030,6557.1,0.0
1031,6558.1,20.610829827094
1032,349565.1,0.8850261782433849
1033,64802.1,3.8684296850310296
1034,23057.1,2.44966352643724
1035,23057.2,2.44966352643724
1036,10135.1,7.81235796509078
1037,4837.1,0.0
1038,5409.1,0.0
1039,4846.1,0.0
1040,201288.1,0.0
1041,4842.1,0.0
1042,4843.2,0.0
1043,4843.1,0.0
1044,645740.1,0.0
1045,4860.1,30.8601206159404
1046,6580.1,0.19184853933764898
1047,55808.1,0.0
1048,30833.1,27.8567039172875
1049,5251.1,1.3390173304030202
1050,56953.1,1.9353288828202
1051,4907.1,0.6897681037067829
1052,3704.2,14.5022278291383
1053,6476.1,0.0
1054,5009.1,0.0
1055,5019.1,79.8497182852
1056,64064.1,0.902129891392003
1057,1629.1,2.7330997022484
1058,594.1,4.03884589307109
1059,593.1,22.526953090827302
1060,594.2,4.03884589307109
1061,26873.1,3.4286293106194003
1062,4942.1,43.74983146803739
1063,7372.1,15.322539518946
1064,1836.1,3.0566283378929002
1065,10861.1,0.0447021168676722
1066,10861.3,0.0447021168676722
1067,10861.2,0.0447021168676722
1068,1811.1,0.0
1069,1583.1,0.0
1070,1584.1,0.0
1071,1585.1,0.0
1072,1586.1,0.0
1073,1588.1,0.0606708670943352
1074,1588.2,0.0606708670943352
1075,1576.1,0.0
1076,1589.1,0.012269757599408
1077,1593.1,0.39867348013253207
1078,1553.1,0.0
1079,1548.1,0.0
1080,1562.1,0.0
1081,1558.1,0.49104294894032
1082,1558.2,0.49104294894032
1083,1559.1,0.0
1084,1565.1,0.5510297106352601
1085,1572.1,0.0
1086,51302.1,0.160943360905616
1087,64816.1,0.0
1088,64816.3,0.0
1089,64816.2,0.0
1090,1577.1,0.0
1091,1551.1,0.0
1092,10858.1,0.25490645937787304
1093,66002.1,0.0
1094,4051.1,0.0
1095,8529.1,0.0745642977115739
1096,9420.1,0.0
1097,1582.1,0.0
1098,5831.1,132.292308857667
1099,5831.2,132.292308857667
1100,5051.1,6.380769597300071
1101,5049.1,20.758179509643103
1102,5050.1,36.6553729896335
1103,5048.1,18.6609440733115
1104,7941.1,0.0
1105,347734.1,37.7314353006255
1106,57194.1,0.0
1107,5338.1,5.30658937457354
1108,5337.1,0.335690913028578
1109,130013.1,0.0
1110,5091.1,13.924693593580699
1111,5091.2,13.924693593580699
1112,5244.1,0.443374831983371
1113,5244.3,0.443374831983371
1114,5244.2,0.443374831983371
1115,5139.1,0.0
1116,5142.1,0.0639159790207234
1117,5151.3,13.1500542668048
1118,5153.1,0.0
1119,5150.2,6.97781887982386
1120,5143.1,0.09622718841514699
1121,5150.1,6.97781887982386
1122,5137.1,0.0
1123,5144.1,1.4810019607693201
1124,5136.2,1.6136442627851297
1125,5140.2,5.55321866638778
1126,5151.2,13.1500542668048
1127,10846.1,0.0426081701208994
1128,5151.5,13.1500542668048
1129,5140.1,5.55321866638778
1130,5141.1,0.317516299001669
1131,5138.1,0.0778669752933472
1132,5136.1,1.6136442627851297
1133,5151.4,13.1500542668048
1134,5151.1,13.1500542668048
1135,27115.1,2.4564117314819
1136,50940.1,0.11170977066524199
1137,8622.1,0.0415149087167982
1138,5146.1,0.0
1139,5152.17,0.8473481475415792
1140,5152.6,0.8473481475415792
1141,5152.11,0.8473481475415792
1142,5152.2,0.8473481475415792
1143,8654.2,9.19604986142814
1144,5152.10,0.8473481475415792
1145,5145.1,0.0
1146,5158.1,1.31407516522841
1147,5149.1,0.0
1148,5152.12,0.8473481475415792
1149,5152.15,0.8473481475415792
1150,5152.5,0.8473481475415792
1151,5152.20,0.8473481475415792
1152,5152.19,0.8473481475415792
1153,5152.16,0.8473481475415792
1154,8654.3,9.19604986142814
1155,5152.14,0.8473481475415792
1156,5152.13,0.8473481475415792
1157,5152.7,0.8473481475415792
1158,5152.3,0.8473481475415792
1159,8654.1,9.19604986142814
1160,5152.18,0.8473481475415792
1161,5147.1,7.71441594889364
1162,5148.1,0.178721073302814
1163,5152.4,0.8473481475415792
1164,5152.1,0.8473481475415792
1165,5161.1,0.0
1166,5162.1,32.3646102650945
1167,1737.1,16.4068906156521
1168,5160.1,33.1952997475146
1169,55163.1,34.244659750279304
1170,10396.1,11.1776726893164
1171,5105.1,0.0
1172,5106.1,26.978751089035697
1173,8310.1,10.0998519887312
1174,5833.1,35.854000462734604
1175,10400.2,13.162722212799801
1176,10400.1,13.162722212799801
1177,10400.3,13.162722212799801
1178,26227.1,34.4562218853945
1179,5730.1,0.0
1180,27306.1,0.113208456958996
1181,80142.4,18.856400370129897
1182,80142.2,18.856400370129897
1183,9536.1,0.19154704870485
1184,80142.1,18.856400370129897
1185,9536.2,0.19154704870485
1186,80142.3,18.856400370129897
1187,5740.1,0.0652620588930142
1188,114971.1,7.273230190064581
1189,9489.1,7.37684576370242
1190,5743.1,0.0
1191,5742.1,0.5367187335191239
1192,6898.1,0.0490296749768783
1193,5053.1,0.11678802809886901
1194,5264.1,5.66334511064882
1195,5728.1,50.177773643608205
1196,8871.1,6.184453455778081
1197,8394.1,57.245951227377205
1198,23396.1,4.109587718533681
1199,8395.1,0.20058327810069
1200,55361.1,7.89066881481539
1201,5297.1,20.912289238957698
1202,5298.1,61.0138720849096
1203,5291.1,11.086010856188901
1204,5295.3,13.913355499300598
1205,5293.1,0.185083507327936
1206,8503.1,64.8040184057527
1207,5296.1,10.8435666638259
1208,5290.1,11.2883390885496
1209,5295.1,13.913355499300598
1210,5295.2,13.913355499300598
1211,10870.1,1.0818441301111201
1212,5294.1,0.0
1213,23533.1,0.0
1214,4952.1,22.2065614864136
1215,4952.2,22.2065614864136
1216,23236.2,5.968507353622299
1217,5336.1,1.3683866294378502
1218,9651.1,0.0
1219,113026.1,4.65408906653531
1220,89869.1,0.0
1221,84812.1,0.0751157181547984
1222,5330.1,0.0
1223,5335.1,34.519756892674195
1224,51196.1,0.145616293767375
1225,5333.1,1.4635899614855803
1226,5332.2,12.8702649106281
1227,5331.1,10.2778969749279
1228,5335.2,34.519756892674195
1229,5334.1,0.219452852799735
1230,5332.1,12.8702649106281
1231,257068.1,0.170234318425307
1232,23236.1,5.968507353622299
1233,23007.1,10.601774537598999
1234,5287.1,8.64773470789107
1235,5286.1,23.4276233902097
1236,5288.1,1.36084718277707
1237,200576.2,10.287337271244802
1238,8396.1,19.140432737444197
1239,200576.3,10.287337271244802
1240,79837.1,24.4229925241302
1241,8396.2,19.140432737444197
1242,5305.1,15.2870857260295
1243,200576.1,10.287337271244802
1244,5289.1,3.8331923212387
1245,5279.1,11.810984757513301
1246,51227.2,8.43155704317186
1247,5283.1,11.290590192353301
1248,5277.2,6.75660291519482
1249,9091.1,7.94440517513102
1250,8818.1,17.0295981567815
1251,51227.1,8.43155704317186
1252,9091.2,7.94440517513102
1253,5277.3,6.75660291519482
1254,5279.2,11.810984757513301
1255,5277.1,6.75660291519482
1256,8818.2,17.0295981567815
1257,51227.3,8.43155704317186
1258,8398.1,1.71535422827001
1259,5320.1,0.0
1260,8398.2,1.71535422827001
1261,81579.1,14.5636678856391
1262,5322.1,0.0
1263,64600.1,0.0
1264,100137049.1,0.0693332036362454
1265,123745.1,0.0
1266,5319.1,0.0
1267,26279.1,0.0
1268,8399.1,0.0
1269,30814.1,0.0
1270,10654.1,17.5935005762875
1271,117283.1,0.0
1272,9807.2,8.78470428774915
1273,9807.1,8.78470428774915
1274,51447.3,14.9520714090202
1275,51447.4,14.9520714090202
1276,51447.6,14.9520714090202
1277,51447.5,14.9520714090202
1278,51447.1,14.9520714090202
1279,51447.2,14.9520714090202
1280,8876.1,0.0
1281,8875.2,0.0
1282,55350.3,0.0
1283,55350.2,0.0
1284,8875.1,0.0
1285,55350.1,0.0
1286,27068.4,56.1380595993147
1287,27068.1,56.1380595993147
1288,27068.3,56.1380595993147
1289,27068.2,56.1380595993147
1290,8612.1,30.8707904195714
1291,8611.1,3.6104990058124304
1292,8613.1,4.64264185944905
1293,8611.2,3.6104990058124304
1294,5498.1,2.9429643137026806
1295,8288.1,0.0
1296,9588.1,202.428584204343
1297,4353.1,0.0
1298,6820.2,9.239179869895601
1299,5625.1,1.82224243842637
1300,6578.1,0.6328931349642121
1301,23761.1,13.733833463945901
1302,9791.1,78.2729781804997
1303,81490.1,7.94629923325958
1304,10965.1,1.67735466044752
1305,10005.1,6.651524870860441
1306,10005.3,6.651524870860441
1307,10005.2,6.651524870860441
1308,122970.1,17.1404679364481
1309,5805.1,6.9738712519559805
1310,6303.1,10.5815458382527
1311,112483.1,1.86562916315081
1312,8566.1,31.938803106123398
1313,7378.2,0.771803434286592
1314,151531.1,0.0
1315,7378.1,0.771803434286592
1316,2944.1,0.154288318977873
1317,2944.2,0.154288318977873
1318,64080.1,2.9854940886476
1319,5959.1,0.534335093975974
1320,8608.1,0.212224791629459
1321,157506.1,8.66115922374676
1322,112724.1,7.75730516704404
1323,145226.1,0.0
1324,51109.1,71.4653752777652
1325,195814.1,0.0574220031371794
1326,57665.1,0.571348931214935
1327,50700.1,0.0
1328,8228.1,1.32349700715766
1329,113278.1,14.1887096000161
1330,54981.1,10.339445486261999
1331,6484.1,11.4407295011029
1332,6482.1,29.532125505001503
1333,6483.1,1.67856247658465
1334,6482.2,29.532125505001503
1335,10090.1,2.49826906839598
1336,9653.1,7.197502296598881
1337,3423.1,14.8583133080041
1338,3423.2,14.8583133080041
1339,9957.1,0.186088201515297
1340,9951.1,0.0
1341,222537.1,0.0
1342,9956.1,0.0
1343,9955.1,0.0
1344,9953.1,0.0899762096401473
1345,64711.1,0.172157870045931
1346,113189.1,5.739483349056309
1347,50515.1,2.3139235494419
1348,166012.1,0.0
1349,55501.1,3.3429135778539103
1350,411.2,1.53386859136654
1351,411.1,1.53386859136654
1352,23563.2,0.36818803392446897
1353,9435.1,0.0
1354,23563.1,0.36818803392446897
1355,10164.1,0.0
1356,4166.1,0.0
1357,8534.1,0.139211922326482
1358,9469.1,3.95921129446518
1359,56548.1,1.2658184888881299
1360,266722.1,3.0924883206712996
1361,9394.1,16.8860210440042
1362,90161.2,18.4342663426703
1363,90161.1,18.4342663426703
1364,2799.1,51.7874610114339
1365,10157.1,10.023135807839301
1366,118881.1,14.439012989883098
1367,3176.1,0.35008455335333505
1368,1757.1,0.0431512055673305
1369,81537.1,20.449731999954103
1370,6652.1,22.989042433839003
1371,6342.1,11.770953284939198
1372,9056.1,0.0555213051894258
1373,10558.1,13.5340540425172
1374,9517.1,28.665424084473
1375,55304.1,0.0
1376,2098.1,77.61932964922408
1377,8879.1,27.965216351113
1378,8869.1,26.026899489765395
1379,56848.1,1.7335492223967701
1380,8877.1,3.5401798744324102
1381,130752.1,0.0
1382,55512.1,0.555191977191207
1383,55512.2,0.555191977191207
1384,339221.1,0.0
1385,55627.1,13.620308644602499
1386,6609.1,6.643172407175231
1387,6610.1,8.11962952783246
1388,259230.1,7.86289012427792
1389,115111.1,0.24669476537531398
1390,115019.2,0.0
1391,115111.2,0.24669476537531398
1392,116369.2,0.0
1393,284129.1,11.0190059187473
1394,116369.1,0.0
1395,115019.1,0.0
1396,26266.1,0.0
1397,6646.1,9.01501111021248
1398,6649.1,0.0
1399,6648.1,12.9645232633717
1400,6647.1,312.045327158051
1401,6697.1,55.263030276252
1402,6611.1,84.3073659458862
1403,6723.1,35.4747993112557
1404,6713.1,316.545276042801
1405,2222.1,67.2091453042865
1406,6715.1,14.475825415597502
1407,6716.1,0.0
1408,15.1,0.0850775514140434
1409,6532.1,0.0553532116223976
1410,6487.6,0.98751667123569
1411,6487.11,0.98751667123569
1412,6487.5,0.98751667123569
1413,6487.7,0.98751667123569
1414,6487.9,0.98751667123569
1415,6487.1,0.98751667123569
1416,6487.8,0.98751667123569
1417,6487.4,0.98751667123569
1418,6487.3,0.98751667123569
1419,6487.10,0.98751667123569
1420,6487.2,0.98751667123569
1421,10402.1,0.18571016555488
1422,10610.1,13.896943125037902
1423,256435.1,0.0
1424,30815.1,4.0464402358269105
1425,81849.1,0.539857257840884
1426,6489.1,0.33878627175190695
1427,29906.1,0.049561306041957
1428,412.1,3.66282384796934
1429,6389.1,63.1016730934198
1430,6392.1,44.4631771169672
1431,6391.1,22.861895406724702
1432,6390.1,50.4583440388247
1433,6821.1,8.698828172115709
1434,6533.1,27.6132976470079
1435,5092.1,59.4293759068895
1436,5092.2,59.4293759068895
1437,23530.2,36.5965142899537
1438,23530.1,36.5965142899537
1439,79178.1,8.97711664037859
1440,6567.1,9.93410360962939
1441,1890.1,0.591961889880414
1442,55217.1,8.90672885500354
1443,7296.3,41.3657302552299
1444,7296.1,41.3657302552299
1445,7296.4,41.3657302552299
1446,7296.2,41.3657302552299
1447,80162.1,1.81071243125063
1448,11181.1,0.0
1449,7166.1,0.0
1450,121278.1,0.0
1451,6999.1,3.54283306731046
1452,169355.1,0.0
1453,6561.1,0.0
1454,6916.1,0.13384455196836
1455,7054.1,0.0
1456,7054.3,0.0
1457,7054.2,0.0
1458,7306.1,4.06857653382541
1459,10020.1,3.97314961662979
1460,29880.1,27.2417815090768
1461,7355.1,10.2743275070963
1462,7358.1,178.31235230007
1463,23169.1,5.397606650232349
1464,80146.1,6.997701195572491
1465,5168.1,0.0
1466,84912.1,3.7455909447125095
1467,3906.1,0.0
1468,7357.1,23.876850491483697
1469,11046.1,2.66950830937543
1470,54576.1,0.0
1471,54575.1,0.0
1472,54578.1,0.15510639065856102
1473,54579.1,0.147148215685134
1474,54600.1,0.0
1475,54658.1,0.0
1476,54659.1,0.22072232352770102
1477,54577.1,0.0
1478,54657.1,0.0
1479,7364.1,0.0
1480,54490.1,0.0
1481,7367.1,0.0880691994165603
1482,10720.1,0.964528090210441
1483,7363.1,0.0
1484,7365.1,0.110928077896359
1485,7366.1,0.58004967636034
1486,54963.1,13.1419280228901
1487,7498.1,0.0
1488,9942.1,4.03845027686059
1489,64131.1,2.68294099662198
1490,64132.1,12.9678748166978
1491,51181.1,138.502148633237
1492,64077.1,7.9531771225119
1493,5464.1,165.419119132705
1494,10724.1,27.144573895146
1495,1356.1,0.323076022148847
1496,2512.1,217.29885928219898
1497,2495.1,411.18527476077
1498,94033.1,0.0
1499,1727.1,14.1919370574173
1500,51706.1,41.1605097007144
1501,51700.1,0.0
1502,10587.1,3.65012798119524
1503,80347.1,15.512989162684299
1504,22978.1,24.078372706570395
1505,84618.1,0.0
1506,51251.1,28.8771497197231
1507,93034.1,0.0
1508,100526794.1,0.0
1509,3251.1,22.353269845977998
1510,353.1,202.31557693182097
1511,56954.1,26.5756970587605
1512,5313.1,0.0
1513,92086.1,0.0
1514,728441.1,0.0
1515,102724197.1,0.0
1516,2686.1,2.6060637218890603
1517,124975.1,2.007715691694
1518,91227.1,0.0
1519,5211.1,40.9844702818001
1520,1491.1,0.831809181022654
1521,2819.1,0.0
1522,29926.1,21.7912665587909
1523,29925.1,10.355264429327901
1524,875.1,81.30695490886991
1525,102724560.1,0.0
1526,249.1,0.0
1527,22934.1,10.2680811193262
1528,51292.1,40.9850301621081
1529,2766.1,1.32749058605714
1530,57571.1,0.0353434482870248
1531,8833.1,74.2195289148261
1532,11332.1,8.54006525942714
1533,5538.1,322.761093201637
1534,641371.1,2.64072912982944
1535,9374.1,0.51369231933162
1536,55825.1,3.8651727106772404
1537,51102.1,5.79454394470927
1538,37.1,36.284618719498894
1539,33.1,0.184058716096086
1540,132158.1,1.1071954011958702
1541,641649.1,0.854353542003641
1542,93100.1,11.3965391500731
1543,23475.1,44.5902177462982
1544,50484.1,28.7256662647755
1545,6240.1,52.199178292602205
1546,6241.1,55.5309898900107
1547,3156.1,64.0342452327771
1548,79966.1,3.97460126062564
1549,10588.1,0.0719243343779619
1550,84890.1,11.6356345175458
1551,79646.1,78.05567683843358
1552,80025.1,11.535558808870098
1553,53354.1,5.58687241204528
1554,55229.1,5.882169163151491
1555,83594.1,7.6967536967211405
1556,7263.1,31.2991591792425
1557,26275.1,17.1610942516544
1558,29920.1,7.532390404032099
1559,7389.1,16.8368301677294
1560,1595.1,52.94068889184529
1561,130367.1,0.0
1562,10478.1,11.757439193342302
1563,23443.1,10.1556450945287
1564,64240.1,0.0
1565,64241.1,0.0
1566,284111.1,0.0
1567,8435.1,0.0
1568,3988.1,28.711933802171696
1569,771.1,13.3846572263484
1570,760.1,0.8779431356003811
1571,768.1,0.0
1572,23632.1,0.0
1573,765.1,0.0
1574,759.1,0.0
1575,762.1,4.86577932105866
1576,766.1,0.0
1577,767.1,0.36025942460843197
1578,377677.1,0.303392089589345
1579,10057.1,45.863677931679796
1580,6556.1,0.42110938500294604
1581,6568.1,0.0
1582,7779.1,16.217476105050302
1583,54020.1,12.945494511263002
1584,215.1,3.5428623682323503
1585,5825.1,5.20869130224074
1586,641372.1,0.9105162250437209
1587,9045.1,431.39205252724406
1588,4017.1,0.23993655904039302
1589,84105.1,7.61157869675742
1590,25830.1,0.0
1591,84569.1,0.0
1592,4025.1,0.0428980896266493
1593,54995.1,14.128445083612302
1594,93492.1,0.0633951657381343
1595,1267.1,10.7486248568662
1596,10249.1,0.0
1597,1580.1,2.0122981225180103
1598,1555.1,0.0
1599,1549.1,0.0
1600,1573.1,15.949773071719001
1601,199974.1,1.2463615909041101
1602,260293.1,0.0
1603,29785.1,0.0
1604,57834.1,0.807798194353958
1605,1215.1,0.0
1606,1357.1,0.0
1607,1358.1,0.0
1608,57094.1,0.152997203337891
1609,93979.1,0.0
1610,7177.1,0.0
1611,64499.1,0.0
1612,23430.1,0.0
1613,1636.1,0.24085848016965097
1614,9365.1,0.034451037872391
1615,9331.1,2.53722474839441
1616,7368.1,3.3115871444067504
1617,5315.1,362.63903291308196
1618,26063.1,6.39787766851717
1619,1666.1,61.8785093140236
1620,874.1,3.61717308970606
1621,10901.1,5.7261204602233695
1622,126410.1,0.21023187963447199
1623,2053.1,1.2188777199251999
1624,8897.1,9.38585848196084
1625,8897.3,9.38585848196084
1626,8897.2,9.38585848196084
1627,8898.1,6.61669551679416
1628,2880.1,0.0
1629,9152.1,0.0
1630,9497.1,15.7646422056009
1631,115584.1,0.0673909539214078
1632,6574.1,34.9119074485993
1633,6575.1,5.40489231218218
1634,142680.1,0.0
1635,6534.1,0.0
1636,3293.1,0.0
1637,1622.1,185.99073631255902
1638,225.1,0.0
1639,28965.1,1.9306405278646201
1640,23205.1,0.0
1641,26061.1,12.5472706462888
1642,54716.1,0.0
1643,6564.1,0.0
1644,113235.1,3.87800246728299
1645,1200.1,3.34892073300392
1646,2168.1,0.0
1647,51056.1,35.5841780631054
1648,9390.1,0.285674465607468
1649,5184.1,5.849035787563389
1650,4891.1,12.680219571535002
1651,30061.1,0.0
1652,248.1,0.0
1653,4524.1,3.50583980895661
1654,65263.1,13.8876071277754
1655,25796.1,24.5779501551647
1656,28982.1,3.44791138150249
1657,6120.1,31.2321763866949
1658,6120.2,31.2321763866949
1659,10864.1,0.0
1660,9356.1,0.0
1661,9376.1,0.0
1662,348932.1,0.0
1663,120103.1,2.96684232030473
1664,1080.1,0.0
1665,85320.1,0.14516209447302802
1666,222962.1,1.7075249967821002
1667,10351.1,0.0
1668,9429.1,1.31587662545903
1669,55867.1,0.0
1670,360.1,2.60302699509448
1671,364.1,0.0780331446815106
1672,89872.1,0.0
1673,21.1,27.212390325218202
1674,24.1,0.0212768134515046
1675,10057.2,45.863677931679796
1676,125206.1,0.0
1677,200010.1,0.0
1678,6524.1,0.0
1679,159963.1,0.9135238983478209
1680,79581.1,27.4657423436059
1681,55065.1,0.0
1682,3764.1,0.153061245700108
1683,6833.1,0.817482141085133
1684,10060.1,5.05377920962686
1685,3767.1,2.7662957499002703
1686,5950.1,0.0
1687,64220.1,0.0288560066270169
1688,5947.1,0.0
1689,5948.1,0.0
1690,949.1,21.546139992929
1691,29881.1,0.0695177406801442
1692,2350.1,0.0
1693,3248.1,0.72480340134303
1694,166929.1,5.25330149807283
1695,56261.1,2.47207566558567
1696,3658.1,19.6850184056662
1697,122481.1,4.60458658058617
1698,203.1,7.100258562671041
1699,159.1,20.948847841649602
1700,122622.1,1.58371984783351
1701,122622.2,1.58371984783351
1702,11212.1,13.3796620092995
1703,383.1,0.0
1704,1371.1,8.9407401851352
1705,1503.1,19.7669037601323
1706,56474.1,11.4834546306791
1707,1491.2,0.831809181022654
1708,2987.1,59.384940667384605
1709,5860.1,3.3644963992549104
1710,9453.1,20.933579827451602
1711,2023.1,391.987505346333
1712,2027.1,2.1081218426379196
1713,2027.2,2.1081218426379196
1714,2026.1,6.80275843027068
1715,9843.1,0.0319412400399684
1716,80308.1,15.7660500303445
1717,80308.2,15.7660500303445
1718,7360.1,39.283107238553
1719,7360.2,39.283107238553
1720,2597.1,1336.26094382234
1721,26330.1,0.0
1722,2673.1,16.4491770889595
1723,9945.1,1.03226110455305
1724,2752.1,49.054796965761795
1725,51557.1,0.0
1726,1800.1,0.0988813726277876
1727,2762.1,7.89500341315183
1728,2643.1,19.4221171109392
1729,761.1,0.0
1730,766.2,0.0
1731,771.2,13.3846572263484
1732,358.1,0.0482915102981456
1733,361.1,0.0
1734,4284.1,0.0
1735,359.1,0.0
1736,362.1,0.0
1737,3145.1,11.412119094228101
1738,586.1,0.0
1739,3614.1,33.6195942528817
1740,3615.1,150.936129244433
1741,3614.2,33.6195942528817
1742,682.1,83.7502464907496
1743,29926.2,21.7912665587909
1744,29925.2,10.355264429327901
1745,4351.1,20.2554023427802
1746,100287639.1,0.0
1747,441024.1,2.47137965281384
1748,65220.1,10.664506785028198
1749,389015.1,0.972038780993993
1750,6553.1,1.6389292050786999
1751,2821.1,68.5144163563668
1752,5230.1,248.123900285541
1753,375056.1,16.5655770233038
1754,5232.1,0.21636882602222401
1755,5236.1,12.0506401477841
1756,55276.1,21.7583940806044
1757,5372.1,6.84015555998551
1758,5373.1,31.4842312739999
1759,80025.2,11.535558808870098
1760,53354.3,5.58687241204528
1761,53354.2,5.58687241204528
1762,80025.3,11.535558808870098
1763,80025.4,11.535558808870098
1764,210.1,9.82409926975907
1765,210.2,9.82409926975907
1766,60490.1,8.980915151319039
1767,79717.1,35.6085834900913
1768,58510.1,0.0
1769,153201.1,0.0
1770,221823.2,0.0
1771,5631.1,52.6616231962115
1772,221823.1,0.0
1773,5634.1,27.5687106337411
1774,29968.1,0.083561086832166
1775,29968.2,0.083561086832166
1776,8781.1,0.0
1777,5723.1,7.29307012535787
1778,55312.1,7.699596974776809
1779,6888.1,89.0310682380142
1780,79896.1,7.37146207275715
1781,7086.1,118.22683184433399
1782,84076.1,0.0
1783,8277.1,0.0
1784,27010.1,1.60118545757283
1785,7167.1,284.78788967972
1786,286016.1,0.906453435740105
1787,2582.1,6.67914947758304
1788,2582.2,6.67914947758304
1789,6675.1,38.5777155446887
1790,91373.1,6.42846638000414
1791,7390.1,15.731501243167902
1792,6563.1,0.22421541799604996
1793,8170.1,0.0
1794,374569.1,0.0
1795,100507855.1,0.0
1796,31.5,47.5707657729675
1797,31.4,47.5707657729675
1798,31.2,47.5707657729675
1799,31.3,47.5707657729675
1800,31.1,47.5707657729675
1801,93034.2,0.0
1802,55191.1,16.511433344496602
1803,132.1,26.7613373931915
1804,132.2,26.7613373931915
1805,112611.1,12.145707315155699
1806,98.1,5.38620269034047
1807,97.2,8.2620720082393
1808,97.1,8.2620720082393
1809,51005.1,7.44780735565329
1810,471.1,26.1403940760817
1811,435.1,8.51435849062927
1812,171425.1,0.14324009557253198
1813,171425.2,0.14324009557253198
1814,132789.1,2.70940420090883
1815,10007.1,13.192869715511199
1816,2584.1,20.277893351377603
1817,2585.2,14.045216724664801
1818,2585.1,14.045216724664801
1819,2592.1,6.8087491680803005
1820,2592.3,6.8087491680803005
1821,2592.2,6.8087491680803005
1822,5471.1,19.1622591301044
1823,84264.2,16.0362290535798
1824,84264.1,16.0362290535798
1825,3034.1,0.420517485790701
1826,144193.1,0.0
1827,2739.1,473.16404156920095
1828,3612.1,3.45636717910397
1829,3613.1,7.556251667283419
1830,8776.1,19.1640656259625
1831,2978.1,0.0
1832,4953.1,67.3752796218676
1833,5214.1,44.6175704558002
1834,5211.2,40.9844702818001
1835,5213.1,14.2649331703652
1836,10050.1,0.0
1837,10786.1,0.0
1838,10246.1,0.0
1839,6569.1,0.0528262519470613
1840,10568.1,0.0
1841,5198.1,7.7404614046696505
1842,5315.2,362.63903291308196
1843,5313.2,0.0
1844,5315.3,362.63903291308196
1845,113675.1,1.96734208739719
1846,7298.1,27.3727750747572
1847,131669.1,0.0
1848,5973.1,0.0
1849,1635.1,23.5478580073697
1850,286297.1,0.0
1851,10560.1,15.185687764744598
1852,191.1,58.2686582886669
1853,10768.2,27.417388325612002
1854,10768.1,27.417388325612002
1855,51660.1,8.59581675618887
1856,25874.1,16.4101995594115
1857,5205.1,14.042653872811698
1858,57198.1,20.7561167959906
1859,23250.1,3.64119764800686
1860,286410.1,17.4236384824367
1861,5243.1,0.0
1862,55856.1,8.448628857664959
1863,7350.1,0.18283165798877898
1864,26027.1,0.0709750225111721
1865,10058.1,8.5294233302801
1866,51458.1,0.237958773955027
1867,948.1,0.956103474637678
1868,10928.1,30.444988603615798
1869,1728.1,310.693859561789
1870,2946.1,0.154418630058091
1871,125981.1,0.0
1872,55331.1,4.464664186275231
1873,340485.1,1.87680059526548
1874,5660.1,146.032089690542
1875,2760.1,5.53485416243947
1876,57704.1,9.79168668772216
1877,4759.1,0.0
1878,10825.1,6.695243813673611
1879,7903.1,8.082193803910942
1880,3991.1,0.0
1881,9388.1,0.0
1882,13.1,0.0
1883,747.1,0.571547385168118
1884,221955.1,7.72098870558282
1885,5408.1,0.0
1886,5406.1,0.0
1887,57104.1,7.89969405868217
1888,8513.1,0.0
1889,5407.1,0.0
1890,119548.1,0.0
1891,2170.1,0.0
1892,2169.1,0.0
1893,2173.1,0.0
1894,2171.1,10.5046917038697
1895,2172.1,0.0
1896,2167.1,0.0
1897,646486.1,0.0
1898,646480.1,0.0
1899,6296.1,0.38058213569687604
1900,348158.1,0.0
1901,54988.1,0.0
1902,123876.1,0.0
1903,341392.1,0.0
1904,344967.1,0.340046481070265
1905,51099.1,6.455292987087481
1906,154141.1,3.42888731120424
1907,253558.1,8.0594564974455
1908,9663.1,7.30857004963975
1909,64748.1,5.87274505352861
1910,9890.1,0.0
1911,79948.1,0.0668488694657328
1912,64900.1,9.96654480103744
1913,23175.1,32.5898251957231
1914,84513.1,6.2268753083135
1915,196051.1,0.0
1916,85465.1,24.5604835187289
1917,23646.1,18.1743374310275
1918,122618.1,0.0
1919,201164.1,3.49116166183125
1920,590.1,0.0
1921,55750.1,7.4840563228154195
1922,79603.1,13.116766092899198
1923,91012.1,5.11599137839126
1924,29956.1,332.244793585742
1925,204219.1,0.0
1926,253782.1,52.1194319153534
1927,10715.1,0.32217032244718796
1928,56624.1,1.36102971207528
1929,55830.1,10.161346613112
1930,55624.1,7.67245067717911
1931,55757.1,4.1418174948914395
1932,168391.1,0.0
1933,83468.1,0.0
1934,8702.1,3.9926033368627
1935,140687.1,0.0
1936,3703.1,42.7940349479986
1937,56886.1,18.256730713681602
1938,283358.1,0.0423908319009458
1939,8473.1,52.04660686516979
1940,8707.1,0.0
1941,148789.1,13.718076637547
1942,56983.1,10.3076011264082
1943,201595.1,71.59978580499309
1944,124872.1,0.0
1945,146664.1,0.456983939984451
1946,8708.1,0.0
1947,84750.1,3.77577999517901
1948,2529.1,0.0
1949,338707.1,6.08733082475669
1950,145173.1,4.41084851918159
1951,200810.1,11.910857197966099
1952,2526.1,0.45345153271026595
1953,170384.1,3.61990944081084
1954,360203.1,0.0
1955,152586.1,0.0
1956,644378.1,0.0
1957,84752.1,3.785054657069
1958,644974.1,0.0
1959,51228.1,25.5082387398074
1960,284004.1,5.754273466875921
1961,79411.1,1.5314977334520803
1962,27090.1,1.29744523705816
1963,129807.1,0.133259225939343
1964,2524.1,0.0
1965,2527.1,0.135984870203629
1966,2528.1,0.0
1967,113612.1,1.62517029323359
1968,493869.1,0.146265326391023
1969,64180.1,0.0
1970,64174.1,0.0
1971,10728.1,106.727132861806
1972,11102.1,7.6222203163749
1973,91179.1,0.312621814742854
1974,8644.1,3.07985947607438
1975,10826.1,0.48803912709717495
1976,266740.1,0.0
1977,3930.1,31.1085327964799
1978,4645.1,11.0878788802197
1979,3069.1,95.23405250049879
1980,4864.1,13.4610718710464
1981,285440.1,5.032753116371491
1982,79644.1,6.585702946422581
1983,1646.1,4.88431144085547
1984,8630.1,1.08828367850464
1985,158160.1,5.70526057094126
1986,51144.1,19.6359944889604
1987,51170.1,4.3926452800294
1988,64834.1,54.7676019171315
1989,83401.1,0.0
1990,79993.1,11.6756262197186
1991,51495.1,62.6346608883006
1992,192286.1,97.5501153917218
1993,9200.1,12.8137274134519
1994,401494.1,0.0
1995,201562.1,69.31275997889689
1996,9524.1,30.8221952164992
1997,253017.1,0.0
1998,283985.1,0.0
1999,3995.1,3.59702531175226
2000,1155.1,40.284941590748
2001,114571.1,0.0
2002,123096.1,21.2346483712315
2003,57016.1,0.0
2004,9917.1,21.124343935131396
2005,79672.1,24.234083633108398
2006,79707.1,9.62414569780792
2007,64122.1,0.640697113054021
2008,55277.1,1.88486245349257
2009,93650.1,0.0
2010,92370.1,3.0211191641698503
2011,390928.1,0.246986366752826
2012,139596.1,6.26924509548648
2013,55066.1,17.3672375993698
2014,8974.1,6.91323816917924
2015,5033.1,20.018064743297
2016,283208.1,0.0
2017,8041.1,0.0
2018,58478.1,40.5788237939346
2019,55256.1,24.6363282645192
2020,259307.1,0.0736927279277627
2021,51312.1,5.65116033783499
2022,81894.1,13.4328582860212
2023,9108.1,0.031392798418403
2024,29085.1,42.6753350381483
2025,55613.1,0.0966085379068847
2026,23371.1,4.15037394122838
2027,51559.1,2.45836856458436
2028,9896.1,7.59590463141788
2029,163404.1,1.50272595607216
2030,51496.1,10.8780242743073
2031,374462.1,0.532754500099754
2032,9107.1,11.464796529517601
2033,8446.1,10.7751402596602
2034,138639.1,4.3857143060060295
2035,84814.1,0.0
2036,64419.1,31.699485725542697
2037,23203.1,17.565438215864102
2038,22876.1,5.32750005646591
2039,403313.1,4.84850653948089
2040,22908.1,7.75169555183792
2041,145553.1,0.9204339761448841
2042,9562.1,8.967220282828409
2043,3705.1,25.086630704979896
2044,138429.1,0.107044296246358
2045,10170.1,0.0
2046,9249.1,0.757851432077841
2047,220074.1,2.23579878009014
2048,1735.1,0.0
2049,1734.1,0.10889318522262
2050,1733.1,0.7863727225323841
2051,27284.1,0.0
2052,6819.1,0.0
2053,84274.1,29.442076137358104
2054,55904.1,8.11880812245146
2055,58508.1,24.224087021482397
2056,9739.1,4.87777961440515
2057,6839.1,9.78062364692189
2058,84444.1,2.88145825010153
2059,9757.1,5.50502689658032
2060,7468.1,17.2723412807435
2061,51111.1,13.5095798744801
2062,55870.1,32.6789325164188
2063,4297.1,21.2525894785101
2064,84787.1,4.881585741957441
2065,83852.1,3.0270142051122404
2066,23067.1,5.535028569578611
2067,9869.1,40.3411666636347
2068,80854.1,47.3803019978819
2069,54904.1,12.6373550700594
2070,79723.1,15.6009049481443
2071,64324.1,30.7628287033514
2072,8085.1,9.4245063930567
2073,6419.1,7.22179030897087
2074,79813.1,14.7514184339999
2075,29072.1,15.3655121331315
2076,387893.1,33.2300359848744
2077,64754.1,5.75247445529518
2078,10919.1,1.7636175755705101
2079,28972.1,45.370586714927704
2080,9789.1,13.1654997443914
2081,60559.1,30.0741369537679
2082,23478.1,86.1300689490658
2083,90701.1,8.85509454646509
2084,57171.1,15.880139411709198
2085,4249.1,13.019320028666899
2086,25834.1,0.0
2087,7837.1,11.133979172393598
2088,137902.1,0.0760689236483375
2089,23262.1,14.318494675931001
2090,9677.1,8.301029057795299
2091,26007.1,11.9987264493451
2092,158584.1,3.63482421448865
2093,283209.1,0.301099072090685
2094,221223.1,0.0
2095,23491.1,0.0423221430529582
2096,1066.1,0.0
2097,1208.1,0.0
2098,55244.1,0.6873370601081931
2099,146802.1,0.0
2100,345274.1,0.0
2101,116085.1,0.0
2102,123688.1,1.3644153581252199
2103,51171.1,0.0
2104,10202.1,8.93621643478854
2105,10553.1,27.5925968393276
2106,84869.1,6.41258904065866
2107,1487.1,30.520913577476
2108,56898.1,2.2540889341082404
2109,374875.1,0.89005269609142
2110,121214.1,0.0
2111,100288072.1,0.0
2112,93517.1,8.960398373504141
2113,51741.1,57.2741010058828
2114,340811.1,0.0
2115,441282.1,0.0
2116,133121.1,0.0
2117,85007.1,10.4987901329953
2118,250.1,0.0637710701042132
2119,251.1,0.0
2120,123264.1,0.0
2121,200931.1,0.0
2122,10941.1,0.0
2123,79799.1,0.0
2124,0,0.0
2125,5446.1,0.0
2126,513.1,31.0226407631563
2127,498.2,181.32480366469602
2128,506.1,376.278067689332
2129,509.2,185.32224404187698
2130,514.1,8.329460500627759
2131,513.2,31.0226407631563
2132,514.2,8.329460500627759
2133,509.1,185.32224404187698
2134,498.1,181.32480366469602
2135,498.3,181.32480366469602
2136,10632.1,121.71251998390301
2137,4905.1,21.0679349441238
2138,10476.1,264.547415096304
2139,9551.3,63.3291652916124
2140,522.5,35.2684525441318
2141,516.2,59.151418761075604
2142,521.1,153.793688778797
2143,515.1,109.31861232979
2144,518.3,47.834474562831105
2145,515.2,109.31861232979
2146,10476.2,264.547415096304
2147,522.3,35.2684525441318
2148,517.2,148.583277610539
2149,9551.2,63.3291652916124
2150,518.2,47.834474562831105
2151,9551.1,63.3291652916124
2152,522.4,35.2684525441318
2153,522.2,35.2684525441318
2154,515.3,109.31861232979
2155,522.1,35.2684525441318
2156,517.1,148.583277610539
2157,516.1,59.151418761075604
2158,518.1,47.834474562831105
2159,539.1,15.4653302098035
2160,267020.1,0.0
2161,27109.1,4.48186554602844
2162,7384.1,67.72799204408089
2163,7388.1,194.22472866463798
2164,4519.1,0.0
2165,29796.2,86.63407793929849
2166,10975.1,42.7291964737821
2167,7385.1,71.3612838101533
2168,7386.1,99.0338147439221
2169,1537.1,129.638822995319
2170,27089.1,92.3963142265061
2171,7381.1,42.4961962087647
2172,29796.1,86.63407793929849
2173,9016.1,7.90148822040342
2174,7352.2,0.5770870123031769
2175,7352.1,0.5770870123031769
2176,7351.1,27.1026273081787
2177,9016.2,7.90148822040342
2178,9481.1,0.5168718164678929
2179,4715.1,126.584647603097
2180,4720.1,30.839906083390304
2181,4719.1,58.5552678441107
2182,4700.1,44.4725654567301
2183,55967.1,80.5964598681239
2184,4709.1,61.100554083653705
2185,4710.1,52.8571011236791
2186,4726.1,82.407699859906
2187,4718.1,12.4103913301474
2188,4696.1,90.82093205950198
2189,4694.1,261.45679486049704
2190,374291.1,6.070689212310651
2191,4728.1,40.3369605155101
2192,4712.2,35.2497737818088
2193,4717.1,46.934761479569595
2194,4705.1,15.812939957457399
2195,4725.1,225.09747034345298
2196,4716.1,138.030434911015
2197,4537.1,0.0
2198,7991.1,22.9716398296921
2199,4722.1,29.3883978552356
2200,4541.1,0.0
2201,4539.1,0.0
2202,4707.1,137.39420452411198
2203,4701.1,42.816986571731206
2204,4723.1,74.28926249179109
2205,4698.1,9.40129915462377
2206,4538.1,0.0
2207,4697.1,138.589594976917
2208,51079.1,4.49691358370153
2209,4714.1,13.858959497691698
2210,4704.1,21.011854610254897
2211,126328.1,2.42696891135548
2212,4711.1,57.3256961040885
2213,4724.1,46.7897586273059
2214,4713.1,55.9210382493153
2215,4536.1,0.0
2216,4695.1,59.6035935487353
2217,4702.1,32.7492056421182
2218,4708.1,74.30023836989581
2219,4535.1,0.0
2220,4731.2,21.660914682121202
2221,4706.1,155.146504380283
2222,4729.1,95.7408789683177
2223,4540.1,0.0
2224,7991.2,22.9716398296921
2225,4731.1,21.660914682121202
2226,4712.1,35.2497737818088
2227,54539.1,87.5119501761239
2228,1351.1,408.937081182003
2229,1347.1,166.100378942061
2230,1329.1,247.27529189373502
2231,1327.1,113.945407494942
2232,341947.1,0.0
2233,9167.1,55.9431965682977
2234,1350.1,623.065134227117
2235,4512.1,0.0
2236,1349.1,250.591636497779
2237,1339.1,0.0
2238,1345.1,230.673601067276
2239,4513.1,0.0
2240,9377.1,77.9828138105586
2241,125965.1,0.0
2242,4514.1,0.0
2243,170712.1,5.69569028002428
2244,1346.1,0.0
2245,1340.1,264.641077834606
2246,84701.1,0.0
2247,1337.1,488.083814246269
