,entrez_id,LTED_F_FPKM
0,8639.1,0.126656543942109
1,26.1,0.0
2,314.2,0.4935565511590271
3,314.1,0.4935565511590271
4,1591.1,0.203840663528133
5,1594.1,1.28823093739701
6,10993.1,0.0
7,6818.1,0.8262111864565359
8,89874.1,0.733144681896471
9,92483.1,0.0371351837616828
10,3948.2,0.0
11,55293.1,15.067652531614499
12,3945.1,0.0
13,3939.1,170.225005953914
14,160287.1,0.0
15,3948.1,0.0
16,9123.1,2.38981293252921
17,9194.1,4.27770558770418
18,6566.1,1.9685799788229201
19,57835.3,0.460501317928524
20,8671.1,0.0391933316102147
21,57835.2,0.460501317928524
22,57835.1,0.460501317928524
23,57835.4,0.460501317928524
24,4967.2,38.4770524141382
25,1738.1,40.455113663251204
26,8050.1,22.494401429606103
27,1743.1,31.075827704618398
28,4967.1,38.4770524141382
29,130.1,0.0
30,127.1,0.0
31,125.1,0.0
32,124.1,0.0
33,131.1,0.0
34,126.1,0.0447390547224084
35,128.1,40.8602630912864
36,137872.1,0.556845721210724
37,1312.1,66.6511603581996
38,1312.2,66.6511603581996
39,117247.1,0.28815751120499605
40,218.1,1.18366567116904
41,222.1,90.1064299927564
42,220.1,1.46774821587163
43,221.1,11.339414440047701
44,3242.1,0.0338652988887437
45,18.1,15.515549444902899
46,18.2,15.515549444902899
47,2531.1,3.18836772438802
48,23498.1,0.0
49,55268.1,4.42515641437108
50,51166.1,4.5731609909958495
51,883.1,2.18500245218288
52,51166.2,4.5731609909958495
53,1644.1,0.0528881467164779
54,4128.1,18.6729197724082
55,4129.1,0.0185205323688933
56,10165.1,22.8009446787435
57,8604.1,6.365008519124889
58,51380.1,5.96828012340274
59,2571.1,2.4527082083542497
60,2572.1,0.0
61,2571.2,2.4527082083542497
62,2805.1,33.1045970977054
63,2806.1,58.751685012701905
64,8659.1,9.99076438995127
65,8659.2,9.99076438995127
66,6799.1,1.6465124216508702
67,6817.3,9.158026209749009
68,6799.2,1.6465124216508702
69,6818.2,0.8262111864565359
70,6817.2,9.158026209749009
71,6817.1,9.158026209749009
72,6817.4,9.158026209749009
73,6818.3,0.8262111864565359
74,6817.5,9.158026209749009
75,4363.1,13.960620149214899
76,6822.1,0.0
77,6573.1,10.637095941758801
78,6573.2,10.637095941758801
79,316.1,0.352739984491932
80,6570.1,0.0
81,6571.1,0.0158664440149434
82,2348.5,0.0526131283535522
83,2348.3,0.0526131283535522
84,2348.1,0.0526131283535522
85,2348.6,0.0526131283535522
86,2352.1,0.0
87,2348.4,0.0526131283535522
88,2348.2,0.0526131283535522
89,4125.1,14.7892827451634
90,53947.1,0.309610406160566
91,51146.1,0.0
92,28.1,0.0
93,206358.1,2.53313087884219
94,6529.1,0.0
95,6538.1,0.0
96,6540.1,0.10321156692081
97,6539.1,0.0481452492254321
98,38.1,12.5212295899481
99,3032.1,46.2906432159727
100,10449.1,39.4122387291669
101,3030.1,76.7692921889025
102,39.1,33.7884720313689
103,30.1,28.634962655314304
104,32.1,0.772505293077851
105,9197.1,30.2249303632119
106,84532.1,2.47078227074693
107,79611.1,11.946409336322699
108,64841.1,55.703881756704504
109,55577.1,15.829269439333
110,5238.1,22.3115726668302
111,9487.1,7.74284774098425
112,162417.1,0.63120216740142
113,43.1,3.4247458370337998
114,43.2,3.4247458370337998
115,6572.1,0.0
116,47.1,332.484903099522
117,47.2,332.484903099522
118,54187.1,54.673280969805795
119,26503.1,12.514100347558902
120,140838.1,6.99384833338875
121,54.1,0.0307463349424686
122,51205.1,9.395201491705759
123,36.1,4.427969058538309
124,34.1,12.9958785899385
125,80724.1,4.0774929579531
126,35.1,3.8046683726742296
127,84129.1,0.5363402426367461
128,27034.1,2.62763614624515
129,28976.1,23.2865086594255
130,3712.1,17.0030231874285
131,134526.1,0.0322542473967338
132,51.1,46.548898917423294
133,51.2,46.548898917423294
134,95.1,0.460710405898005
135,50.1,48.179114252979204
136,48.1,11.7832874258621
137,8309.1,0.0
138,52.1,44.901694344869796
139,52.3,44.901694344869796
140,52.2,44.901694344869796
141,55.1,0.551211402342087
142,788.1,11.415674930782302
143,55902.1,47.8263717651692
144,65985.1,24.399157762311802
145,55902.2,47.8263717651692
146,438.1,0.0220692652489732
147,1571.1,0.114376365985983
148,100.1,0.85856932691828
149,3177.1,27.9998038486022
150,205.3,3.1355843229832203
151,205.1,3.1355843229832203
152,204.1,27.601151635830803
153,204.3,27.601151635830803
154,204.2,27.601151635830803
155,205.2,3.1355843229832203
156,26289.1,0.0117419050958651
157,26289.2,0.0117419050958651
158,50808.1,17.5054500851735
159,262.1,30.9371305757026
160,112.1,17.5456512267151
161,55811.1,0.168085901623633
162,109.1,7.26155438922207
163,112.2,17.5456512267151
164,114.1,0.0
165,108.1,0.14309488781971302
166,113.1,0.946884808794533
167,107.1,4.368830451599
168,196883.1,0.0477953564258287
169,115.1,5.18334980705858
170,111.1,5.20440139563319
171,2030.1,4.4444880116014405
172,9154.2,0.0874320798217765
173,9154.1,0.0874320798217765
174,64078.1,0.0133562978151788
175,9153.1,0.0
176,55315.1,10.040010744986
177,11164.1,68.27908060832671
178,952.1,0.0441089271911068
179,1375.1,0.0
180,1375.3,0.0
181,1375.4,0.0
182,126129.1,0.10865990985863698
183,1374.1,36.618161803042
184,1375.2,0.0
185,1376.1,14.0077777896699
186,9060.1,9.041427162096419
187,9061.1,37.7988692587234
188,158.1,27.467365350399998
189,158.2,27.467365350399998
190,79369.1,0.6996426642759611
191,10678.1,16.6748592499208
192,11041.1,23.034129261066
193,146712.1,1.1335666584346298
194,374907.1,0.3860354935225949
195,93010.1,0.0544273741588471
196,374907.2,0.3860354935225949
197,10678.2,16.6748592499208
198,10331.1,5.13837598925711
199,79814.1,2.3145439312160296
200,10555.1,20.350200647086197
201,137964.1,9.984821109885699
202,56895.1,0.273236096469688
203,56894.2,22.5164894427285
204,56894.1,22.5164894427285
205,55326.1,9.223265389030939
206,10554.1,2.1279353581651597
207,129642.1,15.025987447964098
208,64902.1,0.0387430989348691
209,64850.1,0.0614352269424944
210,189.1,0.0238197792256213
211,3073.1,29.1187978892766
212,3074.1,67.14272842820981
213,10606.1,60.474241571134904
214,8402.1,16.9482066124888
215,1468.1,27.3397667511509
216,64849.1,1.05887407348107
217,64849.2,1.05887407348107
218,1645.1,24.781209997333196
219,1109.1,0.386212141857032
220,6718.1,0.13799906267793202
221,6510.1,128.193198940362
222,6509.1,8.34451357038487
223,56301.1,0.0
224,6520.1,98.9764365099078
225,212.1,0.0
226,23464.1,8.98448230081151
227,211.2,17.889965646319002
228,211.1,17.889965646319002
229,54407.1,180.417169948881
230,6542.1,20.0548195834539
231,11254.1,0.244966910059813
232,6541.1,18.996398821647198
233,81539.1,172.56383660767202
234,55089.1,0.0
235,84889.1,0.0290103266175299
236,340024.1,0.0381475698619143
237,57393.1,0.9168954560980269
238,59272.1,0.46029122649734205
239,2875.1,0.333224557743594
240,84706.1,7.62928990442479
241,92745.1,0.0820371024223787
242,10991.1,0.251882077525623
243,284273.2,8.5261130456023
244,284273.1,8.5261130456023
245,10327.1,32.6381738854935
246,10327.2,32.6381738854935
247,216.1,0.0
248,8854.2,0.25366319275626203
249,501.1,11.339892867514902
250,8854.1,0.25366319275626203
251,223.1,22.0245398964744
252,224.1,22.6818931800964
253,8854.3,0.25366319275626203
254,219.1,8.1618900255307
255,217.1,0.446956187469497
256,239.1,0.0
257,247.1,0.0
258,246.1,3.80341104670838
259,240.1,0.282479701234417
260,8574.1,16.0411159109538
261,231.1,0.0470432120471676
262,23600.1,6.46771117182642
263,23600.2,6.46771117182642
264,115286.3,2.7916876722485093
265,115286.2,2.7916876722485093
266,115286.1,2.7916876722485093
267,271.2,14.7557123935724
268,270.1,1.7767317866692098
269,271.1,14.7557123935724
270,272.1,0.322497284128604
271,271.3,14.7557123935724
272,290.1,0.0720727785665099
273,280.1,0.4517716005219521
274,278.1,0.0
275,276.1,0.0108364492407217
276,277.1,0.0
277,6519.1,0.0
278,11136.1,0.18991950210131303
279,276.2,0.0108364492407217
280,279.1,0.037177168141289
281,10998.1,3.2707983878762503
282,113451.1,0.264735511919871
283,9057.1,17.2117070456338
284,384.1,1.22896827593525
285,445.1,75.8467641821678
286,445.2,75.8467641821678
287,83884.1,2.9239829624857
288,10166.1,13.6243272564378
289,410.1,3.97433095761114
290,427.1,73.47098317095892
291,427.2,73.47098317095892
292,9962.2,6.0379522469749904
293,9963.1,0.8635149189750742
294,9962.1,6.0379522469749904
295,9963.2,0.8635149189750742
296,80150.1,2.1072441588632
297,440.1,36.6583950523563
298,440.3,36.6583950523563
299,440.2,36.6583950523563
300,790.1,12.8701571362885
301,6511.1,0.0
302,6505.1,4.30937966255025
303,6507.1,0.216381362753659
304,6506.1,0.20524045828884305
305,6512.1,0.0121970345775112
306,50617.1,1.1362680386155901
307,533.1,42.5172677675498
308,527.1,1.49590535530002
309,8992.1,193.57097676562
310,245972.1,0.0554990805417218
311,9114.1,46.026666541248396
312,535.1,13.526941088869801
313,50617.3,1.1362680386155901
314,10312.1,4.55786837162788
315,50617.2,1.1362680386155901
316,23545.1,7.6623889306986
317,10312.2,4.55786837162788
318,51382.1,37.5079749475075
319,9296.1,56.5897020081812
320,529.1,87.81337081073309
321,245973.1,0.30447412241639005
322,523.1,61.419739181299704
323,51606.1,24.729737359031898
324,9550.1,113.611371980087
325,526.1,13.330445217699499
326,127124.1,0.0
327,525.1,1.68332677512315
328,90423.1,1.3957499942200602
329,51606.2,24.729737359031898
330,51606.3,24.729737359031898
331,534.2,0.0703321384282402
332,528.2,29.435772415545898
333,534.1,0.0703321384282402
334,528.1,29.435772415545898
335,127124.2,0.0
336,954.1,1.46092553316057
337,954.2,1.46092553316057
338,953.1,0.679978905108164
339,956.1,0.697488444645963
340,955.1,21.0750759977065
341,957.1,9.52185559647396
342,377841.1,0.47946350261438797
343,291.1,11.085062393494502
344,293.1,83.2716207684675
345,292.1,312.913757454324
346,4126.1,30.4301240703873
347,8706.4,37.733049001157205
348,8706.1,37.733049001157205
349,8706.3,37.733049001157205
350,8706.2,37.733049001157205
351,8705.1,0.39787508096547497
352,10317.4,0.317712127738842
353,10317.1,0.317712127738842
354,10317.3,0.317712127738842
355,10317.2,0.317712127738842
356,10317.5,0.317712127738842
357,84002.1,0.89788210013151
358,570.1,0.111847636806021
359,3141.1,7.8905411007974005
360,140679.1,0.0
361,8424.1,0.0686138867417217
362,53630.1,0.245397053887837
363,622.2,13.192503043381901
364,622.3,13.192503043381901
365,622.1,13.192503043381901
366,23743.1,0.0
367,635.1,0.0
368,10599.1,0.023597563847126
369,1244.1,0.364573251311488
370,8714.1,48.6692755393678
371,28234.1,0.0
372,645.1,169.102651148026
373,644.1,53.2847853112571
374,9488.1,10.4172557277174
375,10380.1,17.690923897832
376,686.1,8.6394251355464
377,8884.1,21.5952277562278
378,80704.1,0.06638042941401999
379,51733.1,0.0542477952504319
380,7108.1,64.6636667177159
381,50814.1,50.3133213626377
382,3295.1,45.1881594096601
383,6307.1,170.802651837977
384,492.1,0.0
385,491.1,0.0
386,490.1,40.543147011229294
387,493.1,3.3497810980373997
388,847.1,34.0821422404975
389,6547.6,0.0326384170927743
390,6547.4,0.0326384170927743
391,6547.2,0.0326384170927743
392,6546.1,2.0404623172386
393,6547.1,0.0326384170927743
394,6547.5,0.0326384170927743
395,6543.1,0.025343510767607005
396,6547.3,0.0326384170927743
397,166785.1,1.62673100033068
398,2538.1,0.0
399,57818.1,0.0
400,92579.1,28.124030243604196
401,1373.1,30.4349665840804
402,1373.2,30.4349665840804
403,873.1,32.8558481450792
404,10423.1,50.6429109943211
405,10423.2,50.6429109943211
406,1040.1,18.086487490423398
407,8760.1,5.479581895205969
408,10390.1,15.212443988654098
409,56994.1,3.71943709440279
410,64781.1,3.3142128096725805
411,64781.2,3.3142128096725805
412,10087.1,13.9242968739716
413,6565.1,1.9409605109607602
414,9023.1,0.0
415,1103.4,0.0
416,1103.2,0.0
417,1103.3,0.0
418,1103.1,0.0
419,162466.1,0.33291786233840004
420,5130.1,50.4776934219567
421,9468.1,0.0
422,6579.1,0.0
423,6554.1,0.0
424,6555.1,0.0
425,8714.3,48.6692755393678
426,8647.1,0.0
427,8714.2,48.6692755393678
428,55349.1,5.25279478975022
429,1120.2,1.57364322953627
430,1119.1,32.9679245572038
431,1120.1,1.57364322953627
432,1119.2,32.9679245572038
433,60482.1,0.0
434,6582.1,0.0
435,6584.1,11.830890661243998
436,6582.2,0.0
437,6820.1,7.629839787926169
438,10948.1,7.69042702748495
439,19.1,10.504994910022301
440,27159.1,0.0
441,54682.1,12.9841606679235
442,1118.1,0.0
443,27159.2,0.0
444,9058.1,0.022899167981177
445,6576.1,126.259099291838
446,1159.1,25.583267605724203
447,1160.1,0.0
448,548596.1,34.051347502354496
449,1152.1,19.8020947764141
450,1158.1,0.0
451,5172.1,0.107971122578888
452,65010.1,0.971373635261958
453,65010.3,0.971373635261958
454,65010.2,0.971373635261958
455,54675.1,6.62142361939768
456,10559.1,24.6684979122474
457,55907.1,20.2358185975201
458,8034.1,13.218290072350399
459,8824.1,11.1097195845295
460,51805.1,5.1469364693692405
461,51004.1,12.2905347473029
462,51004.2,12.2905347473029
463,10229.1,6.062926052334549
464,9245.1,0.0278199705761169
465,2650.1,11.742961191006598
466,51301.1,0.6316331619860389
467,192134.1,0.0263276262777984
468,6535.1,1.88598005177843
469,386757.1,0.0
470,1384.1,2.14408124527949
471,6583.1,3.0262882470477597
472,1431.1,53.2288770356369
473,1431.2,53.2288770356369
474,54677.1,4.3159708243186
475,1384.2,2.14408124527949
476,1384.3,2.14408124527949
477,8140.1,30.9940314233313
478,23428.1,0.113108674560952
479,23428.2,0.113108674560952
480,1036.1,0.203737330984945
481,124935.1,7.405118685461661
482,23657.1,6.8915672633500895
483,978.1,0.060894824483278
484,57379.1,0.0
485,7371.1,9.410478242098769
486,83549.1,12.922522753504099
487,51727.1,36.8389385742339
488,129607.1,0.8332675185041709
489,9162.1,0.40388788398325703
490,1607.1,0.00835022986819963
491,8525.2,11.1049222340064
492,160851.1,11.040087437730401
493,1608.1,0.00983496492327505
494,1607.2,0.00835022986819963
495,8525.1,11.1049222340064
496,8527.1,4.08765618883762
497,1606.1,0.336893430730759
498,160851.2,11.040087437730401
499,8526.1,8.49590686073294
500,8525.3,11.1049222340064
501,8527.2,4.08765618883762
502,1609.1,2.5354700558060097
503,1610.1,0.0
504,2745.1,4.99792986470716
505,51022.2,10.3354180976215
506,51022.1,10.3354180976215
507,8528.2,0.115447180413002
508,8528.1,0.115447180413002
509,1632.1,39.046850728611496
510,10455.1,14.4646364959917
511,1633.1,7.830496198762179
512,1638.1,0.109747868906033
513,6319.1,1641.21352173646
514,9415.1,5.8005157035748605
515,3992.1,46.2221775602505
516,8694.1,6.567765685160031
517,84649.1,8.254300903063411
518,1716.5,43.288555124808596
519,1716.1,43.288555124808596
520,1716.4,43.288555124808596
521,1716.2,43.288555124808596
522,1716.3,43.288555124808596
523,6515.1,0.0334009194727985
524,6513.1,23.887363792672
525,6517.1,0.401333892322798
526,1718.1,457.140071392863
527,1581.1,0.0228752731971966
528,1717.1,206.010504453778
529,8560.1,19.350562839679
530,8560.2,19.350562839679
531,123099.1,3.97875080965475
532,11309.1,0.0127627421777489
533,6783.1,0.0629042663241897
534,1723.1,3.9833796188567
535,1807.1,0.06726874576400299
536,1809.1,0.0934679842841575
537,1808.1,21.1866629140067
538,23539.1,0.0
539,2224.1,248.29115976198202
540,29958.1,0.0804383689358369
541,60386.1,5.40476644952965
542,84920.1,9.33811520186168
543,79087.1,11.2243557644272
544,26002.1,0.0395349626942833
545,1621.1,0.0
546,7299.1,0.0
547,6530.1,0.0
548,6531.1,0.36778368828741403
549,6581.1,0.0
550,669.2,3.6241822381306803
551,5223.1,213.373982762441
552,5224.2,0.076740268893746
553,5224.1,0.076740268893746
554,669.1,3.6241822381306803
555,4597.1,101.21395702036699
556,51071.1,5.18554794325025
557,1806.1,1.4808634922343
558,7083.1,62.1791516905617
559,7084.1,1.52080037455161
560,1854.1,15.987738246348801
561,3704.1,12.6688835978808
562,10682.1,132.105608306574
563,1892.1,118.369641668263
564,549.1,5.31910059490481
565,1891.1,50.875157146678106
566,1962.1,2.3505739448163903
567,11001.1,24.671394948872198
568,28231.1,12.4378117730615
569,53919.1,0.0
570,10257.1,12.340030679732001
571,28232.1,3.12510851896608
572,2109.2,53.202758240273106
573,2108.1,159.413116004762
574,2109.1,53.202758240273106
575,2110.1,9.30174595930458
576,55500.1,9.429644185565369
577,55224.1,2.30182436546791
578,8790.1,2.68404395871433
579,51086.1,0.0217553458292889
580,2181.1,215.818183864849
581,2182.1,3.47631260442871
582,2180.1,155.144990271626
583,2181.2,215.818183864849
584,51703.1,0.017189338850481004
585,81616.1,0.023699607366464998
586,23305.1,0.0512655760683276
587,2182.2,3.47631260442871
588,116285.1,0.11844468337134699
589,5167.1,20.691193040162197
590,5169.1,0.237195517342896
591,6785.1,2.40713659133899
592,79071.1,39.5529119403179
593,60481.1,35.4613017355126
594,54898.1,0.0
595,1579.1,0.0
596,2194.1,328.16397858602903
597,376497.2,0.9389048772981651
598,10999.1,9.36286506604594
599,376497.1,0.9389048772981651
600,11000.1,13.4094794601884
601,226.2,331.353508706899
602,229.1,0.0
603,226.3,331.353508706899
604,230.1,12.786806633472303
605,226.1,331.353508706899
606,2203.1,32.077603311325
607,5210.1,3.4248040498252004
608,5207.1,0.348893424095174
609,5209.1,18.146399019411604
610,5208.1,10.742120723454699
611,8789.1,0.252171819179219
612,2235.1,4.79294777093557
613,2235.2,4.79294777093557
614,10840.1,0.00576797144728471
615,79901.1,1.8525749420264899
616,197258.1,5.12945480408031
617,125061.1,4.136734028963049
618,1719.1,19.2245442828751
619,2356.1,12.9751028589865
620,29988.1,9.793707041376999
621,6514.1,0.0
622,155184.1,0.0
623,6518.1,0.0407853708167072
624,66035.1,4.9055511994098895
625,160428.1,1.5742814419419
626,25902.1,7.27794981602281
627,4522.1,36.5711260049147
628,2519.1,34.7526694362507
629,2517.1,14.925313716955399
630,2184.1,5.958118841581429
631,2271.1,51.0068357364379
632,2523.1,3.6751363430809505
633,2525.1,1.32040669613162
634,10690.1,3.8695192266589302
635,8703.1,16.7644934708638
636,8704.2,19.418041186156398
637,8704.1,19.418041186156398
638,2683.1,25.2007988571283
639,9334.1,17.168553096119002
640,2820.1,17.5926655874955
641,5832.1,99.4377490828759
642,9563.1,5.02898388129812
643,2539.1,189.907086792147
644,2542.1,8.61608722166186
645,2593.1,5.10180803250005
646,2593.2,5.10180803250005
647,9514.1,0.0
648,5476.1,103.138252049375
649,2720.1,55.77158572385979
650,2588.1,14.9676779305507
651,4758.1,12.0592923058073
652,2581.1,5.96873684033263
653,2583.1,3.1520743190537996
654,55790.1,5.80094840524753
655,55454.1,4.38217141869373
656,79586.1,64.6068011898154
657,22856.1,15.007100369301801
658,337876.1,2.86268453240977
659,26290.1,0.0
660,79695.1,19.9824084377522
661,2589.1,32.3415994879189
662,50614.1,0.0
663,8693.1,0.134117633455941
664,55568.2,30.486591487430395
665,114805.1,0.28525190071203005
666,11226.1,24.0894793515049
667,117248.1,0.184426277178744
668,11227.1,0.0204752211836676
669,55568.1,30.486591487430395
670,2590.1,24.246237158529
671,51809.1,32.1801344634616
672,79623.1,5.25439915226014
673,63917.1,5.19120225243063
674,2591.1,33.4484216045658
675,81031.1,19.163105191346897
676,126792.1,7.0430360752651
677,11285.1,14.8504797772123
678,8972.1,0.0202857527581555
679,2618.1,18.641979579119198
680,2618.2,18.641979579119198
681,175.1,25.7183584125951
682,2629.2,53.304889925526396
683,2629.3,53.304889925526396
684,2629.4,53.304889925526396
685,2629.5,53.304889925526396
686,2629.1,53.304889925526396
687,26301.1,0.0
688,4329.1,28.5745650148934
689,7915.1,12.3645939941133
690,7915.2,12.3645939941133
691,275.1,0.920004893846557
692,2731.1,0.431651420595565
693,2653.1,30.9589604421097
694,2651.1,0.23519865616182897
695,55343.1,10.1140514279039
696,7264.1,45.125050642907404
697,8836.1,31.031871951156802
698,79017.1,83.510932504577
699,8908.1,6.56695526946031
700,2998.1,0.0
701,2992.1,36.330900328213296
702,2997.1,17.5413449630935
703,2687.1,0.0
704,6472.1,49.53625701344621
705,6470.1,17.4254351157898
706,6470.2,17.4254351157898
707,2717.1,25.176203997305304
708,2632.1,10.4289106091727
709,2990.1,18.262540005502398
710,8372.1,3.9838639890351097
711,26035.1,22.085416978073898
712,54480.1,24.125366644530896
713,2131.1,6.922780046520031
714,2132.1,31.817584638407396
715,2132.2,31.817584638407396
716,27087.2,0.0
717,135152.1,0.0
718,27087.1,0.0
719,26229.1,20.2998559981451
720,4669.1,12.1273071735138
721,64579.1,0.0354631493350986
722,3340.1,13.285605809675
723,9348.1,0.507703525927773
724,8509.1,4.621644514887599
725,2137.1,5.2073719308918
726,2135.1,2.61349317889087
727,2134.1,0.0491527731255159
728,56606.1,0.016462180335905
729,154091.1,0.8927035530608081
730,11182.1,27.7500653331177
731,56606.2,0.016462180335905
732,144195.1,0.0
733,6523.1,0.0251448711305449
734,178.4,4.7782094479540405
735,178.5,4.7782094479540405
736,178.1,4.7782094479540405
737,178.3,4.7782094479540405
738,178.2,4.7782094479540405
739,178.6,4.7782094479540405
740,5834.1,44.067156645676796
741,5837.1,0.691129313272603
742,5836.1,62.250769693434705
743,2729.1,14.1343338307144
744,2730.1,4.04354312736718
745,2747.1,19.3215235816578
746,2746.1,63.38931126934
747,10841.1,0.617748074960422
748,10841.2,0.617748074960422
749,2744.1,13.44979317568
750,27165.2,0.847687352635106
751,27165.1,0.847687352635106
752,83733.1,1.99598402801125
753,79751.1,4.08217286155731
754,2639.1,4.71353832259877
755,2639.2,4.71353832259877
756,57084.1,0.0
757,246213.1,0.0165117776655637
758,57030.1,0.0391544416205241
759,54363.1,0.0
760,51179.2,0.0
761,51179.1,0.0
762,2628.1,0.10450961931749901
763,9380.1,24.046054896265698
764,2710.2,2.15470084294337
765,2712.1,0.0
766,2710.1,2.15470084294337
767,2713.1,0.35358285183838895
768,3029.1,17.0814115808478
769,6536.1,3.48401858743372
770,6536.2,3.48401858743372
771,5226.1,140.666101425379
772,27232.1,0.738948431931913
773,57678.1,5.6404505588716605
774,284098.1,6.030980870221599
775,80055.1,1.3803963011519298
776,93183.1,9.81474658376943
777,54965.1,10.2670269576391
778,2936.1,53.6537361137095
779,7001.3,217.447322386068
780,5052.3,544.475623540099
781,2877.1,4.826087490736111
782,2876.2,0.111185816469891
783,5052.2,544.475623540099
784,2876.1,0.111185816469891
785,5052.1,544.475623540099
786,7001.1,217.447322386068
787,2879.1,119.771477589096
788,7001.2,217.447322386068
789,2878.1,21.436638042972
790,257202.1,0.0
791,2882.1,0.0
792,10935.1,88.6255084773853
793,10935.2,88.6255084773853
794,2937.1,29.8019092705425
795,2679.1,0.0913739637956795
796,2678.1,0.995537260319763
797,2678.3,0.995537260319763
798,2678.2,0.995537260319763
799,2977.1,1.0098023959271
800,2983.1,2.3649475991813502
801,4882.2,1.32299776107693
802,2982.1,0.578236072484692
803,2974.1,4.14706679194025
804,2986.1,0.0
805,4882.1,1.32299776107693
806,2984.1,0.0
807,4881.1,0.0
808,3000.1,0.0181524732105825
809,9615.1,0.0
810,763.1,0.0
811,11238.1,13.3996880691553
812,23556.1,10.0234754786383
813,23556.2,10.0234754786383
814,55650.1,8.94690253727919
815,53905.1,0.0
816,50506.1,0.0621414901813609
817,53905.2,0.0
818,343.1,0.0
819,84720.2,7.307378937993361
820,5281.1,15.2661658836984
821,84720.1,7.307378937993361
822,5281.2,15.2661658836984
823,54872.1,11.5710358120652
824,80235.1,3.6523367516812404
825,10026.1,10.806687161821198
826,8733.1,34.8158146506236
827,128869.1,17.7063412728301
828,94005.1,23.5791058819686
829,51604.1,44.8840341641529
830,3028.1,119.854673235312
831,3033.1,18.855309384045103
832,3038.2,0.0525815794059087
833,3036.1,0.0
834,3038.1,0.0525815794059087
835,3037.1,0.0
836,27235.1,10.0608362544304
837,6522.1,37.7112495835076
838,83697.1,0.038291942033153
839,6521.1,0.0398342885777954
840,6508.2,1.00337103309479
841,6508.1,1.00337103309479
842,2645.1,0.0
843,3099.1,10.9131629902952
844,3098.3,43.332010051251295
845,2645.2,0.0
846,80201.1,0.0
847,3098.2,43.332010051251295
848,2645.3,0.0
849,3098.1,43.332010051251295
850,3098.4,43.332010051251295
851,3101.1,0.10587562722072501
852,3098.5,43.332010051251295
853,3081.1,0.205777254198812
854,11112.1,12.684613632876198
855,3067.1,0.0
856,495.1,0.0
857,496.1,0.0
858,8942.1,118.37300787091999
859,3157.1,93.3769741807134
860,3157.2,93.3769741807134
861,3158.1,1.5201481732321998
862,3155.1,10.6226538802874
863,54511.1,0.142044083027949
864,3162.1,1.3236007132969099
865,3163.1,34.0472124854293
866,26062.1,0.0
867,197257.1,10.474380041428699
868,197257.2,10.474380041428699
869,6448.1,6.60328588196335
870,3290.2,0.0
871,3290.1,0.0
872,3291.1,0.594064281356528
873,3292.1,1.47153758303825
874,7923.1,0.616904352554214
875,3294.1,0.0
876,51478.1,11.9716633664998
877,3283.1,0.22497061724723
878,3284.1,0.0
879,80270.1,8.43513674717905
880,57026.1,0.0
881,3421.2,34.796078654877
882,3420.3,30.678019860984
883,3419.1,21.623660443685498
884,3420.1,30.678019860984
885,3421.1,34.796078654877
886,3420.2,30.678019860984
887,3417.1,116.06285411712099
888,3418.1,119.94997388006
889,7173.4,0.0
890,7173.1,0.0
891,7173.3,0.0
892,7173.2,0.0
893,7173.5,0.0
894,3425.1,2.0028986075351
895,587.1,8.56094603614285
896,8501.1,0.697786848190348
897,55586.1,0.134308530514514
898,114134.1,2.1387450550224503
899,6526.1,16.0469362482442
900,3422.1,204.10582485407798
901,91734.1,0.0967864759999121
902,160728.1,0.0200141236889654
903,8802.1,48.2812878256923
904,8801.1,26.746159409921603
905,8803.1,19.9944871902517
906,6560.1,0.6115617566131789
907,10723.1,11.5438401435608
908,9990.1,1.58671040167743
909,57468.1,1.81256663908268
910,3795.1,2.1664229322050903
911,3795.2,2.1664229322050903
912,84679.1,25.712739502066103
913,23315.1,8.75471792617261
914,8564.1,0.824657184224957
915,3938.1,0.157235600355292
916,53.1,18.8206126345102
917,3931.1,0.048571942719306
918,387775.1,0.0
919,124637.1,8.304194377746331
920,366.1,0.0
921,11283.1,0.0
922,4047.1,115.98125886792
923,5321.1,0.0898448230081152
924,1178.1,0.0
925,29124.1,0.0
926,51268.1,0.245397053887837
927,4023.1,0.0
928,3990.1,0.0803008674504765
929,1056.1,0.496142241389323
930,80339.1,0.6537416544924479
931,11343.1,4.39998285774765
932,11343.2,4.39998285774765
933,50487.1,0.0766210607090566
934,9227.1,0.0525920915169455
935,6309.1,4.2495427263647
936,4048.1,38.0545633694933
937,4056.1,0.0
938,4259.1,18.3695375674458
939,4056.2,0.0
940,4258.1,15.8746507963304
941,2954.1,31.049995173807996
942,2954.3,31.049995173807996
943,2954.2,31.049995173807996
944,2548.1,30.627112465412196
945,56922.1,28.5862024820372
946,64087.1,29.4138762297669
947,23417.1,9.52788998657723
948,4357.1,4.727164977111969
949,4191.1,144.786894405896
950,4190.1,107.88764835642799
951,4200.1,6.07578045406934
952,4199.1,29.5827299741682
953,10873.1,0.0442424557295259
954,3620.1,0.204349281538913
955,1557.1,0.0
956,1543.1,2.29296518181091
957,1545.1,59.4488530639546
958,1544.1,0.0
959,4143.1,0.0193203320922269
960,27430.2,9.65658267694641
961,4144.1,36.8113347134299
962,27430.1,9.65658267694641
963,4548.1,19.2621545043799
964,4598.1,28.2583028935783
965,3635.1,0.10890732426734101
966,8867.2,3.59304732013367
967,3636.1,39.2582533669146
968,27124.2,1.9482220613355101
969,8867.1,3.59304732013367
970,27124.1,1.9482220613355101
971,3633.1,3.84925964067384
972,56623.1,3.44398066515486
973,3632.1,17.975718515123102
974,3628.1,1.4315351824750102
975,3706.1,0.7469413841431829
976,80271.1,10.9772590545631
977,3707.1,5.32130892158058
978,51477.1,8.321286818388879
979,3631.2,8.7588303132164
980,3631.1,8.7588303132164
981,8821.1,38.7430151478904
982,2595.1,1.7216849974388702
983,84693.1,12.548533486623098
984,4594.1,9.342011982488689
985,116255.1,0.11849803683232499
986,80168.1,0.0504730701780048
987,4507.1,0.927610502573341
988,10797.1,72.7603875699016
989,56913.1,14.3196561566608
990,443.1,0.0
991,91703.1,0.35412682545660207
992,4668.1,10.0432333713001
993,9498.1,2.26956137658865
994,57282.1,0.0310805342353215
995,6528.1,0.0551731631224331
996,481.1,166.41891224103702
997,478.1,0.648903901745834
998,477.1,0.0110124598864602
999,23439.1,0.0
1000,483.1,61.582796546142596
1001,476.1,204.830330762423
1002,480.1,0.0
1003,482.1,0.019737818259886002
1004,6548.1,4.74867897346664
1005,6550.1,0.0
1006,6549.1,36.762480809331606
1007,84735.1,0.0577658414070622
1008,55748.1,13.993896166330499
1009,6559.1,0.0
1010,123041.2,0.0
1011,57419.1,8.99658790308877
1012,9187.1,4.135522988532919
1013,123041.3,0.0
1014,25769.1,0.0
1015,123041.1,0.0
1016,124583.1,43.7846053187224
1017,79077.1,57.663049155344105
1018,9583.1,7.15996783549782
1019,1841.1,49.28400981008921
1020,4832.1,46.9396623850599
1021,4831.1,0.528668894227816
1022,4830.1,62.7089587231024
1023,10201.1,7.0485619286900105
1024,29922.2,2.47465078305896
1025,29922.1,2.47465078305896
1026,4830.2,62.7089587231024
1027,4833.1,64.2212378030694
1028,57127.1,0.907292015791123
1029,6005.1,0.0
1030,6557.1,0.202425520867797
1031,6558.1,75.0981743269401
1032,349565.1,1.3529999727869901
1033,64802.1,3.42660218383027
1034,23057.1,1.2666803406821698
1035,23057.2,1.2666803406821698
1036,10135.1,23.775376169604
1037,4837.1,0.0
1038,5409.1,0.0
1039,4846.1,0.012837480078457999
1040,201288.1,0.0
1041,4842.1,0.0
1042,4843.2,0.0278140877318419
1043,4843.1,0.0278140877318419
1044,645740.1,0.0
1045,4860.1,19.1358548043283
1046,6580.1,0.414059247273496
1047,55808.1,0.171713865383656
1048,30833.1,19.9772606453338
1049,5251.1,0.46158908763034096
1050,56953.1,1.43326548285673
1051,4907.1,0.589276962224412
1052,3704.2,12.6688835978808
1053,6476.1,0.0
1054,5009.1,0.0
1055,5019.1,65.9056722957083
1056,64064.1,0.7932352136637529
1057,1629.1,2.6921588143711
1058,594.1,8.114497840088541
1059,593.1,23.1071171823033
1060,594.2,8.114497840088541
1061,26873.1,5.025750071278139
1062,4942.1,32.5081116252937
1063,7372.1,13.6390567109706
1064,1836.1,8.21774713757495
1065,10861.1,0.12863845563215698
1066,10861.3,0.12863845563215698
1067,10861.2,0.12863845563215698
1068,1811.1,0.0
1069,1583.1,0.0
1070,1584.1,0.0
1071,1585.1,0.0
1072,1586.1,0.0351692034448879
1073,1588.1,0.0545598228322053
1074,1588.2,0.0545598228322053
1075,1576.1,0.0
1076,1589.1,0.0220677841896317
1077,1593.1,0.143406913305583
1078,1553.1,0.0
1079,1548.1,0.0
1080,1562.1,0.0775242559237017
1081,1558.1,0.14719429373755702
1082,1558.2,0.14719429373755702
1083,1559.1,0.0
1084,1565.1,0.158568801547776
1085,1572.1,0.0
1086,51302.1,0.260518351222475
1087,64816.1,0.0266476541498948
1088,64816.3,0.0266476541498948
1089,64816.2,0.0266476541498948
1090,1577.1,0.0430267650912269
1091,1551.1,0.0
1092,10858.1,0.47374432989430704
1093,66002.1,0.39459846265164206
1094,4051.1,0.195733364410537
1095,8529.1,0.0268215377006282
1096,9420.1,0.0
1097,1582.1,0.0
1098,5831.1,128.582936688119
1099,5831.2,128.582936688119
1100,5051.1,5.98205052384783
1101,5049.1,10.7285816160745
1102,5050.1,30.5344048480437
1103,5048.1,18.6029675421805
1104,7941.1,0.0
1105,347734.1,61.1885524601974
1106,57194.1,0.0
1107,5338.1,4.8427832467325
1108,5337.1,5.692567985794179
1109,130013.1,0.0
1110,5091.1,6.03233521856043
1111,5091.2,6.03233521856043
1112,5244.1,2.02982748277593
1113,5244.3,2.02982748277593
1114,5244.2,2.02982748277593
1115,5139.1,0.0
1116,5142.1,0.9656316163473141
1117,5151.3,46.0588271031872
1118,5153.1,0.017384723881031003
1119,5150.2,6.846829845262691
1120,5143.1,0.250950776686351
1121,5150.1,6.846829845262691
1122,5137.1,0.0300097697658865
1123,5144.1,2.88052163297674
1124,5136.2,0.39387290729609603
1125,5140.2,10.836857897455099
1126,5151.2,46.0588271031872
1127,10846.1,1.37173007097498
1128,5151.5,46.0588271031872
1129,5140.1,10.836857897455099
1130,5141.1,0.062298462685766
1131,5138.1,0.112038177924941
1132,5136.1,0.39387290729609603
1133,5151.4,46.0588271031872
1134,5151.1,46.0588271031872
1135,27115.1,1.5770516789648898
1136,50940.1,0.0803662856724321
1137,8622.1,0.0448000071130383
1138,5146.1,0.0
1139,5152.17,3.5638126157486405
1140,5152.6,3.5638126157486405
1141,5152.11,3.5638126157486405
1142,5152.2,3.5638126157486405
1143,8654.2,24.6772120655084
1144,5152.10,3.5638126157486405
1145,5145.1,0.0233131550662674
1146,5158.1,0.8823476245205211
1147,5149.1,0.0
1148,5152.12,3.5638126157486405
1149,5152.15,3.5638126157486405
1150,5152.5,3.5638126157486405
1151,5152.20,3.5638126157486405
1152,5152.19,3.5638126157486405
1153,5152.16,3.5638126157486405
1154,8654.3,24.6772120655084
1155,5152.14,3.5638126157486405
1156,5152.13,3.5638126157486405
1157,5152.7,3.5638126157486405
1158,5152.3,3.5638126157486405
1159,8654.1,24.6772120655084
1160,5152.18,3.5638126157486405
1161,5147.1,11.654806913761599
1162,5148.1,0.0642877912433434
1163,5152.4,3.5638126157486405
1164,5152.1,3.5638126157486405
1165,5161.1,0.0
1166,5162.1,30.0237960713206
1167,1737.1,8.74666020143614
1168,5160.1,31.999021725911998
1169,55163.1,33.4431212694657
1170,10396.1,10.6194383679326
1171,5105.1,0.0244940076133856
1172,5106.1,17.4799678157567
1173,8310.1,8.97312089224476
1174,5833.1,42.4492285579796
1175,10400.2,17.065967266579403
1176,10400.1,17.065967266579403
1177,10400.3,17.065967266579403
1178,26227.1,22.242401778391798
1179,5730.1,0.0
1180,27306.1,0.0
1181,80142.4,18.205140844282997
1182,80142.2,18.205140844282997
1183,9536.1,0.413408551756565
1184,80142.1,18.205140844282997
1185,9536.2,0.413408551756565
1186,80142.3,18.205140844282997
1187,5740.1,0.0
1188,114971.1,7.320713571091889
1189,9489.1,6.56784482344834
1190,5743.1,0.08782516417797501
1191,5742.1,0.0567832934225007
1192,6898.1,0.158728263335335
1193,5053.1,0.9662264070039129
1194,5264.1,15.855918263493098
1195,5728.1,58.7356515268363
1196,8871.1,3.0597399494060897
1197,8394.1,53.86384758549249
1198,23396.1,4.15423593439656
1199,8395.1,2.65158045391257
1200,55361.1,8.25947555969551
1201,5297.1,22.935186190286302
1202,5298.1,56.975401972209205
1203,5291.1,9.822460535129428
1204,5295.3,12.989390920362599
1205,5293.1,0.0998646353935317
1206,8503.1,70.86691708022691
1207,5296.1,10.830629589094999
1208,5290.1,13.458265172669899
1209,5295.1,12.989390920362599
1210,5295.2,12.989390920362599
1211,10870.1,0.6485839294076949
1212,5294.1,0.0
1213,23533.1,0.0285196922991935
1214,4952.1,16.6649072637125
1215,4952.2,16.6649072637125
1216,23236.2,15.1690569193602
1217,5336.1,1.51768639481401
1218,9651.1,0.269237391196732
1219,113026.1,6.5252758986362505
1220,89869.1,0.0
1221,84812.1,0.31072872641015303
1222,5330.1,0.0
1223,5335.1,41.5495547372301
1224,51196.1,0.35917484369247205
1225,5333.1,1.38987610924369
1226,5332.2,12.3935017319857
1227,5331.1,9.277105383569788
1228,5335.2,41.5495547372301
1229,5334.1,0.197348568467938
1230,5332.1,12.3935017319857
1231,257068.1,0.551115171301176
1232,23236.1,15.1690569193602
1233,23007.1,2.8878457461500697
1234,5287.1,16.492025076617697
1235,5286.1,29.1814566994382
1236,5288.1,0.158760194186941
1237,200576.2,9.706639676423169
1238,8396.1,18.5693394189008
1239,200576.3,9.706639676423169
1240,79837.1,25.170617478866202
1241,8396.2,18.5693394189008
1242,5305.1,14.426180355006302
1243,200576.1,9.706639676423169
1244,5289.1,3.6100494677151502
1245,5279.1,10.9217301516958
1246,51227.2,13.2490584142744
1247,5283.1,9.385450374433619
1248,5277.2,5.8583978413532005
1249,9091.1,11.5762641594644
1250,8818.1,16.8882696930468
1251,51227.1,13.2490584142744
1252,9091.2,11.5762641594644
1253,5277.3,5.8583978413532005
1254,5279.2,10.9217301516958
1255,5277.1,5.8583978413532005
1256,8818.2,16.8882696930468
1257,51227.3,13.2490584142744
1258,8398.1,1.41465505298453
1259,5320.1,0.0
1260,8398.2,1.41465505298453
1261,81579.1,15.640722254100401
1262,5322.1,0.0
1263,64600.1,0.19350175929956698
1264,100137049.1,0.187048948924745
1265,123745.1,0.0
1266,5319.1,0.0
1267,26279.1,0.0
1268,8399.1,0.329821516759981
1269,30814.1,0.0
1270,10654.1,14.3784915823796
1271,117283.1,0.0
1272,9807.2,8.07103295313501
1273,9807.1,8.07103295313501
1274,51447.3,16.662866413731802
1275,51447.4,16.662866413731802
1276,51447.6,16.662866413731802
1277,51447.5,16.662866413731802
1278,51447.1,16.662866413731802
1279,51447.2,16.662866413731802
1280,8876.1,0.0
1281,8875.2,0.0316032726775302
1282,55350.3,0.0
1283,55350.2,0.0
1284,8875.1,0.0316032726775302
1285,55350.1,0.0
1286,27068.4,39.96549239768971
1287,27068.1,39.96549239768971
1288,27068.3,39.96549239768971
1289,27068.2,39.96549239768971
1290,8612.1,32.5388784647296
1291,8611.1,8.29746264489647
1292,8613.1,7.455382078515
1293,8611.2,8.29746264489647
1294,5498.1,2.9111891946130495
1295,8288.1,0.0
1296,9588.1,228.016476921458
1297,4353.1,0.0
1298,6820.2,7.629839787926169
1299,5625.1,11.716690232388899
1300,6578.1,0.348182991547637
1301,23761.1,21.016433508989397
1302,9791.1,64.97847421460081
1303,81490.1,7.446160422571759
1304,10965.1,1.09179711524409
1305,10005.1,8.40484909565841
1306,10005.3,8.40484909565841
1307,10005.2,8.40484909565841
1308,122970.1,9.187954399976949
1309,5805.1,2.67581072363902
1310,6303.1,100.925541561259
1311,112483.1,5.1673608204381605
1312,8566.1,54.5630901446353
1313,7378.2,2.0976153424258603
1314,151531.1,0.0
1315,7378.1,2.0976153424258603
1316,2944.1,0.0554990805417218
1317,2944.2,0.0554990805417218
1318,64080.1,3.0713901676020403
1319,5959.1,0.35237726003962205
1320,8608.1,0.49620623084458704
1321,157506.1,7.02611786858133
1322,112724.1,7.26461446725163
1323,145226.1,0.0
1324,51109.1,72.0201143187265
1325,195814.1,0.950142864425017
1326,57665.1,0.12331201957863801
1327,50700.1,0.0
1328,8228.1,3.30985726457197
1329,113278.1,8.31194100929179
1330,54981.1,8.980516736209779
1331,6484.1,14.1662905765431
1332,6482.1,28.453807759703302
1333,6483.1,1.05368326360624
1334,6482.2,28.453807759703302
1335,10090.1,6.769851405091551
1336,9653.1,9.061552216432519
1337,3423.1,11.5166238534413
1338,3423.2,11.5166238534413
1339,9957.1,0.468564756329346
1340,9951.1,0.0
1341,222537.1,0.75289516904449
1342,9956.1,0.0
1343,9955.1,0.5725607557272211
1344,9953.1,0.80913398673647
1345,64711.1,0.0619269401524861
1346,113189.1,9.365280467846821
1347,50515.1,5.6895698353897695
1348,166012.1,0.0
1349,55501.1,7.92403538845694
1350,411.2,3.6060683478277404
1351,411.1,3.6060683478277404
1352,23563.2,0.170281269843919
1353,9435.1,0.0
1354,23563.1,0.170281269843919
1355,10164.1,0.0
1356,4166.1,0.0373619715619601
1357,8534.1,0.21699577049371202
1358,9469.1,7.318906425203741
1359,56548.1,2.1628070937202297
1360,266722.1,1.9382719633068002
1361,9394.1,33.2493137811227
1362,90161.2,11.3324765100368
1363,90161.1,11.3324765100368
1364,2799.1,95.74199616791272
1365,10157.1,4.6370966411341605
1366,118881.1,13.8952621036305
1367,3176.1,2.4556151337823597
1368,1757.1,0.0310438567108522
1369,81537.1,31.4120098241432
1370,6652.1,24.348767756312103
1371,6342.1,15.8618336033332
1372,9056.1,0.0798863169656123
1373,10558.1,21.16191599749
1374,9517.1,28.1142543412998
1375,55304.1,1.38724969803806
1376,2098.1,61.328186424386
1377,8879.1,22.7560744959194
1378,8869.1,12.0971484338182
1379,56848.1,1.91229764875427
1380,8877.1,3.15008539186873
1381,130752.1,0.58636243261359
1382,55512.1,0.37445289680360794
1383,55512.2,0.37445289680360794
1384,339221.1,0.0
1385,55627.1,16.0032897446842
1386,6609.1,10.7792497367319
1387,6610.1,8.66142618377774
1388,259230.1,11.1034199447432
1389,115111.1,0.831924571284453
1390,115019.2,0.0
1391,115111.2,0.831924571284453
1392,116369.2,0.0
1393,284129.1,11.8909461395188
1394,116369.1,0.0
1395,115019.1,0.0
1396,26266.1,0.0
1397,6646.1,14.978165248998002
1398,6649.1,0.0
1399,6648.1,11.9071414429901
1400,6647.1,342.666851504742
1401,6697.1,40.2081138548394
1402,6611.1,65.8379345424753
1403,6723.1,33.0640241027822
1404,6713.1,391.848110926904
1405,2222.1,68.49814088605
1406,6715.1,21.2801653454579
1407,6716.1,0.0
1408,15.1,0.12241304875186698
1409,6532.1,0.039822228544923
1410,6487.6,0.9303375962723041
1411,6487.11,0.9303375962723041
1412,6487.5,0.9303375962723041
1413,6487.7,0.9303375962723041
1414,6487.9,0.9303375962723041
1415,6487.1,0.9303375962723041
1416,6487.8,0.9303375962723041
1417,6487.4,0.9303375962723041
1418,6487.3,0.9303375962723041
1419,6487.10,0.9303375962723041
1420,6487.2,0.9303375962723041
1421,10402.1,0.0501013792091978
1422,10610.1,13.2782538897029
1423,256435.1,0.0
1424,30815.1,5.31274211980263
1425,81849.1,0.0647307189389176
1426,6489.1,0.0880135202537805
1427,29906.1,0.0
1428,412.1,8.5641079060258
1429,6389.1,78.13307851671159
1430,6392.1,21.033589153375498
1431,6391.1,23.026238876511197
1432,6390.1,48.994539831419296
1433,6821.1,8.5440122967307
1434,6533.1,31.119807788628002
1435,5092.1,52.10320986304811
1436,5092.2,52.10320986304811
1437,23530.2,38.3252874717374
1438,23530.1,38.3252874717374
1439,79178.1,6.803421769855889
1440,6567.1,5.749200816223709
1441,1890.1,0.273773216455811
1442,55217.1,9.56370486310329
1443,7296.3,64.57915059081321
1444,7296.1,64.57915059081321
1445,7296.4,64.57915059081321
1446,7296.2,64.57915059081321
1447,80162.1,2.6234193986468597
1448,11181.1,0.0
1449,7166.1,0.0724698737652234
1450,121278.1,0.0829685581689743
1451,6999.1,1.42886505364169
1452,169355.1,0.0
1453,6561.1,0.0
1454,6916.1,0.0
1455,7054.1,0.06886535124810499
1456,7054.3,0.06886535124810499
1457,7054.2,0.06886535124810499
1458,7306.1,17.2876934263237
1459,10020.1,1.5132519568452298
1460,29880.1,58.16110278520001
1461,7355.1,22.8214433536938
1462,7358.1,68.8942247057622
1463,23169.1,4.50092180963359
1464,80146.1,15.150964862904301
1465,5168.1,0.0191348299220076
1466,84912.1,4.00455593528958
1467,3906.1,0.0903384758817861
1468,7357.1,22.5000962762739
1469,11046.1,5.35605743703018
1470,54576.1,0.0
1471,54575.1,0.0
1472,54578.1,0.976383612075465
1473,54579.1,0.264653563146641
1474,54600.1,0.0485360962671146
1475,54658.1,0.0739280692917494
1476,54659.1,0.185257494202649
1477,54577.1,0.0
1478,54657.1,0.31392081356534696
1479,7364.1,0.0
1480,54490.1,0.0
1481,7367.1,0.0
1482,10720.1,0.0385500647373624
1483,7363.1,0.0
1484,7365.1,0.0
1485,7366.1,0.0556399411522337
1486,54963.1,12.2597731945481
1487,7498.1,0.0345109727699529
1488,9942.1,3.0869273977517198
1489,64131.1,3.16293040792965
1490,64132.1,17.5524594170808
1491,51181.1,135.420099667542
1492,64077.1,7.72755322692798
1493,5464.1,74.6059817379
1494,10724.1,23.569757754257697
1495,1356.1,0.23242747465424698
1496,2512.1,295.832322519486
1497,2495.1,372.01634287418096
1498,94033.1,0.0
1499,1727.1,18.0824904456515
1500,51706.1,64.7569203441959
1501,51700.1,0.0305890281125304
1502,10587.1,5.0829544342357496
1503,80347.1,11.672826095755598
1504,22978.1,28.7931770993154
1505,84618.1,0.0
1506,51251.1,37.708124117878796
1507,93034.1,0.0
1508,100526794.1,0.0
1509,3251.1,9.52799585907969
1510,353.1,136.259526962731
1511,56954.1,25.665608739732598
1512,5313.1,0.0207858440081986
1513,92086.1,0.17231373914918802
1514,728441.1,0.0
1515,102724197.1,0.0
1516,2686.1,3.3835280205096203
1517,124975.1,0.652305877567952
1518,91227.1,0.5538224037216021
1519,5211.1,30.6005277471591
1520,1491.1,1.31652504979316
1521,2819.1,0.401831428362161
1522,29926.1,43.199849509965
1523,29925.1,13.9383135406792
1524,875.1,42.6942598934563
1525,102724560.1,0.0
1526,249.1,0.0239498945527823
1527,22934.1,5.6299489854877995
1528,51292.1,30.982774796640896
1529,2766.1,1.64958653253712
1530,57571.1,0.0381401955008353
1531,8833.1,55.9389378718295
1532,11332.1,10.685038252143
1533,5538.1,216.461938331048
1534,641371.1,1.34103130892656
1535,9374.1,0.500446813243517
1536,55825.1,4.07402542560692
1537,51102.1,5.57813502390136
1538,37.1,57.760945996773394
1539,33.1,0.88277060995893
1540,132158.1,1.43723329823092
1541,641649.1,0.642577502193979
1542,93100.1,6.341886142776341
1543,23475.1,18.4095164364505
1544,50484.1,22.7779433088335
1545,6240.1,30.1005940359727
1546,6241.1,41.3864918360608
1547,3156.1,93.9442997033506
1548,79966.1,4.4046454072884895
1549,10588.1,0.258719159881748
1550,84890.1,13.368735957182801
1551,79646.1,76.6206836740172
1552,80025.1,10.6236124811192
1553,53354.1,4.01930987422181
1554,55229.1,5.84977534211051
1555,83594.1,6.84864392342214
1556,7263.1,23.6103235270788
1557,26275.1,17.9763783054298
1558,29920.1,11.515279730939
1559,7389.1,17.8756571992292
1560,1595.1,162.422352530447
1561,130367.1,0.6855768772800921
1562,10478.1,10.1102092155799
1563,23443.1,10.1270544920457
1564,64240.1,0.0176886526202099
1565,64241.1,0.0
1566,284111.1,0.0
1567,8435.1,0.0
1568,3988.1,56.814129782344295
1569,771.1,0.49635026748634203
1570,760.1,2.92119710246313
1571,768.1,0.08464145488023199
1572,23632.1,0.0377750777954855
1573,765.1,0.0
1574,759.1,0.0
1575,762.1,4.55070305120545
1576,766.1,0.0
1577,767.1,2.55938247532674
1578,377677.1,0.3546829851670711
1579,10057.1,38.784999721061
1580,6556.1,0.441808899322056
1581,6568.1,0.0
1582,7779.1,30.471552905458
1583,54020.1,18.7783516731348
1584,215.1,7.933611739993889
1585,5825.1,6.64067613550064
1586,641372.1,0.39302635722275103
1587,9045.1,291.736535576128
1588,4017.1,0.138092200403024
1589,84105.1,6.914046514081191
1590,25830.1,0.0
1591,84569.1,0.0
1592,4025.1,0.0
1593,54995.1,9.21677264870676
1594,93492.1,0.159627209810535
1595,1267.1,10.490888528942198
1596,10249.1,0.0
1597,1580.1,1.9388682323685198
1598,1555.1,0.0
1599,1549.1,0.0
1600,1573.1,13.068285112049502
1601,199974.1,1.10357899011122
1602,260293.1,0.0
1603,29785.1,0.05018421247000401
1604,57834.1,2.0727557930155
1605,1215.1,0.0
1606,1357.1,0.0
1607,1358.1,0.0
1608,57094.1,0.440277224715918
1609,93979.1,0.0
1610,7177.1,0.0
1611,64499.1,0.0430126948606542
1612,23430.1,0.0
1613,1636.1,0.24547787408343102
1614,9365.1,0.0619619469021484
1615,9331.1,1.7844655691578701
1616,7368.1,4.30373238065867
1617,5315.1,421.419290489016
1618,26063.1,9.5005761158837
1619,1666.1,65.5925172361181
1620,874.1,11.1187816214791
1621,10901.1,4.33757828633283
1622,126410.1,0.0252075164591569
1623,2053.1,2.0306821469792102
1624,8897.1,11.6525916272559
1625,8897.3,11.6525916272559
1626,8897.2,11.6525916272559
1627,8898.1,11.8743091432256
1628,2880.1,0.0
1629,9152.1,0.0
1630,9497.1,11.3795657385323
1631,115584.1,0.0969648513703506
1632,6574.1,21.6128485787062
1633,6575.1,8.25917357183735
1634,142680.1,0.323176464088159
1635,6534.1,0.0
1636,3293.1,0.0579950709364553
1637,1622.1,214.202477206147
1638,225.1,0.0
1639,28965.1,1.75932671368795
1640,23205.1,0.220692652489732
1641,26061.1,10.4921456943915
1642,54716.1,0.0
1643,6564.1,0.0
1644,113235.1,5.91888006776042
1645,1200.1,6.18033164227419
1646,2168.1,0.0
1647,51056.1,26.2522117714522
1648,9390.1,0.411040065262127
1649,5184.1,13.4275057983544
1650,4891.1,17.946166493239
1651,30061.1,0.0
1652,248.1,0.0
1653,4524.1,4.11752275147645
1654,65263.1,11.2870335369722
1655,25796.1,23.7878505853827
1656,28982.1,3.3885370593085895
1657,6120.1,37.892416700184604
1658,6120.2,37.892416700184604
1659,10864.1,0.0
1660,9356.1,0.0
1661,9376.1,0.0
1662,348932.1,0.0
1663,120103.1,6.8834620259718395
1664,1080.1,0.0105209423199393
1665,85320.1,0.130540711476658
1666,222962.1,2.4796052363097503
1667,10351.1,0.0479556733571097
1668,9429.1,27.385766223509997
1669,55867.1,0.0
1670,360.1,38.0553432625058
1671,364.1,0.0280693173034316
1672,89872.1,0.0367204971758461
1673,21.1,20.290707798055898
1674,24.1,0.0994953259333438
1675,10057.2,38.784999721061
1676,125206.1,0.0270198892530568
1677,200010.1,0.0
1678,6524.1,0.115734994178513
1679,159963.1,1.2140086868533
1680,79581.1,39.5188295929148
1681,55065.1,0.0
1682,3764.1,0.578105742687629
1683,6833.1,2.74879048309043
1684,10060.1,5.56874434113
1685,3767.1,3.77756070064381
1686,5950.1,0.0
1687,64220.1,0.7784849720873609
1688,5947.1,0.0272437491474483
1689,5948.1,0.0
1690,949.1,14.4868262353163
1691,29881.1,0.0875218389911753
1692,2350.1,0.0
1693,3248.1,1.3035958462228001
1694,166929.1,7.216916200108991
1695,56261.1,2.09931809188797
1696,3658.1,25.1357520519872
1697,122481.1,4.619452119766599
1698,203.1,9.577632588632081
1699,159.1,40.25996545238829
1700,122622.1,3.4497299028736697
1701,122622.2,3.4497299028736697
1702,11212.1,14.3104022721077
1703,383.1,0.0
1704,1371.1,8.57620093644012
1705,1503.1,14.150487671170302
1706,56474.1,11.2138772335104
1707,1491.2,1.31652504979316
1708,2987.1,91.50959787251541
1709,5860.1,3.68976719265823
1710,9453.1,23.939985840796105
1711,2023.1,325.301209132829
1712,2027.1,1.8268447344983403
1713,2027.2,1.8268447344983403
1714,2026.1,3.7463249938938703
1715,9843.1,0.0114895895251468
1716,80308.1,14.022758488863001
1717,80308.2,14.022758488863001
1718,7360.1,38.2977088918929
1719,7360.2,38.2977088918929
1720,2597.1,1376.15192632207
1721,26330.1,0.0440793635669841
1722,2673.1,32.4260217403615
1723,9945.1,0.6115773803966551
1724,2752.1,37.262124509189796
1725,51557.1,0.0225884974899331
1726,1800.1,0.106705912020455
1727,2762.1,7.8471285186405995
1728,2643.1,11.7517028494615
1729,761.1,0.0
1730,766.2,0.0
1731,771.2,0.49635026748634203
1732,358.1,0.17370948347052403
1733,361.1,0.0126061741310984
1734,4284.1,0.0783633130079718
1735,359.1,0.0
1736,362.1,0.0
1737,3145.1,8.010559746070749
1738,586.1,0.0
1739,3614.1,31.7509629899184
1740,3615.1,101.235935174672
1741,3614.2,31.7509629899184
1742,682.1,180.538636754133
1743,29926.2,43.199849509965
1744,29925.2,13.9383135406792
1745,4351.1,19.9956183351172
1746,100287639.1,0.0
1747,441024.1,2.05916898900972
1748,65220.1,11.842603736231
1749,389015.1,2.0661269592683
1750,6553.1,1.0480702859273399
1751,2821.1,62.23187757343489
1752,5230.1,245.76375771808898
1753,375056.1,35.972376145400794
1754,5232.1,0.23349021458676997
1755,5236.1,14.436050726295301
1756,55276.1,13.325579819200302
1757,5372.1,7.53520057284897
1758,5373.1,40.4853563940893
1759,80025.2,10.6236124811192
1760,53354.3,4.01930987422181
1761,53354.2,4.01930987422181
1762,80025.3,10.6236124811192
1763,80025.4,10.6236124811192
1764,210.1,9.69013004531982
1765,210.2,9.69013004531982
1766,60490.1,6.787069847320559
1767,79717.1,38.3821428301183
1768,58510.1,0.0
1769,153201.1,0.0
1770,221823.2,0.0605026774994851
1771,5631.1,33.462779338965
1772,221823.1,0.0605026774994851
1773,5634.1,21.050429798936
1774,29968.1,0.0300577744250184
1775,29968.2,0.0300577744250184
1776,8781.1,0.0
1777,5723.1,8.35449337924617
1778,55312.1,9.23207830363403
1779,6888.1,85.95047502770201
1780,79896.1,5.96607755202747
1781,7086.1,100.58267912434201
1782,84076.1,0.0
1783,8277.1,0.0
1784,27010.1,4.202394699014669
1785,7167.1,231.245471198331
1786,286016.1,1.30424215055905
1787,2582.1,6.7445306483151795
1788,2582.2,6.7445306483151795
1789,6675.1,39.9346531819775
1790,91373.1,7.70188029261925
1791,7390.1,18.6008744230601
1792,6563.1,0.0
1793,8170.1,0.0
1794,374569.1,0.0
1795,100507855.1,0.0
1796,31.5,53.0977170665848
1797,31.4,53.0977170665848
1798,31.2,53.0977170665848
1799,31.3,53.0977170665848
1800,31.1,53.0977170665848
1801,93034.2,0.0
1802,55191.1,13.202220394822099
1803,132.1,21.490704847161304
1804,132.2,21.490704847161304
1805,112611.1,8.5054792303004
1806,98.1,6.673514643863009
1807,97.2,9.29933208872917
1808,97.1,9.29933208872917
1809,51005.1,6.913683095079139
1810,471.1,21.5507287109333
1811,435.1,11.2707415597488
1812,171425.1,0.24731962560428797
1813,171425.2,0.24731962560428797
1814,132789.1,2.7040380873266203
1815,10007.1,12.2408215161369
1816,2584.1,17.9182745748987
1817,2585.2,15.2969618312542
1818,2585.1,15.2969618312542
1819,2592.1,8.87324585327766
1820,2592.3,8.87324585327766
1821,2592.2,8.87324585327766
1822,5471.1,15.8997669761039
1823,84264.2,15.997234972363902
1824,84264.1,15.997234972363902
1825,3034.1,0.26891453285741
1826,144193.1,1.10842264789787
1827,2739.1,138.411614546918
1828,3612.1,2.65113414347549
1829,3613.1,6.1023128003259
1830,8776.1,13.166215502437598
1831,2978.1,0.0
1832,4953.1,40.892326965377
1833,5214.1,44.313262923677705
1834,5211.2,30.6005277471591
1835,5213.1,18.3919219947635
1836,10050.1,0.0
1837,10786.1,0.0
1838,10246.1,0.0
1839,6569.1,0.0190021411274026
1840,10568.1,0.0
1841,5198.1,4.71102725745231
1842,5315.2,421.419290489016
1843,5313.2,0.0207858440081986
1844,5315.3,421.419290489016
1845,113675.1,6.13316596660849
1846,7298.1,20.5649862089453
1847,131669.1,0.0
1848,5973.1,0.0894172813622574
1849,1635.1,32.142447414817
1850,286297.1,0.0
1851,10560.1,14.4881448745859
1852,191.1,70.4527120879835
1853,10768.2,29.3089437839082
1854,10768.1,29.3089437839082
1855,51660.1,8.90791305612848
1856,25874.1,15.4769034405074
1857,5205.1,14.799380891095199
1858,57198.1,19.649963970950502
1859,23250.1,2.4843031977743397
1860,286410.1,13.603952311336801
1861,5243.1,0.0139453796526591
1862,55856.1,7.39553989490519
1863,7350.1,0.0
1864,26027.1,0.8552697010112579
1865,10058.1,11.054041755085098
1866,51458.1,1.34100706757969
1867,948.1,0.599086734795003
1868,10928.1,26.673064296886
1869,1728.1,350.35652772292605
1870,2946.1,0.249956796443185
1871,125981.1,0.0
1872,55331.1,5.00224899278169
1873,340485.1,3.2442512137027903
1874,5660.1,212.72707105387298
1875,2760.1,11.6355956935741
1876,57704.1,8.89203442322985
1877,4759.1,0.0
1878,10825.1,5.86648731641721
1879,7903.1,20.7353834880873
1880,3991.1,0.0291582400540635
1881,9388.1,0.0
1882,13.1,0.20475221183667605
1883,747.1,1.09648756554815
1884,221955.1,12.0228648094453
1885,5408.1,0.0
1886,5406.1,0.0
1887,57104.1,11.3664018046794
1888,8513.1,0.0
1889,5407.1,0.0
1890,119548.1,0.0569899570554075
1891,2170.1,0.0
1892,2169.1,0.0
1893,2173.1,0.0
1894,2171.1,9.62654708247279
1895,2172.1,0.30342057874020895
1896,2167.1,0.0
1897,646486.1,0.0
1898,646480.1,0.0
1899,6296.1,1.01305461546702
1900,348158.1,0.0
1901,54988.1,0.0
1902,123876.1,0.0
1903,341392.1,0.0
1904,344967.1,0.285409096772214
1905,51099.1,5.13550524280423
1906,154141.1,1.58363201805089
1907,253558.1,9.90740898857573
1908,9663.1,7.1161599996576905
1909,64748.1,9.829171510170529
1910,9890.1,0.10476528943359699
1911,79948.1,0.240462195400147
1912,64900.1,12.532673725995
1913,23175.1,19.5250187980715
1914,84513.1,13.6775070991571
1915,196051.1,0.0
1916,85465.1,21.471774303470198
1917,23646.1,33.4704053142017
1918,122618.1,0.0
1919,201164.1,3.0621033373438102
1920,590.1,0.0
1921,55750.1,7.0926252142843
1922,79603.1,17.717451714958997
1923,91012.1,6.7372751507987205
1924,29956.1,367.01483059914597
1925,204219.1,0.0
1926,253782.1,49.9655767552619
1927,10715.1,0.52149576561891
1928,56624.1,1.7407155782813
1929,55830.1,14.046180554888402
1930,55624.1,11.857170673399198
1931,55757.1,7.5911606443232
1932,168391.1,0.0
1933,83468.1,0.174369625564137
1934,8702.1,12.638384924785699
1935,140687.1,0.0
1936,3703.1,45.85151927999021
1937,56886.1,31.147818283590198
1938,283358.1,0.0609936567975333
1939,8473.1,50.286721743661296
1940,8707.1,0.0
1941,148789.1,12.9516812579476
1942,56983.1,10.8548131520243
1943,201595.1,121.94237693910499
1944,124872.1,0.0311689149013935
1945,146664.1,0.9451952344290521
1946,8708.1,0.0303350601669466
1947,84750.1,3.2898296182521802
1948,2529.1,0.0272437491474483
1949,338707.1,4.39839050726352
1950,145173.1,4.54547240176853
1951,200810.1,17.0664192134894
1952,2526.1,1.3592594750731701
1953,170384.1,2.50988022633517
1954,360203.1,0.0
1955,152586.1,0.0
1956,644378.1,0.0
1957,84752.1,12.302330382115299
1958,644974.1,0.0
1959,51228.1,19.8641402967493
1960,284004.1,4.77990783225004
1961,79411.1,2.9381084840436
1962,27090.1,3.15025384139395
1963,129807.1,0.191738805953179
1964,2524.1,0.0
1965,2527.1,0.317948432779927
1966,2528.1,0.0413365244763924
1967,113612.1,3.45439731614232
1968,493869.1,4.910558646331539
1969,64180.1,0.0
1970,64174.1,0.0242680481335573
1971,10728.1,69.383969483555
1972,11102.1,7.16521203258493
1973,91179.1,0.637235096901103
1974,8644.1,39.0015963914876
1975,10826.1,1.03137180205912
1976,266740.1,0.0
1977,3930.1,29.0511075574138
1978,4645.1,14.1854257137266
1979,3069.1,211.53065129030603
1980,4864.1,17.481812369268
1981,285440.1,12.1319302746225
1982,79644.1,11.457955850090599
1983,1646.1,114.121737493716
1984,8630.1,1.08740758005854
1985,158160.1,7.1354818818427805
1986,51144.1,34.0843713186453
1987,51170.1,9.972055827822231
1988,64834.1,56.634232508233005
1989,83401.1,0.4514856552078279
1990,79993.1,11.3084627226326
1991,51495.1,83.3150536271961
1992,192286.1,128.41133822788
1993,9200.1,10.310115985918301
1994,401494.1,0.0
1995,201562.1,81.44618647822429
1996,9524.1,44.902583681048895
1997,253017.1,0.0
1998,283985.1,0.0
1999,3995.1,7.50454261928829
2000,1155.1,34.4660578112677
2001,114571.1,0.0
2002,123096.1,19.8404145453041
2003,57016.1,0.7417264335557181
2004,9917.1,19.2675894702085
2005,79672.1,17.7710668952633
2006,79707.1,8.97169300216267
2007,64122.1,1.466597238272
2008,55277.1,2.7285536140106
2009,93650.1,0.0
2010,92370.1,3.2213703550788098
2011,390928.1,0.710748103391452
2012,139596.1,7.89288970664294
2013,55066.1,13.2742464444768
2014,8974.1,28.1269706919458
2015,5033.1,35.3925407222386
2016,283208.1,0.062436465609437004
2017,8041.1,0.0
2018,58478.1,37.8467078958336
2019,55256.1,18.1228063436196
2020,259307.1,0.11928611325624
2021,51312.1,6.081257692813179
2022,81894.1,9.4902695226381
2023,9108.1,0.6097847122020561
2024,29085.1,39.6911589797481
2025,55613.1,0.0
2026,23371.1,4.86585178988628
2027,51559.1,1.40394056113929
2028,9896.1,7.921622384955129
2029,163404.1,1.08109167849765
2030,51496.1,13.192940225337999
2031,374462.1,0.28745583371973904
2032,9107.1,13.3228244807484
2033,8446.1,11.1510648653526
2034,138639.1,2.92799985080218
2035,84814.1,0.0627841627130695
2036,64419.1,22.571489207759104
2037,23203.1,14.4373576641656
2038,22876.1,2.08724131135334
2039,403313.1,7.52814567328017
2040,22908.1,9.18960784155673
2041,145553.1,0.722377048332525
2042,9562.1,9.43786816514674
2043,3705.1,18.6415121272741
2044,138429.1,0.308039393170681
2045,10170.1,0.0181574849370349
2046,9249.1,2.9986757092698197
2047,220074.1,2.89979350209037
2048,1735.1,0.18772524388755502
2049,1734.1,4.09326378271755
2050,1733.1,1.3436148369858798
2051,27284.1,0.0
2052,6819.1,0.0217841704014377
2053,84274.1,30.290029991483397
2054,55904.1,16.6893557902403
2055,58508.1,23.476619805847
2056,9739.1,3.5805816759921
2057,6839.1,5.95718059795718
2058,84444.1,1.43643979980255
2059,9757.1,4.4418924043912895
2060,7468.1,8.27110572546785
2061,51111.1,15.7392481529367
2062,55870.1,29.7773370446566
2063,4297.1,12.237740411702099
2064,84787.1,3.16072104295548
2065,83852.1,2.82063444342601
2066,23067.1,5.21453999179248
2067,9869.1,35.0708470281629
2068,80854.1,46.6631638184391
2069,54904.1,11.060832781094
2070,79723.1,11.3220616778789
2071,64324.1,25.720930178670397
2072,8085.1,7.30850783942052
2073,6419.1,4.37288180028701
2074,79813.1,16.6399424821767
2075,29072.1,14.946911464077301
2076,387893.1,21.276664955771302
2077,64754.1,9.7477886591352
2078,10919.1,1.47014817684389
2079,28972.1,78.8104863137273
2080,9789.1,18.1901925483801
2081,60559.1,40.5244722305428
2082,23478.1,133.494205005399
2083,90701.1,19.6112562951275
2084,57171.1,17.983002855218
2085,4249.1,12.313539094408698
2086,25834.1,0.0
2087,7837.1,18.329927696625198
2088,137902.1,0.136813834911463
2089,23262.1,15.3777961635543
2090,9677.1,8.80752189488666
2091,26007.1,10.851381196959698
2092,158584.1,4.674252829621
2093,283209.1,1.19139244889528
2094,221223.1,0.0
2095,23491.1,0.487158595866224
2096,1066.1,0.0326870827246224
2097,1208.1,0.0
2098,55244.1,0.17116763851285802
2099,146802.1,0.0175705077322843
2100,345274.1,0.131357677314128
2101,116085.1,0.0
2102,123688.1,3.3701195400596298
2103,51171.1,0.159498165986921
2104,10202.1,35.099377521837
2105,10553.1,23.2671134120613
2106,84869.1,6.55305006396376
2107,1487.1,18.918742417207397
2108,56898.1,1.8919104373708897
2109,374875.1,0.987163158763404
2110,121214.1,0.0745228446934167
2111,100288072.1,0.0
2112,93517.1,5.0717159764235005
2113,51741.1,42.2800417982122
2114,340811.1,0.0309197980451059
2115,441282.1,0.237067265035531
2116,133121.1,0.0
2117,85007.1,9.77775824486563
2118,250.1,0.665234008655831
2119,251.1,0.0527397036422937
2120,123264.1,0.0
2121,200931.1,0.0248832426946426
2122,10941.1,0.0
2123,79799.1,0.0
2124,0,0.0
2125,5446.1,0.11497624203136399
2126,513.1,25.751907703169397
2127,498.2,150.323223867292
2128,506.1,333.256921930158
2129,509.2,170.218944673257
2130,514.1,7.04105077624418
2131,513.2,25.751907703169397
2132,514.2,7.04105077624418
2133,509.1,170.218944673257
2134,498.1,150.323223867292
2135,498.3,150.323223867292
2136,10632.1,94.2289403384522
2137,4905.1,22.678072566186298
2138,10476.1,245.619568258243
2139,9551.3,136.294772324882
2140,522.5,36.7906231253138
2141,516.2,98.95503242966872
2142,521.1,107.837570062887
2143,515.1,98.8132136988357
2144,518.3,48.6354126616876
2145,515.2,98.8132136988357
2146,10476.2,245.619568258243
2147,522.3,36.7906231253138
2148,517.2,125.95860233502701
2149,9551.2,136.294772324882
2150,518.2,48.6354126616876
2151,9551.1,136.294772324882
2152,522.4,36.7906231253138
2153,522.2,36.7906231253138
2154,515.3,98.8132136988357
2155,522.1,36.7906231253138
2156,517.1,125.95860233502701
2157,516.1,98.95503242966872
2158,518.1,48.6354126616876
2159,539.1,18.386308295596198
2160,267020.1,0.16462180335905
2161,27109.1,5.98807005580312
2162,7384.1,70.6877064614052
2163,7388.1,179.930654087445
2164,4519.1,0.0
2165,29796.2,120.74038429853701
2166,10975.1,36.30699962225471
2167,7385.1,67.06353341605471
2168,7386.1,93.33027364187109
2169,1537.1,98.54191957594222
2170,27089.1,92.653876666784
2171,7381.1,34.4382792568843
2172,29796.1,120.74038429853701
2173,9016.1,5.13183274757037
2174,7352.2,0.471781997431422
2175,7352.1,0.471781997431422
2176,7351.1,54.938526341232006
2177,9016.2,5.13183274757037
2178,9481.1,0.794402798964583
2179,4715.1,104.736020672225
2180,4720.1,25.7853963959154
2181,4719.1,64.772181392706
2182,4700.1,52.9908408459553
2183,55967.1,77.1599052183313
2184,4709.1,68.55598826274239
2185,4710.1,46.8374884621767
2186,4726.1,116.41134695014999
2187,4718.1,10.974354550513699
2188,4696.1,112.41633715455299
2189,4694.1,205.82450675348
2190,374291.1,7.9478402089571905
2191,4728.1,47.47167756120871
2192,4712.2,31.5464895615811
2193,4717.1,48.7477109745146
2194,4705.1,17.3549158602612
2195,4725.1,176.336907857462
2196,4716.1,155.782745854304
2197,4537.1,0.0
2198,7991.1,38.995891670388396
2199,4722.1,27.251538724490498
2200,4541.1,0.0
2201,4539.1,0.0
2202,4707.1,130.365369810947
2203,4701.1,53.8497617122896
2204,4723.1,88.55263148070499
2205,4698.1,9.11063211099901
2206,4538.1,0.0
2207,4697.1,118.526538546723
2208,51079.1,8.08792819911423
2209,4714.1,13.9010634316055
2210,4704.1,21.6143377011473
2211,126328.1,2.3280145289182403
2212,4711.1,70.03695657453379
2213,4724.1,38.915035764461706
2214,4713.1,72.2707807054289
2215,4536.1,0.0
2216,4695.1,60.2362465626051
2217,4702.1,38.14919893963079
2218,4708.1,67.0072861106561
2219,4535.1,0.0
2220,4731.2,23.569746504183
2221,4706.1,114.080565039468
2222,4729.1,85.9913495670961
2223,4540.1,0.0
2224,7991.2,38.995891670388396
2225,4731.1,23.569746504183
2226,4712.1,31.5464895615811
2227,54539.1,104.3251866708
2228,1351.1,394.339029079879
2229,1347.1,146.796908188044
2230,1329.1,225.168561691316
2231,1327.1,95.43908336821791
2232,341947.1,0.12385388030497199
2233,9167.1,54.9039858480359
2234,1350.1,476.52369629799006
2235,4512.1,0.0
2236,1349.1,239.26858535784902
2237,1339.1,0.0
2238,1345.1,169.450262734771
2239,4513.1,0.0
2240,9377.1,76.1145712527007
2241,125965.1,0.0
2242,4514.1,0.0
2243,170712.1,0.0
2244,1346.1,0.0
2245,1340.1,311.888841383981
2246,84701.1,0.0
2247,1337.1,384.825482078976
