,entrez_id,LTED_FPKM
0,8639.1,0.135171853103539
1,26.1,0.0
2,314.2,0.63208691683914
3,314.1,0.63208691683914
4,1591.1,0.0395536684835237
5,1594.1,2.10966924702369
6,10993.1,0.0
7,6818.1,0.599595849401115
8,89874.1,0.693522017794908
9,92483.1,0.0396318377888271
10,3948.2,0.0546635395046829
11,55293.1,13.319098772488502
12,3945.1,0.0
13,3939.1,133.55786517401302
14,160287.1,0.0
15,3948.1,0.0546635395046829
16,9123.1,4.00790285587803
17,9194.1,5.80421313184792
18,6566.1,2.05263330519219
19,57835.3,0.318539868431075
20,8671.1,0.0
21,57835.2,0.318539868431075
22,57835.1,0.318539868431075
23,57835.4,0.318539868431075
24,4967.2,28.5062357609911
25,1738.1,19.1612816217161
26,8050.1,21.845657896028104
27,1743.1,38.125105555359795
28,4967.1,28.5062357609911
29,130.1,0.0
30,127.1,0.0
31,125.1,0.0
32,124.1,0.0
33,131.1,0.0
34,126.1,0.0
35,128.1,38.3858277641569
36,137872.1,0.218946476411805
37,1312.1,26.236187755580698
38,1312.2,26.236187755580698
39,117247.1,0.733342610867677
40,218.1,0.0
41,222.1,54.9756729088294
42,220.1,1.04428475125856
43,221.1,0.15215004192298903
44,3242.1,0.0361421136580911
45,18.1,34.0879251273452
46,18.2,34.0879251273452
47,2531.1,4.25340807773452
48,23498.1,0.22812996118314002
49,55268.1,6.4143676724932694
50,51166.1,5.17113463612346
51,883.1,1.26984840783576
52,51166.2,5.17113463612346
53,1644.1,0.0
54,4128.1,4.41417631033696
55,4129.1,0.0
56,10165.1,11.5404610022257
57,8604.1,5.28719826419307
58,51380.1,10.015865422036901
59,2571.1,0.30689190851548803
60,2572.1,0.0
61,2571.2,0.30689190851548803
62,2805.1,30.8271188352199
63,2806.1,55.84634501743071
64,8659.1,7.87924318878893
65,8659.2,7.87924318878893
66,6799.1,0.6526779695366
67,6817.3,8.6306072421221
68,6799.2,0.6526779695366
69,6818.2,0.599595849401115
70,6817.2,8.6306072421221
71,6817.1,8.6306072421221
72,6817.4,8.6306072421221
73,6818.3,0.599595849401115
74,6817.5,8.6306072421221
75,4363.1,13.8247510369065
76,6822.1,0.0
77,6573.1,7.856290572556451
78,6573.2,7.856290572556451
79,316.1,1.18513681000022
80,6570.1,0.0
81,6571.1,0.0
82,2348.5,0.112300775558421
83,2348.3,0.112300775558421
84,2348.1,0.112300775558421
85,2348.6,0.112300775558421
86,2352.1,0.0
87,2348.4,0.112300775558421
88,2348.2,0.112300775558421
89,4125.1,13.8895577710671
90,53947.1,4.405679700212651
91,51146.1,0.0
92,28.1,0.0
93,206358.1,3.42435361195633
94,6529.1,0.0
95,6538.1,0.0
96,6540.1,0.0
97,6539.1,0.0
98,38.1,11.9883827244385
99,3032.1,34.6216025386359
100,10449.1,38.7594455456286
101,3030.1,67.81651058074921
102,39.1,32.587278621863106
103,30.1,17.0164382975754
104,32.1,2.06846604168302
105,9197.1,27.209357857576602
106,84532.1,1.86133882141029
107,79611.1,13.228237666521899
108,64841.1,60.7533472662026
109,55577.1,8.21265746770689
110,5238.1,15.7346433291059
111,9487.1,4.86283033698345
112,162417.1,0.932730694006815
113,43.1,0.582389572817274
114,43.2,0.582389572817274
115,6572.1,0.0
116,47.1,272.117383052106
117,47.2,272.117383052106
118,54187.1,31.9530498442365
119,26503.1,7.12975137565353
120,140838.1,6.55876140484984
121,54.1,0.0328134570939752
122,51205.1,8.52623721137182
123,36.1,6.49779356980425
124,34.1,10.8975514790888
125,80724.1,4.16867755110037
126,35.1,2.86620841848181
127,84129.1,5.605564584257491
128,27034.1,5.9792749328608
129,28976.1,19.3228486119934
130,3712.1,18.488542317544802
131,134526.1,0.20653649256698198
132,51.1,23.4255390359346
133,51.2,23.4255390359346
134,95.1,0.5224149475955421
135,50.1,36.771231690507996
136,48.1,7.27493303398917
137,8309.1,0.182385408550921
138,52.1,39.085073846313
139,52.3,39.085073846313
140,52.2,39.085073846313
141,55.1,0.6618039418712579
142,788.1,5.92986046055408
143,55902.1,26.905760508046303
144,65985.1,26.312467283315897
145,55902.2,26.905760508046303
146,438.1,0.023553015008058
147,1571.1,0.113928323030282
148,100.1,0.9162922287730141
149,3177.1,26.4776315507377
150,205.3,21.861831307479402
151,205.1,21.861831307479402
152,204.1,24.8230249214539
153,204.3,24.8230249214539
154,204.2,24.8230249214539
155,205.2,21.861831307479402
156,26289.1,0.0
157,26289.2,0.0
158,50808.1,16.267329937117
159,262.1,33.4635192655415
160,112.1,12.1323777450228
161,55811.1,0.107631941134114
162,109.1,12.4656376004798
163,112.2,12.1323777450228
164,114.1,0.0855742315581722
165,108.1,0.0305430742924338
166,113.1,1.04423013587157
167,107.1,5.460452604775879
168,196883.1,0.136023226209327
169,115.1,13.143783343554599
170,111.1,0.379610506620052
171,2030.1,8.63194697975683
172,9154.2,0.055986161704876004
173,9154.1,0.055986161704876004
174,64078.1,0.0
175,9153.1,0.0284969487308213
176,55315.1,8.05942103518141
177,11164.1,53.223945226763895
178,952.1,0.0
179,1375.1,0.0666974831080261
180,1375.3,0.0666974831080261
181,1375.4,0.0666974831080261
182,126129.1,0.318904515474656
183,1374.1,40.4108761637981
184,1375.2,0.0666974831080261
185,1376.1,12.1592630291115
186,9060.1,3.37015847802943
187,9061.1,31.808244847389002
188,158.1,34.0879251273452
189,158.2,34.0879251273452
190,79369.1,0.9333508606916601
191,10678.1,11.770338653244801
192,11041.1,14.9530923977245
193,146712.1,1.29321101125967
194,374907.1,0.561803506328811
195,93010.1,0.0580866080474589
196,374907.2,0.561803506328811
197,10678.2,11.770338653244801
198,10331.1,0.999390801108617
199,79814.1,3.4048071219955496
200,10555.1,20.2221196297866
201,137964.1,9.95534807099707
202,56895.1,0.28350599715412
203,56894.2,18.808725179480103
204,56894.1,18.808725179480103
205,55326.1,10.199449854803099
206,10554.1,1.31561358433014
207,129642.1,15.1989022937113
208,64902.1,0.0206739277537593
209,64850.1,0.0327828046352232
210,189.1,0.0
211,3073.1,17.7478708847588
212,3074.1,28.138556042413
213,10606.1,70.1114020892894
214,8402.1,14.295992086643698
215,1468.1,25.049155236869698
216,64849.1,0.716625801226913
217,64849.2,0.716625801226913
218,1645.1,3.6368113339548396
219,1109.1,0.058882537520145
220,6718.1,0.378712147791436
221,6510.1,127.536442110932
222,6509.1,8.24279077018504
223,56301.1,0.0
224,6520.1,148.720183228289
225,212.1,0.0
226,23464.1,7.86258845268996
227,211.2,11.6789142607656
228,211.1,11.6789142607656
229,54407.1,251.98637138621
230,6542.1,15.1296483495994
231,11254.1,0.0307572238054395
232,6541.1,33.12972287259
233,81539.1,177.622122811791
234,55089.1,0.0
235,84889.1,0.0
236,340024.1,0.0
237,57393.1,0.133437233315614
238,59272.1,0.0
239,2875.1,0.38795753877851397
240,84706.1,23.543232132094897
241,92745.1,0.0583683864648755
242,10991.1,0.05376329737572799
243,284273.2,8.76143000509514
244,284273.1,8.76143000509514
245,10327.1,47.8380104527301
246,10327.2,47.8380104527301
247,216.1,0.889909008770715
248,8854.2,0.0180478232769382
249,501.1,7.012170711804121
250,8854.1,0.0180478232769382
251,223.1,25.64900483806
252,224.1,24.1223687571337
253,8854.3,0.0180478232769382
254,219.1,7.40746157999354
255,217.1,0.40886204693599704
256,239.1,0.0
257,247.1,0.0233648417856234
258,246.1,3.1777111391902704
259,240.1,0.0
260,8574.1,13.1920142453625
261,231.1,0.0502059976566615
262,23600.1,4.05070408733304
263,23600.2,4.05070408733304
264,115286.3,3.2223305065496897
265,115286.2,3.2223305065496897
266,115286.1,3.2223305065496897
267,271.2,11.315585760582
268,270.1,0.758473650384179
269,271.1,11.315585760582
270,272.1,0.258134444694268
271,271.3,11.315585760582
272,290.1,0.0192295848558939
273,280.1,0.7488633272220021
274,278.1,0.0
275,276.1,0.0
276,277.1,0.0
277,6519.1,0.0
278,11136.1,0.202688074698057
279,276.2,0.0
280,279.1,0.0793532896823209
281,10998.1,5.25385828307125
282,113451.1,0.152133733725992
283,9057.1,13.030726488412302
284,384.1,3.89933248466738
285,445.1,220.004084868543
286,445.2,220.004084868543
287,83884.1,0.8915904904955759
288,10166.1,17.9964715867837
289,410.1,1.91804535015632
290,427.1,25.307484026078896
291,427.2,25.307484026078896
292,9962.2,3.5884011718135103
293,9963.1,0.11891229940535801
294,9962.1,3.5884011718135103
295,9963.2,0.11891229940535801
296,80150.1,0.7617300667722321
297,440.1,64.1028031505533
298,440.3,64.1028031505533
299,440.2,64.1028031505533
300,790.1,16.964400359574302
301,6511.1,0.0
302,6505.1,0.525612081378005
303,6507.1,0.173196754408422
304,6506.1,1.80847652085558
305,6512.1,0.0130170594814564
306,50617.1,0.0627238469383493
307,533.1,44.497709443674005
308,527.1,2.16664778189479
309,8992.1,154.461313321212
310,245972.1,0.118460733711414
311,9114.1,41.57476447066961
312,535.1,9.516356534246349
313,50617.3,0.0627238469383493
314,10312.1,3.57289342661335
315,50617.2,0.0627238469383493
316,23545.1,6.7783434745281195
317,10312.2,3.57289342661335
318,51382.1,37.6590017705252
319,9296.1,48.9683614353578
320,529.1,60.6464152704282
321,245973.1,1.4730811608743402
322,523.1,51.8741338121714
323,51606.1,25.1903266098095
324,9550.1,110.575484313808
325,526.1,11.3905599387853
326,127124.1,0.0
327,525.1,2.06330619056905
328,90423.1,1.87971864091596
329,51606.2,25.1903266098095
330,51606.3,25.1903266098095
331,534.2,0.0562955050811974
332,528.2,32.0669509450872
333,534.1,0.0562955050811974
334,528.1,32.0669509450872
335,127124.2,0.0
336,954.1,2.7747509021164705
337,954.2,2.7747509021164705
338,953.1,0.0102210550056812
339,956.1,2.16110797987039
340,955.1,23.0766141353129
341,957.1,6.9828434519171605
342,377841.1,0.312704670702366
343,291.1,5.7166684390598705
344,293.1,118.02837997222
345,292.1,382.78687745856905
346,4126.1,14.838897404653899
347,8706.4,34.1012208120787
348,8706.1,34.1012208120787
349,8706.3,34.1012208120787
350,8706.2,34.1012208120787
351,8705.1,0.41629884177943605
352,10317.4,3.82398306467381
353,10317.1,3.82398306467381
354,10317.3,3.82398306467381
355,10317.2,3.82398306467381
356,10317.5,3.82398306467381
357,84002.1,0.6191756686428349
358,570.1,0.0795782139728037
359,3141.1,9.19264457908149
360,140679.1,0.0
361,8424.1,0.0366134505602571
362,53630.1,0.157137279232865
363,622.2,11.6060370511379
364,622.3,11.6060370511379
365,622.1,11.6060370511379
366,23743.1,0.0
367,635.1,0.0
368,10599.1,0.025184063410122994
369,1244.1,0.2918130428042511
370,8714.1,10.4087530020214
371,28234.1,0.0
372,645.1,162.10472640113701
373,644.1,83.44903375271991
374,9488.1,8.97716145081821
375,10380.1,18.024707982761498
376,686.1,8.26198048965317
377,8884.1,20.7895989840424
378,80704.1,0.0
379,51733.1,0.0
380,7108.1,33.312322512235305
381,50814.1,31.9506040890905
382,3295.1,43.766645646870096
383,6307.1,74.41278316245659
384,492.1,0.0
385,491.1,0.0
386,490.1,27.8099515414486
387,493.1,3.75143999672557
388,847.1,27.057309965299503
389,6547.6,0.0261245600709725
390,6547.4,0.0261245600709725
391,6547.2,0.0261245600709725
392,6546.1,1.40725214505924
393,6547.1,0.0261245600709725
394,6547.5,0.0261245600709725
395,6543.1,0.0405710894358456
396,6547.3,0.0261245600709725
397,166785.1,1.48808448178119
398,2538.1,0.0
399,57818.1,0.0
400,92579.1,20.1249000437503
401,1373.1,4.314881785953101
402,1373.2,4.314881785953101
403,873.1,23.3278701308179
404,10423.1,40.957798680721396
405,10423.2,40.957798680721396
406,1040.1,15.497655507593802
407,8760.1,4.32958029140305
408,10390.1,11.737610365411902
409,56994.1,7.48792124947695
410,64781.1,12.821742091315699
411,64781.2,12.821742091315699
412,10087.1,11.1514768380409
413,6565.1,1.05478955859009
414,9023.1,0.0
415,1103.4,0.0
416,1103.2,0.0
417,1103.3,0.0
418,1103.1,0.0
419,162466.1,0.129200155957686
420,5130.1,26.292782654036397
421,9468.1,0.0
422,6579.1,0.0079156405462967
423,6554.1,0.0
424,6555.1,0.018573163462294998
425,8714.3,10.4087530020214
426,8647.1,0.0
427,8714.2,10.4087530020214
428,55349.1,6.9695570368150905
429,1120.2,1.0140024881121499
430,1119.1,23.3012742808464
431,1120.1,1.0140024881121499
432,1119.2,23.3012742808464
433,60482.1,0.0
434,6582.1,0.0
435,6584.1,21.6510668868226
436,6582.2,0.0
437,6820.1,13.887729361761998
438,10948.1,7.1158325526649
439,19.1,3.31895152562585
440,27159.1,0.0
441,54682.1,10.4510520596933
442,1118.1,0.0
443,27159.2,0.0
444,9058.1,0.0244387133440156
445,6576.1,112.087415856429
446,1159.1,13.763951615939698
447,1160.1,0.0
448,548596.1,18.9806761531633
449,1152.1,19.8336417738637
450,1158.1,0.0
451,5172.1,0.0384100609580515
452,65010.1,0.801071326155232
453,65010.3,0.801071326155232
454,65010.2,0.801071326155232
455,54675.1,5.53037622825393
456,10559.1,23.1271750999435
457,55907.1,15.532123709828902
458,8034.1,7.54491928046431
459,8824.1,10.570781425243899
460,51805.1,6.15878759238374
461,51004.1,12.6024596976058
462,51004.2,12.6024596976058
463,10229.1,6.044342046340599
464,9245.1,0.0
465,2650.1,3.8561409418598105
466,51301.1,0.42897196717237207
467,192134.1,0.0561953440544538
468,6535.1,3.7205883712055496
469,386757.1,0.0359661720338267
470,1384.1,3.8759831883520097
471,6583.1,2.10065049679051
472,1431.1,73.94876224729609
473,1431.2,73.94876224729609
474,54677.1,2.31163160227903
475,1384.2,3.8759831883520097
476,1384.3,3.8759831883520097
477,8140.1,157.107993981617
478,23428.1,0.42920227616441997
479,23428.2,0.42920227616441997
480,1036.1,0.0434869793829076
481,124935.1,7.49331840803542
482,23657.1,19.4530131791056
483,978.1,0.0
484,57379.1,0.0
485,7371.1,14.151723749231902
486,83549.1,22.133842551125102
487,51727.1,35.6141997744421
488,129607.1,0.21408817489727103
489,9162.1,0.0862083742771908
490,1607.1,0.0
491,8525.2,18.2616012209818
492,160851.1,13.348487311054999
493,1608.1,0.0104961843463456
494,1607.2,0.0
495,8525.1,18.2616012209818
496,8527.1,5.67212127225326
497,1606.1,0.179771640346904
498,160851.2,13.348487311054999
499,8526.1,9.31752405477484
500,8525.3,18.2616012209818
501,8527.2,5.67212127225326
502,1609.1,5.260697541235509
503,1610.1,0.0270161604018525
504,2745.1,1.39698642695562
505,51022.2,12.5391433050312
506,51022.1,12.5391433050312
507,8528.2,0.0
508,8528.1,0.0
509,1632.1,60.5045805518132
510,10455.1,20.3566360528859
511,1633.1,9.242112231834039
512,1638.1,0.0
513,6319.1,1497.06555785971
514,9415.1,2.9295854493501
515,3992.1,38.20918120259079
516,8694.1,4.98230498850617
517,84649.1,10.0963156510092
518,1716.5,31.1060386845057
519,1716.1,31.1060386845057
520,1716.4,31.1060386845057
521,1716.2,31.1060386845057
522,1716.3,31.1060386845057
523,6515.1,0.0
524,6513.1,67.873884955183
525,6517.1,0.4096937288215129
526,1718.1,194.607398952464
527,1581.1,0.0
528,1717.1,149.225186283774
529,8560.1,17.2493011415776
530,8560.2,17.2493011415776
531,123099.1,5.5950564335156105
532,11309.1,0.0
533,6783.1,0.0335667071850851
534,1723.1,5.5814919867056
535,1807.1,0.0478608828666982
536,1809.1,0.112220973976926
537,1808.1,22.677970664735398
538,23539.1,0.0
539,2224.1,184.994560829957
540,29958.1,0.171692721927624
541,60386.1,6.98106299674321
542,84920.1,6.75618273166865
543,79087.1,9.08036717668434
544,26002.1,0.0210964787267847
545,1621.1,0.0
546,7299.1,0.0
547,6530.1,0.0
548,6531.1,0.0892068946670219
549,6581.1,0.0
550,669.2,1.20036458435366
551,5223.1,220.06709409156798
552,5224.2,0.0
553,5224.1,0.0
554,669.1,1.20036458435366
555,4597.1,71.6645545876301
556,51071.1,4.73884882697537
557,1806.1,1.4824133621235
558,7083.1,49.7256568891125
559,7084.1,1.15598244679376
560,1854.1,28.937699846142397
561,3704.1,17.199038749651898
562,10682.1,101.975417235601
563,1892.1,111.170585285212
564,549.1,4.520344497951901
565,1891.1,26.9370103535401
566,1962.1,1.66062687240302
567,11001.1,17.5022171167425
568,28231.1,8.67236266582723
569,53919.1,0.0
570,10257.1,4.12427096491208
571,28232.1,0.35408096443358794
572,2109.2,31.0279297986843
573,2108.1,151.106333434636
574,2109.1,31.0279297986843
575,2110.1,7.81078599042481
576,55500.1,8.59600301711603
577,55224.1,10.929271907024901
578,8790.1,3.74106341414787
579,51086.1,0.0
580,2181.1,47.3177425105705
581,2182.1,0.6972751996949731
582,2180.1,18.4591307842448
583,2181.2,47.3177425105705
584,51703.1,0.0
585,81616.1,0.0505859349362255
586,23305.1,0.00781603393363172
587,2182.2,0.6972751996949731
588,116285.1,0.0
589,5167.1,17.4065510693464
590,5169.1,0.421904212094331
591,6785.1,2.38547399062004
592,79071.1,29.3415572932341
593,60481.1,26.768710410675602
594,54898.1,0.534207593038153
595,1579.1,0.0184511000851769
596,2194.1,441.796304979674
597,376497.2,0.919292530766377
598,10999.1,20.907059279493197
599,376497.1,0.919292530766377
600,11000.1,11.780411857946598
601,226.2,291.212356336903
602,229.1,0.0
603,226.3,291.212356336903
604,230.1,8.37494427052122
605,226.1,291.212356336903
606,2203.1,69.71902268799501
607,5210.1,3.4560209028838504
608,5207.1,0.29788004126902
609,5209.1,11.939682282652099
610,5208.1,7.031942289765331
611,8789.1,0.0538251416595191
612,2235.1,7.38116390232093
613,2235.2,7.38116390232093
614,10840.1,0.0184672824216838
615,79901.1,0.127556537435734
616,197258.1,5.868718884543219
617,125061.1,4.74187899125538
618,1719.1,20.6783084941309
619,2356.1,15.5052303871039
620,29988.1,10.3227142125219
621,6514.1,0.0
622,155184.1,0.0
623,6518.1,0.0
624,66035.1,3.44881199839107
625,160428.1,7.76628165119146
626,25902.1,11.675465853232698
627,4522.1,48.1780848574031
628,2519.1,21.000753753209697
629,2517.1,6.8905331369515395
630,2184.1,6.715121024783679
631,2271.1,55.338357532805006
632,2523.1,6.46012914106904
633,2525.1,0.135498040007747
634,10690.1,4.32710735640304
635,8703.1,16.5407662350384
636,8704.2,24.283595539565702
637,8704.1,24.283595539565702
638,2683.1,13.3221776196805
639,9334.1,15.694668892168698
640,2820.1,12.9818803907147
641,5832.1,62.9725869296875
642,9563.1,5.1437820949688
643,2539.1,147.366692726537
644,2542.1,13.621849300095901
645,2593.1,4.1931297160132495
646,2593.2,4.1931297160132495
647,9514.1,0.0
648,5476.1,53.01595706148721
649,2720.1,39.1528179948478
650,2588.1,9.055016223078072
651,4758.1,5.65553836350538
652,2581.1,9.79701836717958
653,2583.1,4.30716860344446
654,55790.1,0.45753015098154604
655,55454.1,3.7739358907431697
656,79586.1,25.171320718089
657,22856.1,14.192590979049099
658,337876.1,1.52757355069444
659,26290.1,0.0328749342969615
660,79695.1,6.95464126515813
661,2589.1,19.1571911246717
662,50614.1,0.0
663,8693.1,0.15614679582650198
664,55568.2,15.5463313912485
665,114805.1,0.15785249576484803
666,11226.1,17.6449534800508
667,117248.1,0.196825532035931
668,11227.1,0.0
669,55568.1,15.5463313912485
670,2590.1,14.3414187422139
671,51809.1,22.854083221939103
672,79623.1,5.09116525199147
673,63917.1,5.04794993424423
674,2591.1,19.1541969143233
675,81031.1,13.905010432927199
676,126792.1,8.320996756321009
677,11285.1,12.4870119450345
678,8972.1,0.0108247971505263
679,2618.1,28.2431001496084
680,2618.2,28.2431001496084
681,175.1,15.994312408564301
682,2629.2,23.7974181701334
683,2629.3,23.7974181701334
684,2629.4,23.7974181701334
685,2629.5,23.7974181701334
686,2629.1,23.7974181701334
687,26301.1,0.0
688,4329.1,28.248941354991103
689,7915.1,10.5214097023423
690,7915.2,10.5214097023423
691,275.1,0.714078691554179
692,2731.1,0.184268796860102
693,2653.1,28.8875125684656
694,2651.1,0.0173111320074024
695,55343.1,4.63875852268514
696,7264.1,44.916495658981
697,8836.1,9.314491270344869
698,79017.1,68.9519698986843
699,8908.1,3.47321986263156
700,2998.1,0.0
701,2992.1,40.2661039959718
702,2997.1,20.6994415977119
703,2687.1,0.0808927983757351
704,6472.1,102.634984961391
705,6470.1,14.9656115847386
706,6470.2,14.9656115847386
707,2717.1,29.1718811509178
708,2632.1,11.4398449250677
709,2990.1,11.206246550519399
710,8372.1,2.40465290265982
711,26035.1,9.773585955740131
712,54480.1,14.954625890945499
713,2131.1,5.363756192111599
714,2132.1,16.1366099097565
715,2132.2,16.1366099097565
716,27087.2,0.0
717,135152.1,0.0
718,27087.1,0.0
719,26229.1,18.042480980661498
720,4669.1,7.49310979979576
721,64579.1,0.11354216994987198
722,3340.1,15.948125576166198
723,9348.1,0.290986641457666
724,8509.1,5.688951498152781
725,2137.1,5.922803127341781
726,2135.1,2.74757235574427
727,2134.1,0.0874289794768471
728,56606.1,0.0175689573777254
729,154091.1,0.0877506506640632
730,11182.1,16.799962284934
731,56606.2,0.0175689573777254
732,144195.1,0.0
733,6523.1,0.0
734,178.4,5.7998833671175305
735,178.5,5.7998833671175305
736,178.1,5.7998833671175305
737,178.3,5.7998833671175305
738,178.2,5.7998833671175305
739,178.6,5.7998833671175305
740,5834.1,54.1489003426359
741,5837.1,0.562901426160501
742,5836.1,11.354227587595698
743,2729.1,10.2557270718739
744,2730.1,3.4477507135087597
745,2747.1,20.229770329447803
746,2746.1,75.24419747898071
747,10841.1,0.58320941064028
748,10841.2,0.58320941064028
749,2744.1,9.84200607267655
750,27165.2,1.13084830382405
751,27165.1,1.13084830382405
752,83733.1,0.16178559675147
753,79751.1,5.1723316793448495
754,2639.1,4.16722555613308
755,2639.2,4.16722555613308
756,57084.1,0.0
757,246213.1,0.0
758,57030.1,0.0557158045040785
759,54363.1,0.0
760,51179.2,0.0413844249551963
761,51179.1,0.0413844249551963
762,2628.1,0.0796685411169272
763,9380.1,24.845729614731002
764,2710.2,1.8601573580863202
765,2712.1,0.0
766,2710.1,1.8601573580863202
767,2713.1,0.25156983772047603
768,3029.1,20.8023212643567
769,6536.1,8.13269254917552
770,6536.2,8.13269254917552
771,5226.1,123.091679972882
772,27232.1,0.9857863023035508
773,57678.1,4.65156047609819
774,284098.1,4.99591332315026
775,80055.1,2.54199631892054
776,93183.1,6.67451682590682
777,54965.1,6.9536677005504
778,2936.1,39.2030990626211
779,7001.3,181.217532813444
780,5052.3,484.0784079964
781,2877.1,1.4046961585859798
782,2876.2,0.237322010901142
783,5052.2,484.0784079964
784,2876.1,0.237322010901142
785,5052.1,484.0784079964
786,7001.1,181.217532813444
787,2879.1,120.68418046064899
788,7001.2,181.217532813444
789,2878.1,8.33009018019233
790,257202.1,0.0
791,2882.1,0.0
792,10935.1,89.775329298156
793,10935.2,89.775329298156
794,2937.1,27.772039343579003
795,2679.1,0.0243792930614841
796,2678.1,0.7805892647712271
797,2678.3,0.7805892647712271
798,2678.2,0.7805892647712271
799,2977.1,1.0259636632056899
800,2983.1,3.02502419619622
801,4882.2,1.98490802280736
802,2982.1,7.9003866863260805
803,2974.1,3.19526968291415
804,2986.1,0.0
805,4882.1,1.98490802280736
806,2984.1,0.0168114933470689
807,4881.1,0.0154871987475757
808,3000.1,0.0193728911741686
809,9615.1,0.0
810,763.1,0.0
811,11238.1,7.06301504102715
812,23556.1,8.45135323753755
813,23556.2,8.45135323753755
814,55650.1,6.10433572726609
815,53905.1,0.0
816,50506.1,0.0442129037631577
817,53905.2,0.0
818,343.1,0.0536605387798263
819,84720.2,4.71230192903623
820,5281.1,12.6375541780217
821,84720.1,4.71230192903623
822,5281.2,12.6375541780217
823,54872.1,9.50034019172308
824,80235.1,1.8190147836656398
825,10026.1,5.05688080622628
826,8733.1,26.7514731250733
827,128869.1,13.9026200511025
828,94005.1,16.194542472372902
829,51604.1,29.861289723536302
830,3028.1,112.825545537666
831,3033.1,19.819923147454396
832,3038.2,0.0841750766228417
833,3036.1,0.0
834,3038.1,0.0841750766228417
835,3037.1,0.0428628914345117
836,27235.1,10.8322611803305
837,6522.1,34.0707728693273
838,83697.1,0.0204331833257679
839,6521.1,0.0425124074645747
840,6508.2,0.795009535708883
841,6508.1,0.795009535708883
842,2645.1,0.0
843,3099.1,11.9437329144062
844,3098.3,55.6173515505531
845,2645.2,0.0
846,80201.1,0.0
847,3098.2,55.6173515505531
848,2645.3,0.0
849,3098.1,55.6173515505531
850,3098.4,55.6173515505531
851,3101.1,0.11299380422433
852,3098.5,55.6173515505531
853,3081.1,2.19611967221567
854,11112.1,7.64764512097429
855,3067.1,0.0181317449558287
856,495.1,0.0
857,496.1,0.0
858,8942.1,32.0968887441985
859,3157.1,40.206641056856206
860,3157.2,40.206641056856206
861,3158.1,0.34154737091977
862,3155.1,9.37512568136798
863,54511.1,0.0757969597451543
864,3162.1,1.8981656246116698
865,3163.1,34.1905267501124
866,26062.1,0.0
867,197257.1,11.5173334006585
868,197257.2,11.5173334006585
869,6448.1,8.308318783606941
870,3290.2,0.0
871,3290.1,0.0
872,3291.1,0.634004112809893
873,3292.1,0.45302055544758707
874,7923.1,1.16392135471981
875,3294.1,0.0
876,51478.1,12.140474899070801
877,3283.1,0.0
878,3284.1,0.0118301002400156
879,80270.1,13.6657009786451
880,57026.1,0.315058285544197
881,3421.2,36.124453079561206
882,3420.3,25.2995152037739
883,3419.1,18.6449542270915
884,3420.1,25.2995152037739
885,3421.1,36.124453079561206
886,3420.2,25.2995152037739
887,3417.1,74.66114713400209
888,3418.1,133.550557643422
889,7173.4,0.0179508912337629
890,7173.1,0.0179508912337629
891,7173.3,0.0179508912337629
892,7173.2,0.0179508912337629
893,7173.5,0.0179508912337629
894,3425.1,5.03643444828127
895,587.1,14.210538050817098
896,8501.1,4.0426577029367
897,55586.1,0.19111772559295498
898,114134.1,1.3439932890028101
899,6526.1,10.187312245496802
900,3422.1,132.660199379064
901,91734.1,0.0
902,160728.1,0.0213597032026819
903,8802.1,40.8640690672039
904,8801.1,21.269884968936697
905,8803.1,14.2424888902411
906,6560.1,0.188272491212481
907,10723.1,9.72627616367825
908,9990.1,1.0177007530698299
909,57468.1,1.9536762510591799
910,3795.1,3.5506862860383
911,3795.2,3.5506862860383
912,84679.1,17.277688087334198
913,23315.1,6.65993774903116
914,8564.1,0.9412181859541949
915,3938.1,0.12305830920690801
916,53.1,13.340481555260698
917,3931.1,0.0
918,387775.1,0.0
919,124637.1,9.74312655004984
920,366.1,0.0
921,11283.1,0.0210080768404708
922,4047.1,102.793145902981
923,5321.1,0.0719139187746033
924,1178.1,0.0
925,29124.1,0.0
926,51268.1,0.0581989923084684
927,4023.1,0.0
928,3990.1,0.0
929,1056.1,0.6177483986606329
930,80339.1,0.5814114042744599
931,11343.1,1.19766623705445
932,11343.2,1.19766623705445
933,50487.1,7.550319133418079
934,9227.1,0.126287857360279
935,6309.1,4.66523697208687
936,4048.1,43.0241507369067
937,4056.1,0.0
938,4259.1,18.8647547874817
939,4056.2,0.0
940,4258.1,12.995826256994901
941,2954.1,35.053232788996
942,2954.3,35.053232788996
943,2954.2,35.053232788996
944,2548.1,26.8294733660266
945,56922.1,17.973898270182396
946,64087.1,40.1380830073101
947,23417.1,9.752772364840052
948,4357.1,7.96269783636118
949,4191.1,104.98616565614799
950,4190.1,79.0220539643692
951,4200.1,5.86165341918411
952,4199.1,26.8418650707413
953,10873.1,0.0
954,3620.1,0.0726959966069527
955,1557.1,0.0
956,1543.1,8.63167609284215
957,1545.1,12.7082068207848
958,1544.1,0.0224457898062081
959,4143.1,0.185573402619305
960,27430.2,10.4504521304687
961,4144.1,50.846589838526896
962,27430.1,10.4504521304687
963,4548.1,20.2926919564763
964,4598.1,40.3812529317944
965,3635.1,0.07264332925275599
966,8867.2,3.27155613443877
967,3636.1,50.042468407924794
968,27124.2,5.5098904639459905
969,8867.1,3.27155613443877
970,27124.1,5.5098904639459905
971,3633.1,5.60029192770388
972,56623.1,5.95974899875494
973,3632.1,12.1955383941823
974,3628.1,1.52777943701436
975,3706.1,1.10083913304293
976,80271.1,16.3184472607971
977,3707.1,6.474341995896009
978,51477.1,13.9123854755229
979,3631.2,6.739972239859481
980,3631.1,6.739972239859481
981,8821.1,62.8777482527575
982,2595.1,1.5346770421582498
983,84693.1,7.01879847240128
984,4594.1,9.26568094786891
985,116255.1,0.0
986,80168.1,0.0
987,4507.1,0.664160541041364
988,10797.1,155.396505347388
989,56913.1,1.13973711427019
990,443.1,0.0
991,91703.1,0.10798151496002
992,4668.1,9.381002789199789
993,9498.1,0.893688863624606
994,57282.1,3.99147172107256
995,6528.1,0.0
996,481.1,31.7441112729058
997,478.1,0.502084745189041
998,477.1,0.0117528440596137
999,23439.1,0.0
1000,483.1,38.398006910083396
1001,476.1,84.9450322564804
1002,480.1,0.0
1003,482.1,0.0
1004,6548.1,6.999719169724011
1005,6550.1,0.0
1006,6549.1,12.342870522028699
1007,84735.1,0.0
1008,55748.1,7.611218019261321
1009,6559.1,0.0
1010,123041.2,0.0
1011,57419.1,7.27327278060611
1012,9187.1,4.34756322867357
1013,123041.3,0.0
1014,25769.1,0.0258996253594143
1015,123041.1,0.0
1016,124583.1,39.20134585021079
1017,79077.1,68.5586207929197
1018,9583.1,6.011939133420889
1019,1841.1,43.94731549716929
1020,4832.1,60.2774955850323
1021,4831.1,0.6206333054374129
1022,4830.1,63.4621911214272
1023,10201.1,6.39246595002509
1024,29922.2,3.11567957158788
1025,29922.1,3.11567957158788
1026,4830.2,63.4621911214272
1027,4833.1,60.912039606301896
1028,57127.1,0.73276046691736
1029,6005.1,0.0
1030,6557.1,0.029193904302476002
1031,6558.1,22.2466858323787
1032,349565.1,1.35902511768964
1033,64802.1,4.67796142566814
1034,23057.1,1.61633181848739
1035,23057.2,1.61633181848739
1036,10135.1,9.903561324414971
1037,4837.1,0.0
1038,5409.1,0.0669732678664245
1039,4846.1,0.0548022523708865
1040,201288.1,0.0
1041,4842.1,0.0
1042,4843.2,0.0
1043,4843.1,0.0
1044,645740.1,0.0
1045,4860.1,28.916474308705897
1046,6580.1,0.0736495117775581
1047,55808.1,0.0
1048,30833.1,37.3613959186645
1049,5251.1,0.406948950185
1050,56953.1,1.70444047586333
1051,4907.1,0.0496496001348829
1052,3704.2,17.199038749651898
1053,6476.1,0.0
1054,5009.1,0.0
1055,5019.1,37.6577673466316
1056,64064.1,0.885045860006741
1057,1629.1,3.03785993330075
1058,594.1,4.06530622727984
1059,593.1,18.244412563396
1060,594.2,4.06530622727984
1061,26873.1,4.39291887513161
1062,4942.1,34.693680662059606
1063,7372.1,12.0834996428272
1064,1836.1,10.352184496136099
1065,10861.1,0.137287011685111
1066,10861.3,0.137287011685111
1067,10861.2,0.137287011685111
1068,1811.1,0.0
1069,1583.1,0.0259955498977825
1070,1584.1,0.0
1071,1585.1,0.0
1072,1586.1,0.0
1073,1588.1,0.0349367768661089
1074,1588.2,0.0349367768661089
1075,1576.1,0.0
1076,1589.1,0.0141308606249271
1077,1593.1,0.21426772484434803
1078,1553.1,0.0
1079,1548.1,0.0327064234501458
1080,1562.1,0.0
1081,1558.1,0.15709038658015398
1082,1558.2,0.15709038658015398
1083,1559.1,0.0
1084,1565.1,0.211537024484668
1085,1572.1,0.0
1086,51302.1,0.0617851978204338
1087,64816.1,0.0853176475575521
1088,64816.3,0.0853176475575521
1089,64816.2,0.0853176475575521
1090,1577.1,0.0918390379116949
1091,1551.1,0.0
1092,10858.1,0.22833316745351
1093,66002.1,0.0
1094,4051.1,0.0
1095,8529.1,0.0
1096,9420.1,0.0
1097,1582.1,0.0
1098,5831.1,150.455120244624
1099,5831.2,150.455120244624
1100,5051.1,7.50292004881588
1101,5049.1,21.5424132777382
1102,5050.1,42.5001920487935
1103,5048.1,17.9783259766887
1104,7941.1,0.0
1105,347734.1,42.1816025841371
1106,57194.1,0.0
1107,5338.1,6.9791868712401905
1108,5337.1,1.7765614494078001
1109,130013.1,0.0
1110,5091.1,7.29849121982779
1111,5091.2,7.29849121982779
1112,5244.1,0.340417915328105
1113,5244.3,0.340417915328105
1114,5244.2,0.340417915328105
1115,5139.1,0.0
1116,5142.1,0.907867657678194
1117,5151.3,28.8588612423057
1118,5153.1,0.0
1119,5150.2,7.593868095140049
1120,5143.1,0.12005839492265401
1121,5150.1,7.593868095140049
1122,5137.1,0.0480410573059636
1123,5144.1,0.6792385618452861
1124,5136.2,0.420353572815207
1125,5140.2,5.21552923826958
1126,5151.2,28.8588612423057
1127,10846.1,0.31078343270944897
1128,5151.5,28.8588612423057
1129,5140.1,5.21552923826958
1130,5141.1,0.27702867352389
1131,5138.1,0.044839002166107
1132,5136.1,0.420353572815207
1133,5151.4,28.8588612423057
1134,5151.1,28.8588612423057
1135,27115.1,0.5371529443164249
1136,50940.1,0.22871848382570398
1137,8622.1,0.127498609852884
1138,5146.1,0.0
1139,5152.17,1.00089817788254
1140,5152.6,1.00089817788254
1141,5152.11,1.00089817788254
1142,5152.2,1.00089817788254
1143,8654.2,5.48510785428062
1144,5152.10,1.00089817788254
1145,5145.1,0.0870818669032417
1146,5158.1,1.5133968915096203
1147,5149.1,0.0
1148,5152.12,1.00089817788254
1149,5152.15,1.00089817788254
1150,5152.5,1.00089817788254
1151,5152.20,1.00089817788254
1152,5152.19,1.00089817788254
1153,5152.16,1.00089817788254
1154,8654.3,5.48510785428062
1155,5152.14,1.00089817788254
1156,5152.13,1.00089817788254
1157,5152.7,1.00089817788254
1158,5152.3,1.00089817788254
1159,8654.1,5.48510785428062
1160,5152.18,1.00089817788254
1161,5147.1,6.66341627126704
1162,5148.1,0.205829867225844
1163,5152.4,1.00089817788254
1164,5152.1,1.00089817788254
1165,5161.1,0.0
1166,5162.1,33.960521801246
1167,1737.1,16.150019494710698
1168,5160.1,27.679768623554395
1169,55163.1,31.2351724226343
1170,10396.1,6.73946005321677
1171,5105.1,0.0
1172,5106.1,67.3939105042302
1173,8310.1,9.950110313620462
1174,5833.1,32.1953197461316
1175,10400.2,17.3804107742215
1176,10400.1,17.3804107742215
1177,10400.3,17.3804107742215
1178,26227.1,47.9028296034595
1179,5730.1,0.0
1180,27306.1,0.0
1181,80142.4,18.3287930405529
1182,80142.2,18.3287930405529
1183,9536.1,0.40443574225465795
1184,80142.1,18.3287930405529
1185,9536.2,0.40443574225465795
1186,80142.3,18.3287930405529
1187,5740.1,0.012526857883993001
1188,114971.1,6.60894162729756
1189,9489.1,8.91822364972967
1190,5743.1,0.0
1191,5742.1,0.0242403677168064
1192,6898.1,0.0188222002477911
1193,5053.1,0.313839599532475
1194,5264.1,9.05885192617616
1195,5728.1,58.7606034045933
1196,8871.1,2.9120138161358398
1197,8394.1,59.45790668109839
1198,23396.1,4.80203275306208
1199,8395.1,0.0770027259725868
1200,55361.1,8.21180758071903
1201,5297.1,24.9707253345046
1202,5298.1,55.8247567981756
1203,5291.1,10.7740292491623
1204,5295.3,10.0970666933834
1205,5293.1,0.30789397719324
1206,8503.1,55.032878876954605
1207,5296.1,13.498725660933001
1208,5290.1,11.4488354699455
1209,5295.1,10.0970666933834
1210,5295.2,10.0970666933834
1211,10870.1,0.0
1212,5294.1,0.0
1213,23533.1,0.0152185569653107
1214,4952.1,28.9658214024011
1215,4952.2,28.9658214024011
1216,23236.2,6.7071851499086295
1217,5336.1,1.2257361157623898
1218,9651.1,0.13261782659237198
1219,113026.1,10.151574301997801
1220,89869.1,0.0
1221,84812.1,0.23069181503373198
1222,5330.1,0.0246316844091991
1223,5335.1,63.3879798277969
1224,51196.1,0.0559012280200353
1225,5333.1,2.22497934283614
1226,5332.2,13.4513180558987
1227,5331.1,13.613626227021301
1228,5335.2,63.3879798277969
1229,5334.1,0.3896407253996211
1230,5332.1,13.4513180558987
1231,257068.1,0.5554914992123922
1232,23236.1,6.7071851499086295
1233,23007.1,7.49559567585082
1234,5287.1,9.36336526572995
1235,5286.1,25.634809284271697
1236,5288.1,0.6777355193628279
1237,200576.2,10.023981387313599
1238,8396.1,20.5717213538923
1239,200576.3,10.023981387313599
1240,79837.1,23.4177991903044
1241,8396.2,20.5717213538923
1242,5305.1,12.534215594585
1243,200576.1,10.023981387313599
1244,5289.1,3.73681900881339
1245,5279.1,13.2590026607515
1246,51227.2,10.2783375688077
1247,5283.1,10.7084937773014
1248,5277.2,6.097411800348611
1249,9091.1,9.205907471345071
1250,8818.1,22.427467305085603
1251,51227.1,10.2783375688077
1252,9091.2,9.205907471345071
1253,5277.3,6.097411800348611
1254,5279.2,13.2590026607515
1255,5277.1,6.097411800348611
1256,8818.2,22.427467305085603
1257,51227.3,10.2783375688077
1258,8398.1,1.5418870786053203
1259,5320.1,0.0
1260,8398.2,1.5418870786053203
1261,81579.1,15.150415040713401
1262,5322.1,0.0
1263,64600.1,0.0258138965516781
1264,100137049.1,0.06654150997725901
1265,123745.1,0.0
1266,5319.1,0.0
1267,26279.1,0.0
1268,8399.1,0.281596729083301
1269,30814.1,0.0
1270,10654.1,13.832274125748501
1271,117283.1,0.0
1272,9807.2,9.049261694147
1273,9807.1,9.049261694147
1274,51447.3,17.147375149965903
1275,51447.4,17.147375149965903
1276,51447.6,17.147375149965903
1277,51447.5,17.147375149965903
1278,51447.1,17.147375149965903
1279,51447.2,17.147375149965903
1280,8876.1,0.0
1281,8875.2,0.0
1282,55350.3,0.0
1283,55350.2,0.0
1284,8875.1,0.0
1285,55350.1,0.0
1286,27068.4,46.80352061685039
1287,27068.1,46.80352061685039
1288,27068.3,46.80352061685039
1289,27068.2,46.80352061685039
1290,8612.1,31.648901488772804
1291,8611.1,3.38811994279382
1292,8613.1,3.4796945268252997
1293,8611.2,3.38811994279382
1294,5498.1,3.78949213298661
1295,8288.1,0.0
1296,9588.1,232.502952989963
1297,4353.1,0.0
1298,6820.2,13.887729361761998
1299,5625.1,1.4865395435733602
1300,6578.1,0.7145997222970151
1301,23761.1,37.587368345159895
1302,9791.1,81.6804263122098
1303,81490.1,6.331786788470111
1304,10965.1,1.77846357098853
1305,10005.1,8.6861996020389
1306,10005.3,8.6861996020389
1307,10005.2,8.6861996020389
1308,122970.1,15.181592284054199
1309,5805.1,5.22059390509186
1310,6303.1,25.5038679575918
1311,112483.1,5.729631406041861
1312,8566.1,27.2917857646202
1313,7378.2,0.9876358075611559
1314,151531.1,0.0
1315,7378.1,0.9876358075611559
1316,2944.1,0.236921467422828
1317,2944.2,0.236921467422828
1318,64080.1,1.55871422639872
1319,5959.1,0.47863214132303
1320,8608.1,0.203679584225226
1321,157506.1,8.29510108137235
1322,112724.1,7.67600857076805
1323,145226.1,0.10726640558942402
1324,51109.1,68.0544450480686
1325,195814.1,0.3967913709272079
1326,57665.1,0.7457473376926371
1327,50700.1,0.0
1328,8228.1,3.29043982160143
1329,113278.1,3.95738399774288
1330,54981.1,11.036455529017198
1331,6484.1,8.93186448202691
1332,6482.1,19.9458324111705
1333,6483.1,1.03607826235266
1334,6482.2,19.9458324111705
1335,10090.1,3.38871618344129
1336,9653.1,6.183112212438849
1337,3423.1,16.4282642750248
1338,3423.2,16.4282642750248
1339,9957.1,0.0357190761954264
1340,9951.1,0.0
1341,222537.1,0.260598953183216
1342,9956.1,0.0
1343,9955.1,0.24997699347689603
1344,9953.1,0.207247986389802
1345,64711.1,0.0
1346,113189.1,6.322666503800981
1347,50515.1,2.20250090760165
1348,166012.1,0.0
1349,55501.1,3.15895289897104
1350,411.2,1.25129141305731
1351,411.1,1.25129141305731
1352,23563.2,0.100960852594955
1353,9435.1,0.0
1354,23563.1,0.100960852594955
1355,10164.1,0.0
1356,4166.1,0.0199369364363053
1357,8534.1,0.124699465245708
1358,9469.1,4.58994995470384
1359,56548.1,2.09561702551142
1360,266722.1,1.9516648750782701
1361,9394.1,20.548456054069604
1362,90161.2,5.2640988543009595
1363,90161.1,5.2640988543009595
1364,2799.1,53.1998100774365
1365,10157.1,4.24187622341293
1366,118881.1,15.1174120944028
1367,3176.1,0.789572829590379
1368,1757.1,0.19878589017893697
1369,81537.1,44.8116758576527
1370,6652.1,42.1655921125451
1371,6342.1,10.839943088596199
1372,9056.1,0.0426285968563698
1373,10558.1,13.9018549269969
1374,9517.1,28.0528410282281
1375,55304.1,0.14373947311901097
1376,2098.1,66.9584762244417
1377,8879.1,26.2996347895968
1378,8869.1,20.7465444289788
1379,56848.1,1.9669199258941699
1380,8877.1,5.09645239397291
1381,130752.1,0.5757217006605899
1382,55512.1,0.359665133336183
1383,55512.2,0.359665133336183
1384,339221.1,0.0
1385,55627.1,16.133257152202
1386,6609.1,4.934226414247349
1387,6610.1,10.1394587426726
1388,259230.1,11.2970228765922
1389,115111.1,0.449847093862791
1390,115019.2,0.0
1391,115111.2,0.449847093862791
1392,116369.2,0.0
1393,284129.1,11.5868798889297
1394,116369.1,0.0
1395,115019.1,0.0
1396,26266.1,0.0
1397,6646.1,8.012417583639781
1398,6649.1,0.0
1399,6648.1,13.1768201487103
1400,6647.1,308.31799714517103
1401,6697.1,28.238757390675502
1402,6611.1,72.4398015259252
1403,6723.1,32.1993582708747
1404,6713.1,236.84041951368098
1405,2222.1,57.4696011992566
1406,6715.1,14.8191551261112
1407,6716.1,0.08619073032011398
1408,15.1,0.0326607653438869
1409,6532.1,0.0
1410,6487.6,1.20951516885516
1411,6487.11,1.20951516885516
1412,6487.5,1.20951516885516
1413,6487.7,1.20951516885516
1414,6487.9,1.20951516885516
1415,6487.1,1.20951516885516
1416,6487.8,1.20951516885516
1417,6487.4,1.20951516885516
1418,6487.3,1.20951516885516
1419,6487.10,1.20951516885516
1420,6487.2,1.20951516885516
1421,10402.1,0.0891162832961057
1422,10610.1,42.079447373731206
1423,256435.1,0.0
1424,30815.1,6.49840802867105
1425,81849.1,0.310871979584703
1426,6489.1,0.223988833276137
1427,29906.1,0.0
1428,412.1,4.66401535059397
1429,6389.1,51.9153020005641
1430,6392.1,32.226908755484
1431,6391.1,18.0406768654983
1432,6390.1,45.7907638330459
1433,6821.1,7.73867523880142
1434,6533.1,15.111664575309801
1435,5092.1,46.7454769036666
1436,5092.2,46.7454769036666
1437,23530.2,30.9661393602847
1438,23530.1,30.9661393602847
1439,79178.1,8.655115057796191
1440,6567.1,7.77983216332333
1441,1890.1,1.1362532217115902
1442,55217.1,11.9758461574661
1443,7296.3,39.39375940488021
1444,7296.1,39.39375940488021
1445,7296.4,39.39375940488021
1446,7296.2,39.39375940488021
1447,80162.1,1.85365791843335
1448,11181.1,0.0
1449,7166.1,0.0
1450,121278.1,0.0295155528696438
1451,6999.1,2.06071593435152
1452,169355.1,0.0
1453,6561.1,0.0
1454,6916.1,0.10276425289020899
1455,7054.1,0.0367476359811586
1456,7054.3,0.0367476359811586
1457,7054.2,0.0367476359811586
1458,7306.1,3.0505904348058395
1459,10020.1,2.12768543904056
1460,29880.1,31.321843442443104
1461,7355.1,14.297917652405
1462,7358.1,130.405586136167
1463,23169.1,5.68888120951473
1464,80146.1,6.00584657194747
1465,5168.1,0.0204212931987235
1466,84912.1,3.3051960369395696
1467,3906.1,0.0
1468,7357.1,17.1704511985782
1469,11046.1,5.511191532514959
1470,54576.1,0.0
1471,54575.1,0.0
1472,54578.1,0.0148861049255595
1473,54579.1,0.0
1474,54600.1,0.0
1475,54658.1,0.0
1476,54659.1,0.0
1477,54577.1,0.0
1478,54657.1,0.0
1479,7364.1,0.0743910807885669
1480,54490.1,0.0
1481,7367.1,0.371901653161918
1482,10720.1,2.26280138324778
1483,7363.1,0.0
1484,7365.1,0.40881243377655796
1485,7366.1,1.45482709453326
1486,54963.1,17.685598046572
1487,7498.1,0.0491082628819401
1488,9942.1,3.6644329373982596
1489,64131.1,3.12748518050443
1490,64132.1,23.061485308814998
1491,51181.1,98.97437170370449
1492,64077.1,5.08862889249093
1493,5464.1,139.675167757233
1494,10724.1,30.9051976476132
1495,1356.1,0.0451007130756709
1496,2512.1,317.761053449323
1497,2495.1,483.948724614552
1498,94033.1,0.0
1499,1727.1,12.093806864586801
1500,51706.1,34.4356059220143
1501,51700.1,0.0
1502,10587.1,5.84090562735904
1503,80347.1,14.928872941298001
1504,22978.1,27.8962865884441
1505,84618.1,0.06340378023849401
1506,51251.1,29.780696322151197
1507,93034.1,0.0
1508,100526794.1,0.0
1509,3251.1,15.02965326599
1510,353.1,145.50743301520902
1511,56954.1,27.7711726313254
1512,5313.1,0.0
1513,92086.1,0.0
1514,728441.1,0.0
1515,102724197.1,0.0
1516,2686.1,2.7199798089038394
1517,124975.1,1.29287113200449
1518,91227.1,0.221646267549514
1519,5211.1,36.86740795784829
1520,1491.1,0.766383818642542
1521,2819.1,0.0816851727948942
1522,29926.1,24.6089353174519
1523,29925.1,13.422062852216802
1524,875.1,70.8992787569835
1525,102724560.1,0.0
1526,249.1,0.0
1527,22934.1,7.080031174450589
1528,51292.1,41.8915327389555
1529,2766.1,0.741259244610037
1530,57571.1,0.135681393241857
1531,8833.1,79.1043736628939
1532,11332.1,10.747713339136
1533,5538.1,110.68105283402001
1534,641371.1,1.7889885656078002
1535,9374.1,0.46835812798744203
1536,55825.1,4.45145035860258
1537,51102.1,5.08455065914974
1538,37.1,33.5907366028943
1539,33.1,0.965673615330378
1540,132158.1,1.57082114311245
1541,641649.1,0.8050448545235122
1542,93100.1,7.10480399443923
1543,23475.1,19.060057627756397
1544,50484.1,27.521788625435
1545,6240.1,40.1984165637896
1546,6241.1,38.323375468120005
1547,3156.1,57.8391645826704
1548,79966.1,3.82227057785577
1549,10588.1,0.19327926556573202
1550,84890.1,13.2497726264718
1551,79646.1,85.6678856950307
1552,80025.1,10.350793642309801
1553,53354.1,5.17835647791753
1554,55229.1,7.19944884943508
1555,83594.1,7.41276352698215
1556,7263.1,32.158151449727804
1557,26275.1,12.6331132896753
1558,29920.1,12.256609691974198
1559,7389.1,15.660605110834501
1560,1595.1,44.9026528687207
1561,130367.1,0.574882972423039
1562,10478.1,10.1756553195772
1563,23443.1,8.74321978977843
1564,64240.1,0.0
1565,64241.1,0.0
1566,284111.1,0.0
1567,8435.1,0.20314901512015301
1568,3988.1,21.453024366159397
1569,771.1,5.879899097634279
1570,760.1,3.66527891415913
1571,768.1,0.0
1572,23632.1,0.120944258570958
1573,765.1,0.0
1574,759.1,0.0
1575,762.1,3.8759831883520097
1576,766.1,0.0
1577,767.1,4.84055067062157
1578,377677.1,0.422205259696406
1579,10057.1,45.0601015144126
1580,6556.1,0.107774256773916
1581,6568.1,0.0
1582,7779.1,14.2254141487221
1583,54020.1,14.188848630713698
1584,215.1,3.8312218735814905
1585,5825.1,5.46722131279725
1586,641372.1,0.0699083513187379
1587,9045.1,428.81378270435096
1588,4017.1,0.14737634587719198
1589,84105.1,5.46037728088409
1590,25830.1,0.0
1591,84569.1,0.0
1592,4025.1,0.0164683211459439
1593,54995.1,14.754645118800301
1594,93492.1,0.0486740532066663
1595,1267.1,8.709654174867929
1596,10249.1,0.0
1597,1580.1,1.51742891502386
1598,1555.1,0.0
1599,1549.1,0.0
1600,1573.1,11.6413027975207
1601,199974.1,0.4784707925601289
1602,260293.1,0.0487416560583423
1603,29785.1,0.0535581722426653
1604,57834.1,1.38515315950187
1605,1215.1,0.0
1606,1357.1,0.0
1607,1358.1,0.0
1608,57094.1,0.05873471525022
1609,93979.1,0.0
1610,7177.1,0.0
1611,64499.1,0.0
1612,23430.1,0.0
1613,1636.1,0.10787482557209101
1614,9365.1,0.0396766448411605
1615,9331.1,2.47140791281735
1616,7368.1,2.60411161552721
1617,5315.1,377.368602379302
1618,26063.1,7.714695494564
1619,1666.1,61.0943537047727
1620,874.1,8.20542986881445
1621,10901.1,4.52575435766479
1622,126410.1,0.18831578883407102
1623,2053.1,1.13285870080863
1624,8897.1,12.957422615088301
1625,8897.3,12.957422615088301
1626,8897.2,12.957422615088301
1627,8898.1,6.545668092177769
1628,2880.1,0.0
1629,9152.1,0.0
1630,9497.1,13.561911867875303
1631,115584.1,0.10348394356655
1632,6574.1,26.4805556572474
1633,6575.1,5.413476483492429
1634,142680.1,0.15329071192795599
1635,6534.1,0.0
1636,3293.1,0.18568249926987498
1637,1622.1,157.556613656927
1638,225.1,0.0
1639,28965.1,2.0505465442073403
1640,23205.1,0.023553015008058
1641,26061.1,12.82400790412
1642,54716.1,0.0
1643,6564.1,0.0
1644,113235.1,4.34216432229863
1645,1200.1,4.620817682918821
1646,2168.1,0.0
1647,51056.1,34.339906575715396
1648,9390.1,0.24675463379535803
1649,5184.1,5.752286310954321
1650,4891.1,12.073067415029
1651,30061.1,0.0
1652,248.1,0.0
1653,4524.1,4.1349049565954195
1654,65263.1,10.134631975556099
1655,25796.1,31.2248287940483
1656,28982.1,4.46726018280466
1657,6120.1,30.448441861488398
1658,6120.2,30.448441861488398
1659,10864.1,0.0
1660,9356.1,0.0
1661,9376.1,0.0
1662,348932.1,0.0
1663,120103.1,2.27790619793956
1664,1080.1,0.0112282810308771
1665,85320.1,3.31574838513598
1666,222962.1,2.13647272767663
1667,10351.1,0.0102359610214398
1668,9429.1,2.12166024150316
1669,55867.1,0.0
1670,360.1,7.20913876995793
1671,364.1,0.0299564595493013
1672,89872.1,0.0783785424053745
1673,21.1,22.4164157638522
1674,24.1,0.0
1675,10057.2,45.0601015144126
1676,125206.1,0.0576729537584329
1677,200010.1,0.0
1678,6524.1,0.0
1679,159963.1,0.6819096364581401
1680,79581.1,26.9106398829735
1681,55065.1,0.0
1682,3764.1,2.55602958182885
1683,6833.1,1.26895073470707
1684,10060.1,3.9784651942932405
1685,3767.1,3.67754360980398
1686,5950.1,0.0
1687,64220.1,0.0110776491041687
1688,5947.1,0.0
1689,5948.1,0.0
1690,949.1,19.5506641535923
1691,29881.1,0.133437233315614
1692,2350.1,0.0
1693,3248.1,5.37945571720217
1694,166929.1,4.505418551747731
1695,56261.1,2.6513721578209504
1696,3658.1,30.1866068260737
1697,122481.1,4.897590431296639
1698,203.1,7.55775298881692
1699,159.1,23.1324416985482
1700,122622.1,1.4523981439521398
1701,122622.2,1.4523981439521398
1702,11212.1,11.6934439322217
1703,383.1,0.0
1704,1371.1,10.3466341761833
1705,1503.1,16.5258415714307
1706,56474.1,17.084472393695098
1707,1491.2,0.766383818642542
1708,2987.1,79.9583526153983
1709,5860.1,3.96933845387146
1710,9453.1,28.6784774016653
1711,2023.1,271.40749732894403
1712,2027.1,1.72894930923931
1713,2027.2,1.72894930923931
1714,2026.1,6.88706600189524
1715,9843.1,0.0
1716,80308.1,16.9016295222586
1717,80308.2,16.9016295222586
1718,7360.1,29.9637862496489
1719,7360.2,29.9637862496489
1720,2597.1,1076.5354625930302
1721,26330.1,0.0
1722,2673.1,18.6055016383198
1723,9945.1,0.9557314426052891
1724,2752.1,52.225302344895404
1725,51557.1,0.0
1726,1800.1,0.227759820629571
1727,2762.1,5.62301468527603
1728,2643.1,13.1861361465113
1729,761.1,0.0400845144054899
1730,766.2,0.0
1731,771.2,5.879899097634279
1732,358.1,0.0556164696703747
1733,361.1,0.01345370610006
1734,4284.1,0.12544769387669902
1735,359.1,0.0
1736,362.1,0.0
1737,3145.1,10.922187479809502
1738,586.1,0.0
1739,3614.1,34.425535364634904
1740,3615.1,157.974849118624
1741,3614.2,34.425535364634904
1742,682.1,83.2977431334963
1743,29926.2,24.6089353174519
1744,29925.2,13.422062852216802
1745,4351.1,18.0951114303057
1746,100287639.1,0.0
1747,441024.1,2.17824780177971
1748,65220.1,13.631294426073199
1749,389015.1,0.627587103622154
1750,6553.1,1.2583503237372802
1751,2821.1,52.861745915263604
1752,5230.1,213.36325542886902
1753,375056.1,20.9107980239995
1754,5232.1,0.0415313519076999
1755,5236.1,8.49875389142536
1756,55276.1,17.2926918885249
1757,5372.1,10.9959352529436
1758,5373.1,28.7175923938588
1759,80025.2,10.350793642309801
1760,53354.3,5.17835647791753
1761,53354.2,5.17835647791753
1762,80025.3,10.350793642309801
1763,80025.4,10.350793642309801
1764,210.1,9.11094032475167
1765,210.2,9.11094032475167
1766,60490.1,8.382071181551781
1767,79717.1,33.3734675517805
1768,58510.1,0.0
1769,153201.1,0.0
1770,221823.2,0.0
1771,5631.1,21.681446116044803
1772,221823.1,0.0
1773,5634.1,19.536576850345302
1774,29968.1,0.0
1775,29968.2,0.0
1776,8781.1,0.0
1777,5723.1,16.2171072406203
1778,55312.1,7.25993192564595
1779,6888.1,74.3884932727133
1780,79896.1,5.566633271214809
1781,7086.1,154.602958963237
1782,84076.1,0.0
1783,8277.1,0.0
1784,27010.1,2.50427451172281
1785,7167.1,221.606460389394
1786,286016.1,0.487174906363996
1787,2582.1,6.11673458422295
1788,2582.2,6.11673458422295
1789,6675.1,32.5151042253914
1790,91373.1,9.735376618696131
1791,7390.1,15.8638137560655
1792,6563.1,0.454967665520055
1793,8170.1,0.0
1794,374569.1,0.0
1795,100507855.1,0.0
1796,31.5,41.528736983815605
1797,31.4,41.528736983815605
1798,31.2,41.528736983815605
1799,31.3,41.528736983815605
1800,31.1,41.528736983815605
1801,93034.2,0.0
1802,55191.1,18.006963102710603
1803,132.1,24.4607572838913
1804,132.2,24.4607572838913
1805,112611.1,10.565399820646501
1806,98.1,4.88214296361792
1807,97.2,7.98055802984403
1808,97.1,7.98055802984403
1809,51005.1,10.5143630204172
1810,471.1,40.024553272371
1811,435.1,9.23927523222026
1812,171425.1,0.197960470860582
1813,171425.2,0.197960470860582
1814,132789.1,3.05918864117447
1815,10007.1,19.0413981474869
1816,2584.1,18.48833593996
1817,2585.2,17.2240453310461
1818,2585.1,17.2240453310461
1819,2592.1,6.7702695887631394
1820,2592.3,6.7702695887631394
1821,2592.2,6.7702695887631394
1822,5471.1,16.6843399668102
1823,84264.2,28.0608771155666
1824,84264.1,28.0608771155666
1825,3034.1,0.35874257461800607
1826,144193.1,0.295735890691065
1827,2739.1,201.644659925585
1828,3612.1,2.86839970932163
1829,3613.1,8.21893338137752
1830,8776.1,17.7643925938652
1831,2978.1,0.0308518614171485
1832,4953.1,44.7970590555962
1833,5214.1,44.5418638384875
1834,5211.2,36.86740795784829
1835,5213.1,17.2564698210093
1836,10050.1,0.0
1837,10786.1,0.0
1838,10246.1,0.0
1839,6569.1,0.0
1840,10568.1,0.0
1841,5198.1,5.955572122884259
1842,5315.2,377.368602379302
1843,5313.2,0.0
1844,5315.3,377.368602379302
1845,113675.1,4.02800486221021
1846,7298.1,19.5976558736663
1847,131669.1,0.0
1848,5973.1,2.14715113023833
1849,1635.1,22.307542647347898
1850,286297.1,0.0
1851,10560.1,20.7513981238487
1852,191.1,82.91298616375421
1853,10768.2,25.1478689228548
1854,10768.1,25.1478689228548
1855,51660.1,5.44742568007264
1856,25874.1,14.380411713197699
1857,5205.1,13.512694380924199
1858,57198.1,24.523127185487198
1859,23250.1,3.59334525105077
1860,286410.1,18.0755033169729
1861,5243.1,0.014882948414761003
1862,55856.1,7.141823166772991
1863,7350.1,0.0
1864,26027.1,0.177104775118821
1865,10058.1,8.09981877283809
1866,51458.1,0.21315223126598298
1867,948.1,0.0
1868,10928.1,25.4706950314253
1869,1728.1,178.51749105798697
1870,2946.1,0.17784117751016798
1871,125981.1,0.0645110153713353
1872,55331.1,5.47904604530925
1873,340485.1,2.06140930327155
1874,5660.1,129.78061810414601
1875,2760.1,5.7648195889946
1876,57704.1,8.457682970474771
1877,4759.1,0.0
1878,10825.1,6.37074039748473
1879,7903.1,11.456145493582099
1880,3991.1,0.0
1881,9388.1,0.0
1882,13.1,0.087407203890427
1883,747.1,0.9507924293978821
1884,221955.1,7.982111987505809
1885,5408.1,0.0
1886,5406.1,0.0
1887,57104.1,9.20722104009044
1888,8513.1,0.0
1889,5407.1,0.0
1890,119548.1,0.152053693076284
1891,2170.1,0.0
1892,2169.1,0.0
1893,2173.1,0.0
1894,2171.1,13.0582297160954
1895,2172.1,0.32381999872670303
1896,2167.1,0.0
1897,646486.1,0.0
1898,646480.1,0.0
1899,6296.1,0.7597367205763249
1900,348158.1,0.0
1901,54988.1,0.0
1902,123876.1,0.0
1903,341392.1,0.0
1904,344967.1,0.60919515569509
1905,51099.1,5.375877776358171
1906,154141.1,3.25019609743056
1907,253558.1,8.05783510426734
1908,9663.1,6.81710238529905
1909,64748.1,6.1859333497139
1910,9890.1,0.181689327242566
1911,79948.1,0.30795459476715004
1912,64900.1,14.484510819133199
1913,23175.1,19.849448046575198
1914,84513.1,7.45111576961441
1915,196051.1,0.0
1916,85465.1,22.129635237746896
1917,23646.1,20.9101704490288
1918,122618.1,0.0
1919,201164.1,3.85547391892302
1920,590.1,0.0286832794131642
1921,55750.1,5.8382553548969005
1922,79603.1,21.0324170915295
1923,91012.1,5.79213153520428
1924,29956.1,288.14595615471296
1925,204219.1,0.0
1926,253782.1,41.5636628266414
1927,10715.1,0.340117987649401
1928,56624.1,1.5094190263228602
1929,55830.1,13.207266676928198
1930,55624.1,8.80349761769947
1931,55757.1,5.267614202588111
1932,168391.1,0.0
1933,83468.1,0.0930463783349706
1934,8702.1,4.54144191032112
1935,140687.1,0.0
1936,3703.1,41.8057184012401
1937,56886.1,18.7996734793036
1938,283358.1,0.048820763777425995
1939,8473.1,57.374685237559795
1940,8707.1,0.0197824083213114
1941,148789.1,17.712740397291398
1942,56983.1,8.43330122576787
1943,201595.1,69.5844334401088
1944,124872.1,0.232851134155493
1945,146664.1,0.248530668674905
1946,8708.1,0.16187265849634
1947,84750.1,3.51100979115071
1948,2529.1,0.0290753872096159
1949,338707.1,7.72189756662562
1950,145173.1,3.87475507930869
1951,200810.1,16.1561919234427
1952,2526.1,0.510626872992157
1953,170384.1,3.8266046190997005
1954,360203.1,0.0
1955,152586.1,0.0
1956,644378.1,0.0
1957,84752.1,7.52477470238955
1958,644974.1,0.0
1959,51228.1,16.3815370654561
1960,284004.1,5.6933796823501694
1961,79411.1,1.1758657193492401
1962,27090.1,2.36588712552852
1963,129807.1,0.0255787116341155
1964,2524.1,0.0
1965,2527.1,0.0261018909349248
1966,2528.1,0.0
1967,113612.1,2.09854984629372
1968,493869.1,1.12300775558421
1969,64180.1,0.0
1970,64174.1,0.0
1971,10728.1,85.54431759935309
1972,11102.1,8.40773246693984
1973,91179.1,0.34003868347341604
1974,8644.1,1.8809949964322001
1975,10826.1,3.1616209335140897
1976,266740.1,0.0
1977,3930.1,25.4393903857484
1978,4645.1,10.770731374198698
1979,3069.1,142.08689537643698
1980,4864.1,12.3038698320979
1981,285440.1,5.4068394148530805
1982,79644.1,7.154668376669769
1983,1646.1,11.8753678125105
1984,8630.1,0.835571246714439
1985,158160.1,6.132603562059691
1986,51144.1,16.9827312398095
1987,51170.1,2.62314945578265
1988,64834.1,57.6909079366466
1989,83401.1,0.0
1990,79993.1,10.8900941293643
1991,51495.1,80.20858852812691
1992,192286.1,109.36000238504101
1993,9200.1,7.585791045420789
1994,401494.1,0.0
1995,201562.1,59.2488295648364
1996,9524.1,28.236545578625897
1997,253017.1,0.0
1998,283985.1,0.0
1999,3995.1,10.4946621341132
2000,1155.1,45.586501264816505
2001,114571.1,0.0
2002,123096.1,26.198729140957305
2003,57016.1,0.0879548680752041
2004,9917.1,24.257704104918698
2005,79672.1,18.247439222005397
2006,79707.1,8.35719924872217
2007,64122.1,1.52047880255905
2008,55277.1,1.71190206643934
2009,93650.1,0.0
2010,92370.1,3.62434267533262
2011,390928.1,0.450378828016293
2012,139596.1,6.0659314999409295
2013,55066.1,12.8842174281616
2014,8974.1,9.121346032415769
2015,5033.1,23.427044668997002
2016,283208.1,0.0222113875708901
2017,8041.1,0.0
2018,58478.1,40.8093992610819
2019,55256.1,14.855645813553
2020,259307.1,0.0282901994050838
2021,51312.1,6.45364846553261
2022,81894.1,14.7292867194695
2023,9108.1,0.759245027062639
2024,29085.1,40.0593294108275
2025,55613.1,0.0
2026,23371.1,5.38182630471664
2027,51559.1,1.7026472590382902
2028,9896.1,7.934293925323191
2029,163404.1,1.1013307690193799
2030,51496.1,13.064135448127802
2031,374462.1,0.7901958545087541
2032,9107.1,12.0912588211198
2033,8446.1,9.179960182938961
2034,138639.1,4.4313657597774405
2035,84814.1,0.134010472026755
2036,64419.1,28.856908411412896
2037,23203.1,15.5651040503665
2038,22876.1,4.25973849382929
2039,403313.1,6.3614487665268395
2040,22908.1,8.63950575586208
2041,145553.1,0.8030661867736021
2042,9562.1,9.62614504389277
2043,3705.1,23.442927696184803
2044,138429.1,0.9040606931664421
2045,10170.1,0.0
2046,9249.1,0.339423760323378
2047,220074.1,2.07928580305377
2048,1735.1,0.0333910488696541
2049,1734.1,0.0418034453388998
2050,1733.1,0.33961928092264304
2051,27284.1,0.0
2052,6819.1,0.0
2053,84274.1,28.9310314766971
2054,55904.1,9.32220733232655
2055,58508.1,23.017606411704804
2056,9739.1,5.672086248055019
2057,6839.1,7.94711346563322
2058,84444.1,2.51294026677836
2059,9757.1,6.555519650099679
2060,7468.1,16.8443628395631
2061,51111.1,13.278182166987099
2062,55870.1,29.561597632172102
2063,4297.1,21.194817196822
2064,84787.1,5.42214050733741
2065,83852.1,2.94386690895418
2066,23067.1,6.29870550082143
2067,9869.1,43.6351162590787
2068,80854.1,49.9020128295759
2069,54904.1,13.2858142829387
2070,79723.1,11.431815476006902
2071,64324.1,30.7593485484379
2072,8085.1,9.35406068622201
2073,6419.1,6.19169845491621
2074,79813.1,16.2851958916282
2075,29072.1,15.4315636786935
2076,387893.1,32.402304834422495
2077,64754.1,8.38105200457318
2078,10919.1,2.14523510455445
2079,28972.1,49.4682844364814
2080,9789.1,10.6785264794288
2081,60559.1,31.001220406820302
2082,23478.1,117.64924524037201
2083,90701.1,10.0316160502981
2084,57171.1,16.4825644273762
2085,4249.1,13.675669951750601
2086,25834.1,0.0
2087,7837.1,10.329481726210199
2088,137902.1,0.17521444075060402
2089,23262.1,14.8716694090117
2090,9677.1,11.5661728869066
2091,26007.1,9.604499655042948
2092,158584.1,5.82574227083009
2093,283209.1,0.198154526923457
2094,221223.1,0.0
2095,23491.1,0.373686029780624
2096,1066.1,0.0
2097,1208.1,0.0
2098,55244.1,0.385648267714356
2099,146802.1,0.0
2100,345274.1,0.0467296835712469
2101,116085.1,0.0
2102,123688.1,1.74596976925405
2103,51171.1,0.34044293318033697
2104,10202.1,14.6171698605564
2105,10553.1,21.5310208401025
2106,84869.1,6.000527191431151
2107,1487.1,27.6775841730087
2108,56898.1,3.1007705580128997
2109,374875.1,1.39521754623798
2110,121214.1,0.0397665635830101
2111,100288072.1,0.0
2112,93517.1,7.96728475245551
2113,51741.1,12.019661846228399
2114,340811.1,0.0
2115,441282.1,0.0
2116,133121.1,0.0
2117,85007.1,11.1386235937043
2118,250.1,0.0
2119,251.1,0.0
2120,123264.1,0.0
2121,200931.1,0.0
2122,10941.1,0.0
2123,79799.1,0.0
2124,0,0.0
2125,5446.1,0.0
2126,513.1,36.5033896456211
2127,498.2,157.922965629029
2128,506.1,312.780205392467
2129,509.2,155.630447861728
2130,514.1,7.194668137996759
2131,513.2,36.5033896456211
2132,514.2,7.194668137996759
2133,509.1,155.630447861728
2134,498.1,157.922965629029
2135,498.3,157.922965629029
2136,10632.1,101.119138308355
2137,4905.1,16.5892239063513
2138,10476.1,218.23723867562802
2139,9551.3,49.0354413825295
2140,522.5,29.6782527999684
2141,516.2,77.90214403578521
2142,521.1,131.08638323455298
2143,515.1,89.1396929466432
2144,518.3,36.585638217714894
2145,515.2,89.1396929466432
2146,10476.2,218.23723867562802
2147,522.3,29.6782527999684
2148,517.2,152.07396690202802
2149,9551.2,49.0354413825295
2150,518.2,36.585638217714894
2151,9551.1,49.0354413825295
2152,522.4,29.6782527999684
2153,522.2,29.6782527999684
2154,515.3,89.1396929466432
2155,522.1,29.6782527999684
2156,517.1,152.07396690202802
2157,516.1,77.90214403578521
2158,518.1,36.585638217714894
2159,539.1,16.301725484286898
2160,267020.1,0.0878447868886268
2161,27109.1,5.51672097830762
2162,7384.1,65.2830729900528
2163,7388.1,161.932219949317
2164,4519.1,0.0
2165,29796.2,91.13639862625669
2166,10975.1,34.0687746076107
2167,7385.1,63.9463542485556
2168,7386.1,83.31956029737799
2169,1537.1,105.05210377360399
2170,27089.1,81.30292741532341
2171,7381.1,36.2698393203352
2172,29796.1,91.13639862625669
2173,9016.1,8.51018782367983
2174,7352.2,0.4833605834652249
2175,7352.1,0.4833605834652249
2176,7351.1,32.6207826937241
2177,9016.2,8.51018782367983
2178,9481.1,0.523117850680127
2179,4715.1,109.516312235194
2180,4720.1,26.724406259067504
2181,4719.1,49.0844305264793
2182,4700.1,33.5527021569183
2183,55967.1,62.8441304046908
2184,4709.1,41.6797544247994
2185,4710.1,49.9864429669092
2186,4726.1,61.990847821938296
2187,4718.1,9.868856033921801
2188,4696.1,76.8870548495152
2189,4694.1,192.511488965245
2190,374291.1,7.09648185363935
2191,4728.1,48.8117879375629
2192,4712.2,27.9610670851758
2193,4717.1,41.9775352547606
2194,4705.1,13.0968381482389
2195,4725.1,195.19880865452302
2196,4716.1,129.810916904971
2197,4537.1,0.0
2198,7991.1,22.932171116058804
2199,4722.1,26.918976724703
2200,4541.1,0.0
2201,4539.1,0.0
2202,4707.1,112.826839349251
2203,4701.1,46.79198981600861
2204,4723.1,71.2126268367722
2205,4698.1,8.37180000934457
2206,4538.1,0.0
2207,4697.1,103.951884081045
2208,51079.1,4.01990214687776
2209,4714.1,13.1986152032036
2210,4704.1,17.081631227684902
2211,126328.1,2.65175844260226
2212,4711.1,49.4180708771111
2213,4724.1,44.33471816146971
2214,4713.1,59.3898332280109
2215,4536.1,0.0
2216,4695.1,54.2980787386283
2217,4702.1,27.8920223992222
2218,4708.1,61.4272203027282
2219,4535.1,0.0
2220,4731.2,18.4759930169467
2221,4706.1,126.906611060209
2222,4729.1,82.7161626424925
2223,4540.1,0.0
2224,7991.2,22.932171116058804
2225,4731.1,18.4759930169467
2226,4712.1,27.9610670851758
2227,54539.1,82.1149465409937
2228,1351.1,346.371474910217
2229,1347.1,128.646942823058
2230,1329.1,176.37337151440101
2231,1327.1,92.7085165967499
2232,341947.1,0.0
2233,9167.1,71.86001188789879
2234,1350.1,494.42002998463096
2235,4512.1,0.0
2236,1349.1,173.007225503926
2237,1339.1,0.0
2238,1345.1,318.703748225648
2239,4513.1,0.0
2240,9377.1,81.6882266943973
2241,125965.1,0.0
2242,4514.1,0.0
2243,170712.1,0.0
2244,1346.1,0.0
2245,1340.1,223.17399888516601
2246,84701.1,0.0
2247,1337.1,395.850417342072
