,entrez_id,MCF7_FPKM
0,8639.1,0.0251268093982939
1,26.1,0.0
2,314.2,0.744149552934239
3,314.1,0.744149552934239
4,1591.1,0.0294101905439597
5,1594.1,2.8552914777039997
6,10993.1,0.0
7,6818.1,0.9965620897335409
8,89874.1,1.58667493651654
9,92483.1,0.0
10,3948.2,0.0812903163866924
11,55293.1,8.39520647686577
12,3945.1,0.0
13,3939.1,222.245241395781
14,160287.1,0.0
15,3948.1,0.0812903163866924
16,9123.1,3.5465442044912403
17,9194.1,2.52381960765325
18,6566.1,33.1822232947648
19,57835.3,0.35189262477351396
20,8671.1,0.0124406157616821
21,57835.2,0.35189262477351396
22,57835.1,0.35189262477351396
23,57835.4,0.35189262477351396
24,4967.2,26.6657531766961
25,1738.1,32.5857786820545
26,8050.1,20.7845300914007
27,1743.1,34.5678521957504
28,4967.1,26.6657531766961
29,130.1,0.0
30,127.1,0.0
31,125.1,0.0
32,124.1,0.0
33,131.1,0.0
34,126.1,0.0
35,128.1,38.1495673914112
36,137872.1,1.16284276114654
37,1312.1,34.067881101564005
38,1312.2,34.067881101564005
39,117247.1,1.5830652109278998
40,218.1,0.0
41,222.1,68.4150232500841
42,220.1,0.179187581528778
43,221.1,0.19145313133994396
44,3242.1,0.0
45,18.1,36.980705880492
46,18.2,36.980705880492
47,2531.1,8.63447662243567
48,23498.1,0.395794888235965
49,55268.1,4.66459060778592
50,51166.1,4.23382578293472
51,883.1,2.3347434553799
52,51166.2,4.23382578293472
53,1644.1,0.0419689450102585
54,4128.1,6.75627468125424
55,4129.1,3.2039052436541597
56,10165.1,14.0890655338744
57,8604.1,5.419856462513231
58,51380.1,3.47770023423016
59,2571.1,0.37584226526933706
60,2572.1,0.0
61,2571.2,0.37584226526933706
62,2805.1,30.837650540761498
63,2806.1,48.925276206730004
64,8659.1,7.28684489252394
65,8659.2,7.28684489252394
66,6799.1,0.671953430732916
67,6817.3,6.41730118172535
68,6799.2,0.671953430732916
69,6818.2,0.9965620897335409
70,6817.2,6.41730118172535
71,6817.1,6.41730118172535
72,6817.4,6.41730118172535
73,6818.3,0.9965620897335409
74,6817.5,6.41730118172535
75,4363.1,13.3305215376424
76,6822.1,0.0
77,6573.1,10.8547266478913
78,6573.2,10.8547266478913
79,316.1,0.0622030788084106
80,6570.1,0.0
81,6571.1,0.0251813670061551
82,2348.5,0.0835014129924104
83,2348.3,0.0835014129924104
84,2348.1,0.0835014129924104
85,2348.6,0.0835014129924104
86,2352.1,0.0
87,2348.4,0.0835014129924104
88,2348.2,0.0835014129924104
89,4125.1,12.1405978102334
90,53947.1,26.1249026525882
91,51146.1,0.0
92,28.1,0.0
93,206358.1,3.9700358849304402
94,6529.1,0.0
95,6538.1,0.0
96,6540.1,0.0
97,6539.1,2.11402430404162
98,38.1,12.5271135979846
99,3032.1,68.20974085626229
100,10449.1,58.4488303197909
101,3030.1,92.8583492575681
102,39.1,9.78532183504809
103,30.1,14.689638349407
104,32.1,1.6638981089206102
105,9197.1,38.819390488925706
106,84532.1,7.439007096699541
107,79611.1,11.7771676725191
108,64841.1,52.8792680291805
109,55577.1,10.0083336167251
110,5238.1,17.015989088415697
111,9487.1,4.95587359087707
112,162417.1,0.308237035778554
113,43.1,0.0597291938429259
114,43.2,0.0597291938429259
115,6572.1,0.0
116,47.1,82.52879497327692
117,47.2,82.52879497327692
118,54187.1,35.3012643137019
119,26503.1,7.5777043406461395
120,140838.1,6.8961748687467095
121,54.1,2.58624058473454
122,51205.1,11.4875303952751
123,36.1,8.76687533311159
124,34.1,17.390789833875
125,80724.1,6.85998854643476
126,35.1,4.36383174364809
127,84129.1,5.2247087713192695
128,27034.1,6.063678957255981
129,28976.1,20.2491511742178
130,3712.1,19.1145256875411
131,134526.1,0.0511901747133462
132,51.1,21.800627776462697
133,51.2,21.800627776462697
134,95.1,0.868283081685528
135,50.1,39.031807879068204
136,48.1,9.945682743647462
137,8309.1,0.6328604276167961
138,52.1,53.007024424103605
139,52.3,53.007024424103605
140,52.2,53.007024424103605
141,55.1,1.66762250934293
142,788.1,5.3978767999446
143,55902.1,8.59727200790946
144,65985.1,13.0112849041811
145,55902.2,8.59727200790946
146,438.1,0.0
147,1571.1,0.121016540568711
148,100.1,5.518614925249059
149,3177.1,20.9532463572373
150,205.3,30.0867454600386
151,205.1,30.0867454600386
152,204.1,29.8064305604515
153,204.3,29.8064305604515
154,204.2,29.8064305604515
155,205.2,30.0867454600386
156,26289.1,0.0186353805107147
157,26289.2,0.0186353805107147
158,50808.1,16.7147385886128
159,262.1,39.372209389397
160,112.1,9.196607298458972
161,55811.1,0.0533532626889656
162,109.1,17.7195047727455
163,112.2,9.196607298458972
164,114.1,0.0
165,108.1,0.0605609319643243
166,113.1,1.51948259924599
167,107.1,3.0834370662652497
168,196883.1,0.0505701386824191
169,115.1,16.2907182717819
170,111.1,0.0742789398238777
171,2030.1,13.7898071684574
172,9154.2,0.0
173,9154.1,0.0
174,64078.1,0.0
175,9153.1,0.0847557988148705
176,55315.1,3.4899402702503197
177,11164.1,72.647616370058
178,952.1,0.0
179,1375.1,0.0330620102123893
180,1375.3,0.0330620102123893
181,1375.4,0.0330620102123893
182,126129.1,0.323348098638516
183,1374.1,68.1636420553359
184,1375.2,0.0330620102123893
185,1376.1,12.2796195577074
186,9060.1,2.76966400183317
187,9061.1,33.8341681283174
188,158.1,51.102958625906
189,158.2,51.102958625906
190,79369.1,1.17979057585686
191,10678.1,12.1500782819077
192,11041.1,17.2952805896116
193,146712.1,1.7060095522223502
194,374907.1,0.38988119726979203
195,93010.1,0.14396795343519
196,374907.2,0.38988119726979203
197,10678.2,12.1500782819077
198,10331.1,0.6478295093423591
199,79814.1,3.21006541703543
200,10555.1,14.8339073468429
201,137964.1,11.9429516997861
202,56895.1,0.25296158004048197
203,56894.2,19.057133220599198
204,56894.1,19.057133220599198
205,55326.1,11.612128007188801
206,10554.1,1.19716289212353
207,129642.1,11.504181963749499
208,64902.1,0.0922327831285829
209,64850.1,0.341259861599062
210,189.1,0.0
211,3073.1,20.3130541707126
212,3074.1,62.189193508914606
213,10606.1,96.0061254127141
214,8402.1,21.1760786250261
215,1468.1,18.9061215751288
216,64849.1,1.6395329470333897
217,64849.2,1.6395329470333897
218,1645.1,1.83956232359029
219,1109.1,0.0
220,6718.1,0.0625759989451517
221,6510.1,130.909985189998
222,6509.1,17.0932739048347
223,56301.1,0.0
224,6520.1,490.642620206265
225,212.1,0.0
226,23464.1,12.490990058290901
227,211.2,11.237955255911698
228,211.1,11.237955255911698
229,54407.1,87.78749611632108
230,6542.1,45.636594763168
231,11254.1,0.0
232,6541.1,55.4506012670899
233,81539.1,93.7408103991557
234,55089.1,0.0
235,84889.1,0.0
236,340024.1,0.0
237,57393.1,0.264579889076079
238,59272.1,0.029220819216268998
239,2875.1,0.432699629739575
240,84706.1,18.0639463285973
241,92745.1,0.0
242,10991.1,0.11992734535486
243,284273.2,12.670219560832601
244,284273.1,12.670219560832601
245,10327.1,46.45880901713839
246,10327.2,46.45880901713839
247,216.1,0.0
248,8854.2,0.0
249,501.1,10.0532862667916
250,8854.1,0.0
251,223.1,23.5532192594474
252,224.1,36.8772786621115
253,8854.3,0.0
254,219.1,14.517550223029001
255,217.1,0.5066833312646261
256,239.1,0.0797987509484044
257,247.1,0.0347459275101575
258,246.1,2.89743832260512
259,240.1,0.0407562539010203
260,8574.1,18.793315053838302
261,231.1,0.0746614923036574
262,23600.1,4.86227171927856
263,23600.2,4.86227171927856
264,115286.3,3.4037968950722903
265,115286.2,3.4037968950722903
266,115286.1,3.4037968950722903
267,271.2,14.2842518672296
268,270.1,0.47720051065903707
269,271.1,14.2842518672296
270,272.1,0.347313232674211
271,271.3,14.2842518672296
272,290.1,0.0285963743124693
273,280.1,0.6102120212833271
274,278.1,0.0
275,276.1,0.0
276,277.1,0.0
277,6519.1,0.0178026208835942
278,11136.1,0.17223888818566502
279,276.2,0.0
280,279.1,0.0590032596045862
281,10998.1,4.9526656399330005
282,113451.1,0.29087812236092797
283,9057.1,15.6185978854253
284,384.1,5.640562620068129
285,445.1,635.786686589046
286,445.2,635.786686589046
287,83884.1,0.810264240399183
288,10166.1,18.5858653638914
289,410.1,1.57689849019215
290,427.1,24.631789197204103
291,427.2,24.631789197204103
292,9962.2,3.9491616193522
293,9963.1,0.35366968654134007
294,9962.1,3.9491616193522
295,9963.2,0.35366968654134007
296,80150.1,3.3174010975666897
297,440.1,85.69968851259858
298,440.3,85.69968851259858
299,440.2,85.69968851259858
300,790.1,30.411407271258103
301,6511.1,0.0
302,6505.1,2.45658075131456
303,6507.1,0.0858538073127806
304,6506.1,9.66343270707158
305,6512.1,0.0
306,50617.1,2.02099785690597
307,533.1,44.5222929443996
308,527.1,0.5935315708233879
309,8992.1,157.748559408848
310,245972.1,0.0440408296373473
311,9114.1,33.7704818597976
312,535.1,10.6090385903934
313,50617.3,2.02099785690597
314,10312.1,6.849625260800299
315,50617.2,2.02099785690597
316,23545.1,8.631274231347799
317,10312.2,6.849625260800299
318,51382.1,26.701033224317303
319,9296.1,97.98895924904949
320,529.1,50.2197110167877
321,245973.1,5.12219315809925
322,523.1,39.3912747512636
323,51606.1,20.1681093368676
324,9550.1,68.8718203064341
325,526.1,15.875966744204199
326,127124.1,0.0
327,525.1,2.5657745375899
328,90423.1,3.11178838210726
329,51606.2,20.1681093368676
330,51606.3,20.1681093368676
331,534.2,0.0465095652083206
332,528.2,33.6699245937139
333,534.1,0.0465095652083206
334,528.1,33.6699245937139
335,127124.2,0.0
336,954.1,2.7115952073024796
337,954.2,2.7115952073024796
338,953.1,0.0531991672989363
339,956.1,0.0714175615740766
340,955.1,23.4739048555712
341,957.1,3.46140260112782
342,377841.1,0.549573900820846
343,291.1,14.3104797153283
344,293.1,169.96391888153602
345,292.1,355.62269060331704
346,4126.1,13.618472671670698
347,8706.4,13.932191264182698
348,8706.1,13.932191264182698
349,8706.3,13.932191264182698
350,8706.2,13.932191264182698
351,8705.1,0.5324081789255111
352,10317.4,4.45408100704283
353,10317.1,4.45408100704283
354,10317.3,4.45408100704283
355,10317.2,4.45408100704283
356,10317.5,4.45408100704283
357,84002.1,0.0
358,570.1,0.0295852512019595
359,3141.1,5.694823565239719
360,140679.1,0.0
361,8424.1,0.0544479740430428
362,53630.1,0.23367932740413397
363,622.2,12.5059719919509
364,622.3,12.5059719919509
365,622.1,12.5059719919509
366,23743.1,0.0
367,635.1,0.0
368,10599.1,0.0
369,1244.1,0.35129776798430395
370,8714.1,4.07695310599086
371,28234.1,0.0
372,645.1,247.529013397478
373,644.1,77.7273791152756
374,9488.1,4.9409120113852305
375,10380.1,11.7058055596837
376,686.1,3.89005660158369
377,8884.1,47.6714938209594
378,80704.1,0.0790134490844156
379,51733.1,0.05739717692632
380,7108.1,18.5709942728812
381,50814.1,10.9499552313667
382,3295.1,48.6558361146708
383,6307.1,19.8114809116223
384,492.1,0.0463073497074148
385,491.1,0.0318157182200304
386,490.1,13.0677964945572
387,493.1,9.34359728396329
388,847.1,32.4547175651575
389,6547.6,0.0129499709975823
390,6547.4,0.0129499709975823
391,6547.2,0.0129499709975823
392,6546.1,1.8941488385516798
393,6547.1,0.0129499709975823
394,6547.5,0.0129499709975823
395,6543.1,0.0201111302968233
396,6547.3,0.0129499709975823
397,166785.1,0.5268892793564509
398,2538.1,0.0
399,57818.1,0.0
400,92579.1,17.101600148636802
401,1373.1,1.3713735710432402
402,1373.2,1.3713735710432402
403,873.1,13.1556406700813
404,10423.1,31.709397338890003
405,10423.2,31.709397338890003
406,1040.1,10.9022889374181
407,8760.1,4.0082129173159595
408,10390.1,12.3979696289851
409,56994.1,13.5278370984384
410,64781.1,5.72956827057034
411,64781.2,5.72956827057034
412,10087.1,7.7985790349429704
413,6565.1,0.982725302282577
414,9023.1,0.0
415,1103.4,0.0366491454496183
416,1103.2,0.0366491454496183
417,1103.3,0.0366491454496183
418,1103.1,0.0366491454496183
419,162466.1,0.14410045960494197
420,5130.1,19.7808148276399
421,9468.1,0.0178666152414435
422,6579.1,0.105942358877255
423,6554.1,0.0
424,6555.1,0.0
425,8714.3,4.07695310599086
426,8647.1,0.0
427,8714.2,4.07695310599086
428,55349.1,12.673919268276
429,1120.2,0.8953311776838591
430,1119.1,21.244148594407
431,1120.1,0.8953311776838591
432,1119.2,21.244148594407
433,60482.1,0.0
434,6582.1,0.0
435,6584.1,21.0497297072156
436,6582.2,0.0
437,6820.1,21.543958868148604
438,10948.1,7.63585789893154
439,19.1,0.0194315863800639
440,27159.1,0.0
441,54682.1,6.36390901590851
442,1118.1,0.0
443,27159.2,0.0
444,9058.1,2.03520157014928
445,6576.1,56.1271290161249
446,1159.1,23.6571140242536
447,1160.1,0.19023711951490802
448,548596.1,30.126508906009498
449,1152.1,19.7585648027309
450,1158.1,0.0
451,5172.1,0.0571197188474168
452,65010.1,0.595637806676308
453,65010.3,0.595637806676308
454,65010.2,0.595637806676308
455,54675.1,6.42201407073195
456,10559.1,14.2367123708335
457,55907.1,16.8143174155564
458,8034.1,8.46879034159022
459,8824.1,7.3756601411925695
460,51805.1,4.20807516068471
461,51004.1,11.053457472886901
462,51004.2,11.053457472886901
463,10229.1,4.49427974979852
464,9245.1,0.044152608392772005
465,2650.1,2.12730671114914
466,51301.1,0.0607548115486106
467,192134.1,0.0417841338032478
468,6535.1,2.0634989632602
469,386757.1,0.0
470,1384.1,0.9027930546418291
471,6583.1,1.9914758990894699
472,1431.1,83.9193910185286
473,1431.2,83.9193910185286
474,54677.1,3.9978414978679
475,1384.2,0.9027930546418291
476,1384.3,0.9027930546418291
477,8140.1,706.0308224897569
478,23428.1,1.057131398958
479,23428.2,1.057131398958
480,1036.1,0.0
481,124935.1,2.6906462114529104
482,23657.1,9.909734439916038
483,978.1,0.0
484,57379.1,0.0
485,7371.1,14.9776416597159
486,83549.1,15.5191770857605
487,51727.1,32.818578438793004
488,129607.1,0.048980181248481
489,9162.1,0.0
490,1607.1,0.0
491,8525.2,27.820623663078198
492,160851.1,13.7592441594085
493,1608.1,0.0
494,1607.2,0.0
495,8525.1,27.820623663078198
496,8527.1,5.198019371390879
497,1606.1,0.19095639634195605
498,160851.2,13.7592441594085
499,8526.1,8.693783310141152
500,8525.3,27.820623663078198
501,8527.2,5.198019371390879
502,1609.1,4.1813651778452305
503,1610.1,0.0
504,2745.1,1.25906835030776
505,51022.2,12.070256140489303
506,51022.1,12.070256140489303
507,8528.2,0.0610747608194927
508,8528.1,0.0610747608194927
509,1632.1,46.180015510788294
510,10455.1,44.3364753275412
511,1633.1,9.87243152497434
512,1638.1,0.0
513,6319.1,131.959872900634
514,9415.1,3.08592178450212
515,3992.1,14.8625052071094
516,8694.1,6.56404494845871
517,84649.1,13.9934621406393
518,1716.5,30.291159433435602
519,1716.1,30.291159433435602
520,1716.4,30.291159433435602
521,1716.2,30.291159433435602
522,1716.3,30.291159433435602
523,6515.1,0.37107027104296103
524,6513.1,86.9711583551741
525,6517.1,0.581563303542259
526,1718.1,50.0503321879259
527,1581.1,0.0
528,1717.1,54.792906555526294
529,8560.1,9.36001054507751
530,8560.2,9.36001054507751
531,123099.1,14.189297047642699
532,11309.1,0.0
533,6783.1,0.0
534,1723.1,8.64430573314508
535,1807.1,0.0
536,1809.1,0.0556280509364965
537,1808.1,10.326256515216599
538,23539.1,0.0
539,2224.1,71.7392224555317
540,29958.1,1.7872733945293302
541,60386.1,8.818313584067921
542,84920.1,6.47556528642773
543,79087.1,9.94064440385838
544,26002.1,0.0
545,1621.1,0.0
546,7299.1,0.0
547,6530.1,0.0
548,6531.1,0.0530639380988882
549,6581.1,0.0
550,669.2,1.83465099805177
551,5223.1,189.11672706762297
552,5224.2,0.121793192812734
553,5224.1,0.121793192812734
554,669.1,1.83465099805177
555,4597.1,18.3993864319512
556,51071.1,9.46191648639211
557,1806.1,1.84012103164458
558,7083.1,34.8140687397824
559,7084.1,1.04185759015651
560,1854.1,18.263610477525198
561,3704.1,22.841657767931
562,10682.1,46.77533625663529
563,1892.1,104.376766240513
564,549.1,5.471572868324451
565,1891.1,25.702386882048202
566,1962.1,1.4449338392218
567,11001.1,5.09897436246035
568,28231.1,8.49753212188614
569,53919.1,0.0
570,10257.1,3.7311731411536604
571,28232.1,1.86842055109136
572,2109.2,26.778039338945398
573,2108.1,141.533044916973
574,2109.1,26.778039338945398
575,2110.1,8.92247768608675
576,55500.1,14.9089420346259
577,55224.1,39.849558253967295
578,8790.1,2.63036899758652
579,51086.1,0.0
580,2181.1,17.3043801861708
581,2182.1,0.0
582,2180.1,7.56386698086537
583,2181.2,17.3043801861708
584,51703.1,0.0272809111972067
585,81616.1,0.0
586,23305.1,0.0
587,2182.2,0.0
588,116285.1,0.0469953922739815
589,5167.1,8.39281225896503
590,5169.1,0.0
591,6785.1,5.969259507218879
592,79071.1,6.46200498540912
593,60481.1,56.6760033177495
594,54898.1,11.608808030187198
595,1579.1,0.0
596,2194.1,80.9764470431951
597,376497.2,1.1756911456036798
598,10999.1,18.615380712482
599,376497.1,1.1756911456036798
600,11000.1,9.64609153403829
601,226.2,268.689686517089
602,229.1,0.0
603,226.3,268.689686517089
604,230.1,27.121521936511304
605,226.1,268.689686517089
606,2203.1,86.76754565539308
607,5210.1,4.49366330553382
608,5207.1,0.553722897827655
609,5209.1,7.779384392515549
610,5208.1,11.825457598410198
611,8789.1,0.0
612,2235.1,12.2846377920996
613,2235.2,12.2846377920996
614,10840.1,0.0
615,79901.1,0.0474224290052308
616,197258.1,5.888642015367219
617,125061.1,5.01519115599436
618,1719.1,29.2318898559721
619,2356.1,17.764715337912897
620,29988.1,6.159624748172281
621,6514.1,0.0
622,155184.1,0.0
623,6518.1,0.0
624,66035.1,3.9043102024450396
625,160428.1,13.920301506428899
626,25902.1,12.903168791070199
627,4522.1,49.5566735278049
628,2519.1,16.7617502297902
629,2517.1,7.541032835056191
630,2184.1,6.742192091099559
631,2271.1,40.755577176932995
632,2523.1,4.75442419597547
633,2525.1,0.12089972923611501
634,10690.1,1.9736816244885302
635,8703.1,28.8614467530719
636,8704.2,24.921298001343104
637,8704.1,24.921298001343104
638,2683.1,19.736878398420398
639,9334.1,20.4469823437095
640,2820.1,31.1758179813455
641,5832.1,59.97971839983279
642,9563.1,5.88586482146173
643,2539.1,55.236184694479505
644,2542.1,21.239035360438898
645,2593.1,3.3039457882641203
646,2593.2,3.3039457882641203
647,9514.1,0.106724709857375
648,5476.1,44.063109341830206
649,2720.1,36.5833940913505
650,2588.1,17.1947170320131
651,4758.1,6.82909310747924
652,2581.1,6.5551565827530505
653,2583.1,2.4311721587935797
654,55790.1,0.0
655,55454.1,5.42426209945552
656,79586.1,20.5401381927962
657,22856.1,19.365855957592498
658,337876.1,0.20923177654169298
659,26290.1,0.0
660,79695.1,12.174109115438302
661,2589.1,21.7684164886631
662,50614.1,0.0
663,8693.1,0.154804251005581
664,55568.2,8.46595646439769
665,114805.1,0.0
666,11226.1,23.871509657023502
667,117248.1,0.0585399698488575
668,11227.1,0.0
669,55568.1,8.46595646439769
670,2590.1,9.0554311136762
671,51809.1,23.827658217489
672,79623.1,4.36160468652866
673,63917.1,6.57512401464083
674,2591.1,13.9840781706739
675,81031.1,21.245046635023
676,126792.1,8.48621989133111
677,11285.1,16.681917185067302
678,8972.1,0.16097588871146398
679,2618.1,32.7193248269177
680,2618.2,32.7193248269177
681,175.1,31.829451550984203
682,2629.2,25.5394101655265
683,2629.3,25.5394101655265
684,2629.4,25.5394101655265
685,2629.5,25.5394101655265
686,2629.1,25.5394101655265
687,26301.1,0.0
688,4329.1,33.4112567991399
689,7915.1,15.4849090341341
690,7915.2,15.4849090341341
691,275.1,1.10615479271421
692,2731.1,0.0274026690051229
693,2653.1,37.733083244294704
694,2651.1,0.11584546752554199
695,55343.1,3.1838362859332903
696,7264.1,44.743029550111196
697,8836.1,21.267115909595102
698,79017.1,51.334988176151704
699,8908.1,3.04368184324324
700,2998.1,0.0
701,2992.1,34.8438759704977
702,2997.1,15.6940190256603
703,2687.1,0.20049321214082397
704,6472.1,126.39855877022801
705,6470.1,18.900731383505498
706,6470.2,18.900731383505498
707,2717.1,28.105618826221498
708,2632.1,9.31230291490075
709,2990.1,15.989811804832001
710,8372.1,1.76207053236219
711,26035.1,9.10930650965617
712,54480.1,22.2390697919485
713,2131.1,3.2588642447974596
714,2132.1,16.486149094890898
715,2132.2,16.486149094890898
716,27087.2,0.0
717,135152.1,0.0520582375264404
718,27087.1,0.0
719,26229.1,29.9816417146556
720,4669.1,9.792356573966169
721,64579.1,0.0
722,3340.1,21.2422650998269
723,9348.1,0.0149216249092942
724,8509.1,9.69336469231962
725,2137.1,5.03774297627713
726,2135.1,2.47631711128145
727,2134.1,0.0520063608572561
728,56606.1,0.0
729,154091.1,0.0
730,11182.1,1.41538976611229
731,56606.2,0.0
732,144195.1,1.5329485903469597
733,6523.1,0.0
734,178.4,5.56371225670496
735,178.5,5.56371225670496
736,178.1,5.56371225670496
737,178.3,5.56371225670496
738,178.2,5.56371225670496
739,178.6,5.56371225670496
740,5834.1,45.8843397464952
741,5837.1,0.490709354559934
742,5836.1,8.41324060376931
743,2729.1,14.6305320947962
744,2730.1,4.00665530786615
745,2747.1,15.3771338701227
746,2746.1,56.642210996985206
747,10841.1,0.377083693065437
748,10841.2,0.377083693065437
749,2744.1,10.0897208363167
750,27165.2,6.53989763411736
751,27165.1,6.53989763411736
752,83733.1,2.00493212140824
753,79751.1,4.24564764950845
754,2639.1,5.44458958760946
755,2639.2,5.44458958760946
756,57084.1,0.0
757,246213.1,0.0
758,57030.1,0.0828551428779623
759,54363.1,0.0
760,51179.2,0.0
761,51179.1,0.0
762,2628.1,0.11847533057947
763,9380.1,38.3060230776549
764,2710.2,5.24933235892396
765,2712.1,0.0
766,2710.1,5.24933235892396
767,2713.1,0.514401625737295
768,3029.1,17.144238074799198
769,6536.1,9.95296936874143
770,6536.2,9.95296936874143
771,5226.1,75.2784421466168
772,27232.1,1.9546210906463102
773,57678.1,4.36495868271017
774,284098.1,4.3756198947988
775,80055.1,2.93825451100959
776,93183.1,6.42392869504314
777,54965.1,6.409599455271679
778,2936.1,40.7928184515929
779,7001.3,152.643478952889
780,5052.3,288.662154706701
781,2877.1,0.278523725791896
782,2876.2,0.0882305716318791
783,5052.2,288.662154706701
784,2876.1,0.0882305716318791
785,5052.1,288.662154706701
786,7001.1,152.643478952889
787,2879.1,176.55856602784098
788,7001.2,152.643478952889
789,2878.1,2.60793737341429
790,257202.1,0.0
791,2882.1,0.0
792,10935.1,90.66542485505279
793,10935.2,90.66542485505279
794,2937.1,25.597523199540202
795,2679.1,0.072509042195563
796,2678.1,0.870612508030229
797,2678.3,0.870612508030229
798,2678.2,0.870612508030229
799,2977.1,2.24369660878145
800,2983.1,0.689957471182661
801,4882.2,1.39980502829842
802,2982.1,1.90601051395719
803,2974.1,5.779088872129299
804,2986.1,0.0
805,4882.1,1.39980502829842
806,2984.1,0.0
807,4881.1,0.0230310605120285
808,3000.1,0.115237942302526
809,9615.1,0.0
810,763.1,0.0962885297421707
811,11238.1,3.82414876312224
812,23556.1,9.377850997609169
813,23556.2,9.377850997609169
814,55650.1,5.79282222113168
815,53905.1,0.0
816,50506.1,0.0493118580663841
817,53905.2,0.0
818,343.1,0.0
819,84720.2,7.22485869801859
820,5281.1,13.0816423708322
821,84720.1,7.22485869801859
822,5281.2,13.0816423708322
823,54872.1,5.0223130199409995
824,80235.1,0.8888062286308029
825,10026.1,4.0710331361413505
826,8733.1,23.4847724041154
827,128869.1,12.6456466791391
828,94005.1,25.2767206161759
829,51604.1,25.434611029355302
830,3028.1,106.110959656762
831,3033.1,21.452219659103697
832,3038.2,0.0834513421870981
833,3036.1,0.0
834,3038.1,0.0834513421870981
835,3037.1,0.0
836,27235.1,11.0217343412816
837,6522.1,51.300763969651605
838,83697.1,0.0
839,6521.1,0.0
840,6508.2,1.5200499937938798
841,6508.1,1.5200499937938798
842,2645.1,0.0
843,3099.1,20.6752229758806
844,3098.3,43.5973891119355
845,2645.2,0.0
846,80201.1,0.0
847,3098.2,43.5973891119355
848,2645.3,0.0
849,3098.1,43.5973891119355
850,3098.4,43.5973891119355
851,3101.1,0.08401671551423101
852,3098.5,43.5973891119355
853,3081.1,5.58461421374459
854,11112.1,4.28502603466087
855,3067.1,0.0
856,495.1,0.0
857,496.1,0.0
858,8942.1,99.03872903953341
859,3157.1,11.514534227009099
860,3157.2,11.514534227009099
861,3158.1,0.0423263447852851
862,3155.1,7.4288306164031
863,54511.1,0.293066514282218
864,3162.1,3.5448713062815695
865,3163.1,23.638020673133102
866,26062.1,0.0
867,197257.1,9.42010390298066
868,197257.2,9.42010390298066
869,6448.1,6.0673476940935895
870,3290.2,0.0
871,3290.1,0.0
872,3291.1,1.60835612166572
873,3292.1,0.449125500174324
874,7923.1,2.0630583612027698
875,3294.1,0.0
876,51478.1,6.4155931968164
877,3283.1,0.0
878,3284.1,0.0
879,80270.1,15.362434055584302
880,57026.1,0.104116475052881
881,3421.2,35.621101387344
882,3420.3,25.579513225609002
883,3419.1,27.757204927228
884,3420.1,25.579513225609002
885,3421.1,35.621101387344
886,3420.2,25.579513225609002
887,3417.1,62.77119545634561
888,3418.1,105.730111669888
889,7173.4,0.0
890,7173.1,0.0
891,7173.3,0.0
892,7173.2,0.0
893,7173.5,0.0
894,3425.1,5.26891477476098
895,587.1,17.1292415076249
896,8501.1,15.069173148024001
897,55586.1,0.071052938216823
898,114134.1,1.77534294311527
899,6526.1,10.767249653478
900,3422.1,21.0797273358463
901,91734.1,0.15360819167110099
902,160728.1,9.497459861811741
903,8802.1,50.075809890501006
904,8801.1,21.5573493925205
905,8803.1,17.7243565314079
906,6560.1,0.46663432689785794
907,10723.1,11.2366390504021
908,9990.1,1.1908925076169798
909,57468.1,0.5295407035374989
910,3795.1,10.6832690152054
911,3795.2,10.6832690152054
912,84679.1,7.08397227524311
913,23315.1,5.432784240063549
914,8564.1,0.127244403288678
915,3938.1,0.0998183929619187
916,53.1,13.3127922643312
917,3931.1,0.0
918,387775.1,0.0960227840299108
919,124637.1,11.925588881724401
920,366.1,0.0
921,11283.1,0.0
922,4047.1,31.5802133694544
923,5321.1,0.142591210711083
924,1178.1,0.0
925,29124.1,0.0
926,51268.1,0.043273949519284
927,4023.1,0.0
928,3990.1,0.0
929,1056.1,3.9370951222322597
930,80339.1,0.553355950910606
931,11343.1,3.01544636376545
932,11343.2,3.01544636376545
933,50487.1,0.12160399950351
934,9227.1,0.229537070900768
935,6309.1,2.7600400168548
936,4048.1,66.9748175435501
937,4056.1,0.0
938,4259.1,21.5904509878268
939,4056.2,0.0
940,4258.1,14.7097691553347
941,2954.1,29.458251099238897
942,2954.3,29.458251099238897
943,2954.2,29.458251099238897
944,2548.1,35.889017902036
945,56922.1,20.1580411349875
946,64087.1,52.3280309344162
947,23417.1,13.5523363911372
948,4357.1,16.163013652679602
949,4191.1,174.84108122740298
950,4190.1,101.217193390959
951,4200.1,8.513639306073859
952,4199.1,11.396269046447802
953,10873.1,0.0
954,3620.1,0.0
955,1557.1,0.0
956,1543.1,5.09477717941014
957,1545.1,104.35651070660299
958,1544.1,0.0
959,4143.1,6.43922470931484
960,27430.2,15.621561356449801
961,4144.1,67.2781463844393
962,27430.1,15.621561356449801
963,4548.1,13.1269885003377
964,4598.1,12.3047712591228
965,3635.1,0.0648168699485694
966,8867.2,2.55528182912459
967,3636.1,44.231316744835205
968,27124.2,1.8331086749815
969,8867.1,2.55528182912459
970,27124.1,1.8331086749815
971,3633.1,6.5920794086367
972,56623.1,5.0026734115275495
973,3632.1,7.05480945575508
974,3628.1,1.7373853535552701
975,3706.1,2.20156510729043
976,80271.1,11.9948484689984
977,3707.1,2.71403851787505
978,51477.1,20.5857051356413
979,3631.2,6.607446048091919
980,3631.1,6.607446048091919
981,8821.1,12.7852509512601
982,2595.1,1.98724171928985
983,84693.1,11.877356158403199
984,4594.1,8.86369862567403
985,116255.1,0.0
986,80168.1,0.0801049625790583
987,4507.1,0.801321361960732
988,10797.1,306.09571578891797
989,56913.1,3.3750747626486097
990,443.1,0.0703821754824767
991,91703.1,0.24086946055503
992,4668.1,11.2892745021274
993,9498.1,1.1426979822844299
994,57282.1,3.4364751329973595
995,6528.1,0.0875644012084841
996,481.1,51.619055304399204
997,478.1,1.39031706388448
998,477.1,0.0
999,23439.1,0.0
1000,483.1,29.8522863242587
1001,476.1,69.1725592236688
1002,480.1,0.0
1003,482.1,0.0313255600961924
1004,6548.1,4.52192922040958
1005,6550.1,0.0
1006,6549.1,1.3425897899367698
1007,84735.1,0.0
1008,55748.1,12.4271946390326
1009,6559.1,0.0187491945824525
1010,123041.2,0.0
1011,57419.1,1.77137222213265
1012,9187.1,2.53949113913801
1013,123041.3,0.0
1014,25769.1,0.0
1015,123041.1,0.0
1016,124583.1,39.6029428794979
1017,79077.1,40.166416294340294
1018,9583.1,7.41967406512773
1019,1841.1,28.921601894600396
1020,4832.1,41.185416466275896
1021,4831.1,0.9229456821910308
1022,4830.1,75.8563595258377
1023,10201.1,3.9849455372412996
1024,29922.2,1.68320431079724
1025,29922.1,1.68320431079724
1026,4830.2,75.8563595258377
1027,4833.1,31.037144146408
1028,57127.1,1.5177829542803898
1029,6005.1,0.0
1030,6557.1,0.0
1031,6558.1,13.707174899184698
1032,349565.1,3.6209769651811703
1033,64802.1,3.2574605703201605
1034,23057.1,1.4276235996608897
1035,23057.2,1.4276235996608897
1036,10135.1,17.3586936784868
1037,4837.1,0.0
1038,5409.1,0.0995961509928559
1039,4846.1,0.10187074589158
1040,201288.1,0.0
1041,4842.1,0.0
1042,4843.2,0.0662149077440345
1043,4843.1,0.0662149077440345
1044,645740.1,0.0
1045,4860.1,28.9196772704606
1046,6580.1,0.164286620525466
1047,55808.1,0.0
1048,30833.1,28.4846912691082
1049,5251.1,1.46516058805725
1050,56953.1,2.924629191048
1051,4907.1,0.0
1052,3704.2,22.841657767931
1053,6476.1,0.0
1054,5009.1,0.0
1055,5019.1,14.5320749186103
1056,64064.1,0.572241042985269
1057,1629.1,4.15475047263645
1058,594.1,6.57978537184268
1059,593.1,26.7164695782553
1060,594.2,6.57978537184268
1061,26873.1,5.52957083224471
1062,4942.1,39.9780212393955
1063,7372.1,12.7357446307671
1064,1836.1,78.22763954025821
1065,10861.1,2.42439921585544
1066,10861.3,2.42439921585544
1067,10861.2,2.42439921585544
1068,1811.1,0.0
1069,1583.1,0.0
1070,1584.1,0.0
1071,1585.1,0.0
1072,1586.1,0.0558164525350337
1073,1588.1,0.0346363916510745
1074,1588.2,0.0346363916510745
1075,1576.1,0.0
1076,1589.1,0.0280187279351756
1077,1593.1,0.136559223166829
1078,1553.1,0.0
1079,1548.1,0.0
1080,1562.1,0.0
1081,1558.1,0.23360959319720898
1082,1558.2,0.23360959319720898
1083,1559.1,0.0
1084,1565.1,0.251661883641984
1085,1572.1,0.0
1086,51302.1,0.0
1087,64816.1,0.0845840893359101
1088,64816.3,0.0845840893359101
1089,64816.2,0.0845840893359101
1090,1577.1,0.0682870567487818
1091,1551.1,0.0
1092,10858.1,0.194031400005601
1093,66002.1,0.0417507064962052
1094,4051.1,0.186387082572345
1095,8529.1,0.0851360246659976
1096,9420.1,0.0
1097,1582.1,0.0
1098,5831.1,99.0780847832408
1099,5831.2,99.0780847832408
1100,5051.1,3.95822856311921
1101,5049.1,20.6572233872756
1102,5050.1,50.3245122945331
1103,5048.1,20.8790716936402
1104,7941.1,0.0
1105,347734.1,36.5318681841795
1106,57194.1,0.0
1107,5338.1,8.58352337264095
1108,5337.1,2.0396246780113403
1109,130013.1,0.0
1110,5091.1,9.67226341252573
1111,5091.2,9.67226341252573
1112,5244.1,0.6212902752411489
1113,5244.3,0.6212902752411489
1114,5244.2,0.6212902752411489
1115,5139.1,0.0
1116,5142.1,0.23717845850842004
1117,5151.3,6.844378114132001
1118,5153.1,0.0
1119,5150.2,5.04341517548697
1120,5143.1,0.109870280253172
1121,5150.1,5.04341517548697
1122,5137.1,0.0
1123,5144.1,0.0149644109305395
1124,5136.2,0.0658009558647836
1125,5140.2,3.5871636177772404
1126,5151.2,6.844378114132001
1127,10846.1,1.47163699779796
1128,5151.5,6.844378114132001
1129,5140.1,3.5871636177772404
1130,5141.1,0.42844899309335904
1131,5138.1,0.133360433867776
1132,5136.1,0.0658009558647836
1133,5151.4,6.844378114132001
1134,5151.1,6.844378114132001
1135,27115.1,0.0
1136,50940.1,0.0956609873894722
1137,8622.1,0.165903125268754
1138,5146.1,0.0
1139,5152.17,2.0466032596179
1140,5152.6,2.0466032596179
1141,5152.11,2.0466032596179
1142,5152.2,2.0466032596179
1143,8654.2,1.20039789357941
1144,5152.10,2.0466032596179
1145,5145.1,1.40599685116607
1146,5158.1,0.350089776561376
1147,5149.1,0.0
1148,5152.12,2.0466032596179
1149,5152.15,2.0466032596179
1150,5152.5,2.0466032596179
1151,5152.20,2.0466032596179
1152,5152.19,2.0466032596179
1153,5152.16,2.0466032596179
1154,8654.3,1.20039789357941
1155,5152.14,2.0466032596179
1156,5152.13,2.0466032596179
1157,5152.7,2.0466032596179
1158,5152.3,2.0466032596179
1159,8654.1,1.20039789357941
1160,5152.18,2.0466032596179
1161,5147.1,7.2667368901623
1162,5148.1,0.10203007452640599
1163,5152.4,2.0466032596179
1164,5152.1,2.0466032596179
1165,5161.1,0.0
1166,5162.1,37.92571941037271
1167,1737.1,15.2025984883214
1168,5160.1,26.5151733957974
1169,55163.1,34.3705311054619
1170,10396.1,1.7141712988432398
1171,5105.1,0.0388740283949769
1172,5106.1,64.6379914252084
1173,8310.1,7.98890390526389
1174,5833.1,16.618950053359598
1175,10400.2,32.3700097834502
1176,10400.1,32.3700097834502
1177,10400.3,32.3700097834502
1178,26227.1,64.5778824000836
1179,5730.1,0.0
1180,27306.1,0.0
1181,80142.4,23.6397874034825
1182,80142.2,23.6397874034825
1183,9536.1,0.765466069862327
1184,80142.1,23.6397874034825
1185,9536.2,0.765466069862327
1186,80142.3,23.6397874034825
1187,5740.1,0.0
1188,114971.1,8.15205400564591
1189,9489.1,7.957390560467111
1190,5743.1,0.0
1191,5742.1,0.0540718871907337
1192,6898.1,0.0
1193,5053.1,0.566721503062511
1194,5264.1,12.1243017057901
1195,5728.1,53.0481286536081
1196,8871.1,3.27927005046822
1197,8394.1,55.1631346666436
1198,23396.1,3.15099671669473
1199,8395.1,0.0858832415582938
1200,55361.1,7.21606606449036
1201,5297.1,30.483168670987897
1202,5298.1,50.46235483148371
1203,5291.1,10.426018137316301
1204,5295.3,4.92272257626969
1205,5293.1,0.493090847770266
1206,8503.1,25.191549331148895
1207,5296.1,18.651587211116603
1208,5290.1,9.145982482654821
1209,5295.1,4.92272257626969
1210,5295.2,4.92272257626969
1211,10870.1,0.20587133380771802
1212,5294.1,0.0
1213,23533.1,0.158420937485601
1214,4952.1,20.1098426225901
1215,4952.2,20.1098426225901
1216,23236.2,4.47293597018343
1217,5336.1,3.2549927102031098
1218,9651.1,0.0493040936421885
1219,113026.1,49.18419213358279
1220,89869.1,0.0
1221,84812.1,0.0857656255057625
1222,5330.1,0.091574632602661
1223,5335.1,67.9206941494234
1224,51196.1,0.0475033638596031
1225,5333.1,2.94113206185243
1226,5332.2,15.239921914874499
1227,5331.1,13.6666506076091
1228,5335.2,67.9206941494234
1229,5334.1,0.0626417201743514
1230,5332.1,15.239921914874499
1231,257068.1,0.6802954969120961
1232,23236.1,4.47293597018343
1233,23007.1,3.8646232298354
1234,5287.1,13.8873546024179
1235,5286.1,21.143073990186103
1236,5288.1,0.18897422976556397
1237,200576.2,9.76164063330743
1238,8396.1,10.980471401602099
1239,200576.3,9.76164063330743
1240,79837.1,15.434402215123999
1241,8396.2,10.980471401602099
1242,5305.1,12.6329557075614
1243,200576.1,9.76164063330743
1244,5289.1,5.1591565524218
1245,5279.1,10.0119965007213
1246,51227.2,9.03585274088583
1247,5283.1,11.916392616976099
1248,5277.2,4.83598916944462
1249,9091.1,6.04717535249804
1250,8818.1,22.3471601718045
1251,51227.1,9.03585274088583
1252,9091.2,6.04717535249804
1253,5277.3,4.83598916944462
1254,5279.2,10.0119965007213
1255,5277.1,4.83598916944462
1256,8818.2,22.3471601718045
1257,51227.3,9.03585274088583
1258,8398.1,1.9346723261971497
1259,5320.1,0.0
1260,8398.2,1.9346723261971497
1261,81579.1,16.8278874320903
1262,5322.1,0.0
1263,64600.1,0.0
1264,100137049.1,0.197908165036998
1265,123745.1,0.0
1266,5319.1,0.0
1267,26279.1,0.0
1268,8399.1,0.20938167751356698
1269,30814.1,0.0
1270,10654.1,17.1952486339259
1271,117283.1,0.0
1272,9807.2,8.60925479301128
1273,9807.1,8.60925479301128
1274,51447.3,16.3696481215711
1275,51447.4,16.3696481215711
1276,51447.6,16.3696481215711
1277,51447.5,16.3696481215711
1278,51447.1,16.3696481215711
1279,51447.2,16.3696481215711
1280,8876.1,0.0
1281,8875.2,0.0
1282,55350.3,0.0775747054927633
1283,55350.2,0.0775747054927633
1284,8875.1,0.0
1285,55350.1,0.0775747054927633
1286,27068.4,42.1828232218929
1287,27068.1,42.1828232218929
1288,27068.3,42.1828232218929
1289,27068.2,42.1828232218929
1290,8612.1,18.375229135273603
1291,8611.1,4.00788460605371
1292,8613.1,3.97565675523115
1293,8611.2,4.00788460605371
1294,5498.1,4.79531085679084
1295,8288.1,0.0
1296,9588.1,217.87868689486697
1297,4353.1,0.0
1298,6820.2,21.543958868148604
1299,5625.1,1.47375832731621
1300,6578.1,0.106268342741308
1301,23761.1,16.5630737038936
1302,9791.1,81.4505595982278
1303,81490.1,7.4718211041419105
1304,10965.1,1.91517002276171
1305,10005.1,6.71828066286884
1306,10005.3,6.71828066286884
1307,10005.2,6.71828066286884
1308,122970.1,6.13980977885371
1309,5805.1,5.3747730867651295
1310,6303.1,22.1707212300851
1311,112483.1,31.526043680808
1312,8566.1,26.6182347653423
1313,7378.2,0.6854009040183779
1314,151531.1,0.0
1315,7378.1,0.6854009040183779
1316,2944.1,0.0880816592746945
1317,2944.2,0.0880816592746945
1318,64080.1,2.24979313255188
1319,5959.1,0.5084109412591961
1320,8608.1,0.545206556102505
1321,157506.1,1.9057193934858
1322,112724.1,8.055412464063
1323,145226.1,3.40301224625208
1324,51109.1,48.20205299883389
1325,195814.1,0.4261614199518429
1326,57665.1,0.521883831202565
1327,50700.1,0.0
1328,8228.1,2.91434611012808
1329,113278.1,0.264496081699114
1330,54981.1,11.661404228250401
1331,6484.1,10.1425076701822
1332,6482.1,4.342169302789951
1333,6483.1,0.995853935328027
1334,6482.2,4.342169302789951
1335,10090.1,4.9918289479635
1336,9653.1,6.93929498887375
1337,3423.1,19.307577920923602
1338,3423.2,19.307577920923602
1339,9957.1,0.0531179471961898
1340,9951.1,0.0
1341,222537.1,0.0968843746044366
1342,9956.1,0.0
1343,9955.1,0.0413046166365307
1344,9953.1,0.410932150553201
1345,64711.1,0.196566414765561
1346,113189.1,3.98892100282215
1347,50515.1,2.38864999024752
1348,166012.1,0.0
1349,55501.1,7.046532741975559
1350,411.2,3.2994004010109705
1351,411.1,3.2994004010109705
1352,23563.2,0.300278383891004
1353,9435.1,0.0
1354,23563.1,0.300278383891004
1355,10164.1,0.0
1356,4166.1,0.0296482790059688
1357,8534.1,0.0
1358,9469.1,3.2781459639570296
1359,56548.1,1.4452862482459599
1360,266722.1,0.20062166755608604
1361,9394.1,20.6270886725305
1362,90161.2,0.668528874680972
1363,90161.1,0.668528874680972
1364,2799.1,49.5877630546911
1365,10157.1,2.0509965625199897
1366,118881.1,24.408105336243
1367,3176.1,16.663308540551
1368,1757.1,0.763672351535498
1369,81537.1,15.934179852315301
1370,6652.1,61.7230689133179
1371,6342.1,9.066761731421881
1372,9056.1,0.0633931164533939
1373,10558.1,14.809041025454599
1374,9517.1,33.5734184404198
1375,55304.1,0.106877704526431
1376,2098.1,101.07897270592
1377,8879.1,43.4117347622612
1378,8869.1,3.90661601092131
1379,56848.1,1.2755694146543899
1380,8877.1,9.706374440200571
1381,130752.1,1.67509075635631
1382,55512.1,0.257524760130322
1383,55512.2,0.257524760130322
1384,339221.1,0.0
1385,55627.1,13.7736520616554
1386,6609.1,2.88561360064609
1387,6610.1,10.6028465961522
1388,259230.1,10.0665691094214
1389,115111.1,0.0352088939924146
1390,115019.2,0.0
1391,115111.2,0.0352088939924146
1392,116369.2,0.0
1393,284129.1,7.38466475858199
1394,116369.1,0.0
1395,115019.1,0.0
1396,26266.1,0.0
1397,6646.1,7.31433682612241
1398,6649.1,0.0
1399,6648.1,14.711633718875001
1400,6647.1,221.192214468237
1401,6697.1,30.833712302714897
1402,6611.1,71.11695927099659
1403,6723.1,26.9756135845474
1404,6713.1,63.27557725922029
1405,2222.1,59.39612450654321
1406,6715.1,11.282954846678699
1407,6716.1,0.0427248326813397
1408,15.1,0.0
1409,6532.1,0.0
1410,6487.6,1.3154479284426799
1411,6487.11,1.3154479284426799
1412,6487.5,1.3154479284426799
1413,6487.7,1.3154479284426799
1414,6487.9,1.3154479284426799
1415,6487.1,1.3154479284426799
1416,6487.8,1.3154479284426799
1417,6487.4,1.3154479284426799
1418,6487.3,1.3154479284426799
1419,6487.10,1.3154479284426799
1420,6487.2,1.3154479284426799
1421,10402.1,0.0
1422,10610.1,14.0326008769906
1423,256435.1,0.0
1424,30815.1,14.437951803833402
1425,81849.1,0.6163982258298011
1426,6489.1,0.0107449831419099
1427,29906.1,0.0
1428,412.1,4.63864014753973
1429,6389.1,54.750442987808505
1430,6392.1,30.473520732664
1431,6391.1,14.7918446078949
1432,6390.1,64.5403934482823
1433,6821.1,5.56081347207292
1434,6533.1,12.5835462693153
1435,5092.1,53.5371882506011
1436,5092.2,53.5371882506011
1437,23530.2,23.261846376342103
1438,23530.1,23.261846376342103
1439,79178.1,6.0247458774509
1440,6567.1,2.31892356776798
1441,1890.1,0.0965557504537586
1442,55217.1,6.3243314493767
1443,7296.3,43.6627875350592
1444,7296.1,43.6627875350592
1445,7296.4,43.6627875350592
1446,7296.2,43.6627875350592
1447,80162.1,2.52686531751448
1448,11181.1,0.0
1449,7166.1,0.0
1450,121278.1,0.0
1451,6999.1,0.0
1452,169355.1,0.0
1453,6561.1,0.0
1454,6916.1,0.0
1455,7054.1,1.3115405182053999
1456,7054.3,1.3115405182053999
1457,7054.2,1.3115405182053999
1458,7306.1,4.8268810535425
1459,10020.1,2.70662907343916
1460,29880.1,56.482608862545995
1461,7355.1,10.352626716184599
1462,7358.1,15.806744324282901
1463,23169.1,6.246918645097799
1464,80146.1,6.89568592178913
1465,5168.1,0.151842837126146
1466,84912.1,5.22700550813211
1467,3906.1,0.0
1468,7357.1,31.165840073041
1469,11046.1,7.111979529691019
1470,54576.1,0.0
1471,54575.1,0.0
1472,54578.1,0.0
1473,54579.1,0.0
1474,54600.1,0.0
1475,54658.1,0.0234659996044319
1476,54659.1,0.0
1477,54577.1,0.0
1478,54657.1,0.0
1479,7364.1,0.0
1480,54490.1,0.0
1481,7367.1,0.452500431678524
1482,10720.1,0.12236432150118799
1483,7363.1,0.0
1484,7365.1,0.0379966386022981
1485,7366.1,0.6181365174988079
1486,54963.1,24.692607811243
1487,7498.1,0.0
1488,9942.1,4.76821572685074
1489,64131.1,1.8670651201976898
1490,64132.1,24.9310358387769
1491,51181.1,115.078847218129
1492,64077.1,6.68011303939283
1493,5464.1,239.457297051008
1494,10724.1,28.3728619150632
1495,1356.1,0.0
1496,2512.1,626.3345710548709
1497,2495.1,795.522513730582
1498,94033.1,0.0
1499,1727.1,10.3872243912936
1500,51706.1,32.398928008709504
1501,51700.1,0.0
1502,10587.1,4.66280869151135
1503,80347.1,11.4769258117274
1504,22978.1,9.70602924209632
1505,84618.1,0.0
1506,51251.1,19.5096759328062
1507,93034.1,0.0
1508,100526794.1,0.0
1509,3251.1,15.7118383104094
1510,353.1,247.943322036014
1511,56954.1,30.821793946074
1512,5313.1,0.0329888641720964
1513,92086.1,0.0
1514,728441.1,0.0
1515,102724197.1,0.0
1516,2686.1,1.9991986406868898
1517,124975.1,15.196192321945
1518,91227.1,0.21974056050634302
1519,5211.1,50.062155935955104
1520,1491.1,1.37712748906955
1521,2819.1,0.0303685674252293
1522,29926.1,29.0648290814042
1523,29925.1,14.556808446454001
1524,875.1,89.5991316759098
1525,102724560.1,0.0
1526,249.1,0.0760209513769213
1527,22934.1,14.455669915534502
1528,51292.1,49.355038327387895
1529,2766.1,0.551164442194128
1530,57571.1,0.0807088855523008
1531,8833.1,88.5672560444744
1532,11332.1,7.927885981712401
1533,5538.1,78.627253201381
1534,641371.1,1.8622872481314998
1535,9374.1,0.647619832679371
1536,55825.1,6.41450136679652
1537,51102.1,6.04900063935361
1538,37.1,69.702450675868
1539,33.1,0.10507728145018101
1540,132158.1,1.1817274745503101
1541,641649.1,0.620762416043833
1542,93100.1,2.22433172595659
1543,23475.1,21.4932851975316
1544,50484.1,21.5377442646289
1545,6240.1,30.8752465258913
1546,6241.1,36.990834162697794
1547,3156.1,26.099548610335603
1548,79966.1,5.54659144273257
1549,10588.1,0.164243534603482
1550,84890.1,18.9750458498462
1551,79646.1,64.2840077879274
1552,80025.1,9.045192969531339
1553,53354.1,5.416385529617809
1554,55229.1,4.9383405677759695
1555,83594.1,10.5096251581413
1556,7263.1,74.7117905721567
1557,26275.1,16.7411935537904
1558,29920.1,6.987770399060559
1559,7389.1,15.0319480792625
1560,1595.1,33.873214704468396
1561,130367.1,4.4299893341096395
1562,10478.1,11.239963792262198
1563,23443.1,8.30211254895781
1564,64240.1,0.0
1565,64241.1,0.0
1566,284111.1,0.0
1567,8435.1,0.40280469364404403
1568,3988.1,23.984171074935198
1569,771.1,70.0046437225679
1570,760.1,12.1543173173226
1571,768.1,1.74632942229945
1572,23632.1,0.0599521919819144
1573,765.1,0.0
1574,759.1,0.0
1575,762.1,9.375158644357448
1576,766.1,0.0
1577,767.1,9.12653990526653
1578,377677.1,0.346407023407635
1579,10057.1,3.8434837246837903
1580,6556.1,0.100169641305675
1581,6568.1,0.0
1582,7779.1,15.4134174131184
1583,54020.1,11.808659289909198
1584,215.1,6.210189694441
1585,5825.1,8.07386092989183
1586,641372.1,0.0
1587,9045.1,478.429454348302
1588,4017.1,0.520514057367388
1589,84105.1,7.19839767175952
1590,25830.1,0.0
1591,84569.1,0.0
1592,4025.1,0.0244900906242405
1593,54995.1,13.192348319855302
1594,93492.1,0.0361916665189019
1595,1267.1,13.9115720611637
1596,10249.1,0.0
1597,1580.1,2.87200221573739
1598,1555.1,0.0335940670230167
1599,1549.1,0.0
1600,1573.1,6.91348532449278
1601,199974.1,0.16420047127506
1602,260293.1,0.25369352905680204
1603,29785.1,0.0796465213586517
1604,57834.1,2.95144906011465
1605,1215.1,0.0
1606,1357.1,0.0
1607,1358.1,0.0
1608,57094.1,0.0
1609,93979.1,0.0
1610,7177.1,0.0
1611,64499.1,0.0
1612,23430.1,0.0
1613,1636.1,0.0572932079484647
1614,9365.1,0.0
1615,9331.1,0.45400001885890096
1616,7368.1,2.8053352305367203
1617,5315.1,290.748153058536
1618,26063.1,12.5027351216765
1619,1666.1,35.0498395360792
1620,874.1,7.039799881329559
1621,10901.1,4.99962402773275
1622,126410.1,0.280044984163891
1623,2053.1,5.23715002540118
1624,8897.1,12.2442198339575
1625,8897.3,12.2442198339575
1626,8897.2,12.2442198339575
1627,8898.1,4.898173957598139
1628,2880.1,0.0
1629,9152.1,0.0
1630,9497.1,8.70916733514319
1631,115584.1,0.0
1632,6574.1,22.6475493764382
1633,6575.1,5.24319830414668
1634,142680.1,0.0
1635,6534.1,0.0
1636,3293.1,0.0
1637,1622.1,69.9602371273705
1638,225.1,0.0
1639,28965.1,5.07004355550538
1640,23205.1,0.0
1641,26061.1,12.9308115039495
1642,54716.1,0.0165336236718696
1643,6564.1,0.0
1644,113235.1,6.74935931353442
1645,1200.1,6.178927228997719
1646,2168.1,0.0
1647,51056.1,26.611762301816697
1648,9390.1,0.0407721743127004
1649,5184.1,8.17905644875335
1650,4891.1,10.6287060710031
1651,30061.1,0.0
1652,248.1,0.0
1653,4524.1,3.7135317086840702
1654,65263.1,10.0225630069715
1655,25796.1,33.210789258344995
1656,28982.1,6.362079370107041
1657,6120.1,33.4238485378338
1658,6120.2,33.4238485378338
1659,10864.1,0.0
1660,9356.1,0.0
1661,9376.1,0.0
1662,348932.1,0.0
1663,120103.1,2.92170258442004
1664,1080.1,0.0166976109807252
1665,85320.1,0.14502528060412698
1666,222962.1,4.51300442063788
1667,10351.1,0.0
1668,9429.1,0.47219594022029293
1669,55867.1,0.0
1670,360.1,1.59218795960105
1671,364.1,0.0
1672,89872.1,0.0
1673,21.1,13.618779626318199
1674,24.1,0.0242934402980363
1675,10057.2,3.8434837246837903
1676,125206.1,0.128648438258644
1677,200010.1,0.0
1678,6524.1,0.0
1679,159963.1,0.275247544562074
1680,79581.1,32.1087271932699
1681,55065.1,0.788672803797519
1682,3764.1,0.0873811354043642
1683,6833.1,1.07542158062737
1684,10060.1,3.17731933622275
1685,3767.1,4.65001564366533
1686,5950.1,0.0
1687,64220.1,0.0
1688,5947.1,0.0
1689,5948.1,0.0
1690,949.1,13.7459864607313
1691,29881.1,0.218278408487765
1692,2350.1,0.0
1693,3248.1,21.1718977441939
1694,166929.1,0.8933362233637059
1695,56261.1,1.1348463572288798
1696,3658.1,27.9033070736977
1697,122481.1,4.67862584349804
1698,203.1,8.797865115594869
1699,159.1,14.075914082644
1700,122622.1,3.01376610896573
1701,122622.2,3.01376610896573
1702,11212.1,8.20712603370324
1703,383.1,0.0
1704,1371.1,8.987793832900302
1705,1503.1,18.947197288721
1706,56474.1,18.635637629844503
1707,1491.2,1.37712748906955
1708,2987.1,47.0657875135686
1709,5860.1,1.6865186645684298
1710,9453.1,14.327535584008801
1711,2023.1,275.602209774977
1712,2027.1,1.3129152986228
1713,2027.2,1.3129152986228
1714,2026.1,14.0222985268783
1715,9843.1,0.0
1716,80308.1,17.7679137362702
1717,80308.2,17.7679137362702
1718,7360.1,31.019601212040005
1719,7360.2,31.019601212040005
1720,2597.1,2130.3881462295003
1721,26330.1,0.0
1722,2673.1,25.725400848661398
1723,9945.1,0.623972697552054
1724,2752.1,74.461171178399
1725,51557.1,0.0
1726,1800.1,0.0564503873664213
1727,2762.1,8.59922221867863
1728,2643.1,8.281697518099719
1729,761.1,0.0
1730,766.2,0.0
1731,771.2,70.0046437225679
1732,358.1,0.0551382811624474
1733,361.1,0.0
1734,4284.1,0.0
1735,359.1,0.0
1736,362.1,0.0
1737,3145.1,10.3607626653999
1738,586.1,0.9593640389760649
1739,3614.1,48.63269108349179
1740,3615.1,232.27071044532798
1741,3614.2,48.63269108349179
1742,682.1,93.8395524174819
1743,29926.2,29.0648290814042
1744,29925.2,14.556808446454001
1745,4351.1,22.3881860116052
1746,100287639.1,0.0402222605936466
1747,441024.1,2.40426482236768
1748,65220.1,13.421846653110599
1749,389015.1,0.7819429080367092
1750,6553.1,1.37748222379163
1751,2821.1,88.92487413308642
1752,5230.1,357.81409546555705
1753,375056.1,17.2343611400942
1754,5232.1,0.12352280028463099
1755,5236.1,12.3583585438365
1756,55276.1,14.690709852692
1757,5372.1,8.216721270687309
1758,5373.1,21.1937908400228
1759,80025.2,9.045192969531339
1760,53354.3,5.416385529617809
1761,53354.2,5.416385529617809
1762,80025.3,9.045192969531339
1763,80025.4,9.045192969531339
1764,210.1,6.49402957378757
1765,210.2,6.49402957378757
1766,60490.1,8.18456842084239
1767,79717.1,34.4884949565698
1768,58510.1,0.0
1769,153201.1,0.0
1770,221823.2,0.0
1771,5631.1,10.4086292865076
1772,221823.1,0.0
1773,5634.1,23.1354800761452
1774,29968.1,0.0954083786476353
1775,29968.2,0.0954083786476353
1776,8781.1,0.0
1777,5723.1,10.1846614496726
1778,55312.1,10.2564535722115
1779,6888.1,50.559998787603995
1780,79896.1,8.11204045317515
1781,7086.1,166.80835594171302
1782,84076.1,0.037264107904503
1783,8277.1,0.0
1784,27010.1,1.01566752747823
1785,7167.1,388.151099456908
1786,286016.1,0.724479289720963
1787,2582.1,12.633631477174802
1788,2582.2,12.633631477174802
1789,6675.1,24.0420914073549
1790,91373.1,9.564980516503269
1791,7390.1,17.016549786431902
1792,6563.1,0.0548581462371302
1793,8170.1,0.0
1794,374569.1,0.15343883313563098
1795,100507855.1,0.0
1796,31.5,12.584180869804001
1797,31.4,12.584180869804001
1798,31.2,12.584180869804001
1799,31.3,12.584180869804001
1800,31.1,12.584180869804001
1801,93034.2,0.0
1802,55191.1,28.6140263953782
1803,132.1,25.4629667540407
1804,132.2,25.4629667540407
1805,112611.1,7.08139191455071
1806,98.1,2.2207822604364504
1807,97.2,4.10812345261494
1808,97.1,4.10812345261494
1809,51005.1,11.064028659747802
1810,471.1,34.2027998465813
1811,435.1,6.05975016671094
1812,171425.1,0.29438762023334897
1813,171425.2,0.29438762023334897
1814,132789.1,2.39597981490644
1815,10007.1,32.7773431303438
1816,2584.1,30.0106796243066
1817,2585.2,22.996854871876195
1818,2585.1,22.996854871876195
1819,2592.1,9.74947816532264
1820,2592.3,9.74947816532264
1821,2592.2,9.74947816532264
1822,5471.1,20.131013261946602
1823,84264.2,25.814753506705102
1824,84264.1,25.814753506705102
1825,3034.1,0.24006922978906603
1826,144193.1,0.0977310545323155
1827,2739.1,80.3486836895445
1828,3612.1,2.2343650265553197
1829,3613.1,11.799480462359499
1830,8776.1,12.6237386898556
1831,2978.1,0.0458798972485771
1832,4953.1,43.5747664887578
1833,5214.1,48.295497291142304
1834,5211.2,50.062155935955104
1835,5213.1,19.8621244898595
1836,10050.1,0.0
1837,10786.1,0.0
1838,10246.1,0.0
1839,6569.1,0.0301579792662563
1840,10568.1,0.0245476872625854
1841,5198.1,11.5228370019001
1842,5315.2,290.748153058536
1843,5313.2,0.0329888641720964
1844,5315.3,290.748153058536
1845,113675.1,3.06990488942685
1846,7298.1,16.4180763069411
1847,131669.1,0.0
1848,5973.1,1.13530133232373
1849,1635.1,24.0240353247018
1850,286297.1,0.0
1851,10560.1,46.102609071029704
1852,191.1,138.551840935618
1853,10768.2,39.3513855009019
1854,10768.1,39.3513855009019
1855,51660.1,5.95882284880541
1856,25874.1,11.0236166058011
1857,5205.1,17.281852992155002
1858,57198.1,12.610870693192698
1859,23250.1,4.37209747105515
1860,286410.1,14.604430399867802
1861,5243.1,0.0442649559968248
1862,55856.1,7.05665822295296
1863,7350.1,0.0
1864,26027.1,0.283632516957916
1865,10058.1,10.158096000192801
1866,51458.1,0.45282761926469806
1867,948.1,0.123251916950673
1868,10928.1,23.1281556331256
1869,1728.1,149.253538757661
1870,2946.1,0.220390131420002
1871,125981.1,0.0
1872,55331.1,8.31504262684631
1873,340485.1,1.9345565456610598
1874,5660.1,192.22043024519698
1875,2760.1,16.057964037002
1876,57704.1,12.073431915880198
1877,4759.1,0.0
1878,10825.1,6.5010881007393095
1879,7903.1,7.12692283089466
1880,3991.1,0.0
1881,9388.1,0.0481775980800891
1882,13.1,0.12998351960213303
1883,747.1,1.08763563293345
1884,221955.1,5.62578977143717
1885,5408.1,0.0
1886,5406.1,0.0
1887,57104.1,10.6855155785344
1888,8513.1,0.0
1889,5407.1,0.0
1890,119548.1,0.0
1891,2170.1,1.6175068606095901
1892,2169.1,0.0
1893,2173.1,0.0
1894,2171.1,34.6970645642198
1895,2172.1,1.20388427036347
1896,2167.1,0.0
1897,646486.1,0.0
1898,646480.1,0.0
1899,6296.1,2.73760877316916
1900,348158.1,0.0
1901,54988.1,0.0751182196765117
1902,123876.1,0.0
1903,341392.1,0.0
1904,344967.1,0.0647097124863689
1905,51099.1,3.7242597332221097
1906,154141.1,5.77588495750929
1907,253558.1,10.019137544921499
1908,9663.1,7.54046312541834
1909,64748.1,4.59956017943328
1910,9890.1,0.0623517122105812
1911,79948.1,0.534286920426758
1912,64900.1,10.901467110781901
1913,23175.1,8.802294696436311
1914,84513.1,8.69806385337608
1915,196051.1,0.0
1916,85465.1,28.8644323420683
1917,23646.1,29.666610642764898
1918,122618.1,0.0
1919,201164.1,8.73674213888678
1920,590.1,0.0426549923336792
1921,55750.1,9.969336896233731
1922,79603.1,23.3306778614714
1923,91012.1,6.187856665906629
1924,29956.1,143.518053580705
1925,204219.1,0.0
1926,253782.1,51.160003070448504
1927,10715.1,0.735695268655598
1928,56624.1,0.9496645398226992
1929,55830.1,10.0274622589139
1930,55624.1,6.81352841482988
1931,55757.1,4.648618499538951
1932,168391.1,0.0
1933,83468.1,0.092246368749901
1934,8702.1,5.20026593369104
1935,140687.1,0.0
1936,3703.1,56.363453769877005
1937,56886.1,31.1168400350129
1938,283358.1,1.5488321445381001
1939,8473.1,72.72731071335849
1940,8707.1,0.0
1941,148789.1,12.612270096429802
1942,56983.1,6.8430686030132195
1943,201595.1,81.82599947482709
1944,124872.1,0.7420149258804241
1945,146664.1,0.152184412348176
1946,8708.1,0.0481442648710853
1947,84750.1,4.26320890105813
1948,2529.1,0.0
1949,338707.1,13.1453078502094
1950,145173.1,1.8375392448340702
1951,200810.1,13.4862488410652
1952,2526.1,0.673064464844578
1953,170384.1,4.82199694827047
1954,360203.1,0.0
1955,152586.1,0.0
1956,644378.1,0.0
1957,84752.1,3.2798614160604798
1958,644974.1,0.0
1959,51228.1,18.3966471110366
1960,284004.1,8.22957631292818
1961,79411.1,1.0824874041696602
1962,27090.1,24.257876482863196
1963,129807.1,2.0160235461906697
1964,2524.1,0.0
1965,2527.1,0.0388162016513622
1966,2528.1,0.0328022521183259
1967,113612.1,0.9488796930955731
1968,493869.1,4.87091575789061
1969,64180.1,0.0
1970,64174.1,0.0
1971,10728.1,78.0567905754146
1972,11102.1,7.65855094149401
1973,91179.1,0.862617902814157
1974,8644.1,0.67932811106
1975,10826.1,1.8458353722880199
1976,266740.1,0.0
1977,3930.1,10.2196229719506
1978,4645.1,23.8646738984483
1979,3069.1,201.730605372612
1980,4864.1,11.1778783926095
1981,285440.1,3.40918361385406
1982,79644.1,5.805813755598249
1983,1646.1,3.54202744642896
1984,8630.1,1.44967730889601
1985,158160.1,4.81045106053252
1986,51144.1,7.6254022167593005
1987,51170.1,0.7801787118885111
1988,64834.1,43.188370801645604
1989,83401.1,0.0796161451109939
1990,79993.1,7.75172767254519
1991,51495.1,57.71957085744079
1992,192286.1,159.896322751424
1993,9200.1,3.73461686659157
1994,401494.1,0.0
1995,201562.1,33.2387680193041
1996,9524.1,34.072415646328395
1997,253017.1,0.0
1998,283985.1,0.0468898320936716
1999,3995.1,20.0656852469114
2000,1155.1,43.095220773201596
2001,114571.1,0.0
2002,123096.1,35.681757925902204
2003,57016.1,0.8501866924352559
2004,9917.1,31.3340948098412
2005,79672.1,15.0101695565937
2006,79707.1,8.48138610613896
2007,64122.1,1.96184428422755
2008,55277.1,2.70324539169546
2009,93650.1,0.0
2010,92370.1,7.08369909569725
2011,390928.1,0.775511265549235
2012,139596.1,5.1859694913061
2013,55066.1,15.358439950201301
2014,8974.1,26.400731255401396
2015,5033.1,58.9759896840059
2016,283208.1,0.0
2017,8041.1,0.0
2018,58478.1,36.485225140675794
2019,55256.1,14.9012757696053
2020,259307.1,0.0631056627814468
2021,51312.1,9.27191014396245
2022,81894.1,13.9138408142875
2023,9108.1,1.14699743121443
2024,29085.1,56.65213771167729
2025,55613.1,0.0
2026,23371.1,1.8253209498929501
2027,51559.1,5.9032049661948
2028,9896.1,5.47936003130551
2029,163404.1,1.19584838033963
2030,51496.1,14.6022571464115
2031,374462.1,0.42856685476237105
2032,9107.1,13.217542075745198
2033,8446.1,11.381771547184801
2034,138639.1,5.16776159855159
2035,84814.1,0.14946553638259602
2036,64419.1,25.352176634247797
2037,23203.1,16.6413370417898
2038,22876.1,4.9786245218656
2039,403313.1,5.465852814206119
2040,22908.1,6.9949325905427004
2041,145553.1,0.812084680132138
2042,9562.1,9.100971443314481
2043,3705.1,41.4156958121835
2044,138429.1,3.36107853818982
2045,10170.1,0.0
2046,9249.1,1.98297828781631
2047,220074.1,1.27639517793256
2048,1735.1,0.0
2049,1734.1,0.13987357000664302
2050,1733.1,0.392815786926662
2051,27284.1,0.0
2052,6819.1,0.0345732912356784
2053,84274.1,25.0393567787049
2054,55904.1,10.4529872578511
2055,58508.1,30.8808302184554
2056,9739.1,5.47221141450184
2057,6839.1,6.78260574848099
2058,84444.1,2.90556308592434
2059,9757.1,6.43342448666286
2060,7468.1,9.502039481691359
2061,51111.1,16.733336101893197
2062,55870.1,28.6030358990309
2063,4297.1,18.877422107768
2064,84787.1,6.24254066514994
2065,83852.1,4.14742117511972
2066,23067.1,5.8934502802788495
2067,9869.1,47.9980749865133
2068,80854.1,29.810158297172
2069,54904.1,11.592829069319599
2070,79723.1,16.5315297428836
2071,64324.1,41.4449463852332
2072,8085.1,8.59459545901335
2073,6419.1,7.249340907422071
2074,79813.1,15.4529287321455
2075,29072.1,14.665538661872802
2076,387893.1,24.2445487559752
2077,64754.1,5.46019474647111
2078,10919.1,3.3881581844723
2079,28972.1,43.8112810326877
2080,9789.1,18.5781393382302
2081,60559.1,55.70848729068279
2082,23478.1,125.02341811401699
2083,90701.1,26.7137117776052
2084,57171.1,15.013753599853198
2085,4249.1,15.454681410197502
2086,25834.1,0.0
2087,7837.1,11.750749724993698
2088,137902.1,0.0651404823635405
2089,23262.1,18.471544954479
2090,9677.1,19.995745026967498
2091,26007.1,13.1412219074046
2092,158584.1,5.9658688457549705
2093,283209.1,0.282398026530032
2094,221223.1,0.0
2095,23491.1,0.507387058113605
2096,1066.1,0.0518771203978693
2097,1208.1,0.0
2098,55244.1,0.543314572680519
2099,146802.1,0.0
2100,345274.1,0.0694918550203149
2101,116085.1,0.0
2102,123688.1,3.0637956259653105
2103,51171.1,0.0843789541152086
2104,10202.1,74.59104666975341
2105,10553.1,18.5101654416673
2106,84869.1,9.17300795377964
2107,1487.1,18.136983286067398
2108,56898.1,3.61029225694925
2109,374875.1,1.01624437718958
2110,121214.1,0.0
2111,100288072.1,0.0
2112,93517.1,8.50059429562376
2113,51741.1,13.4785173251759
2114,340811.1,0.0490722925437297
2115,441282.1,0.0627075795977849
2116,133121.1,0.0
2117,85007.1,14.7116970583308
2118,250.1,0.0
2119,251.1,0.0
2120,123264.1,0.111039113021822
2121,200931.1,0.0
2122,10941.1,0.0
2123,79799.1,0.0
2124,0,0.0
2125,5446.1,0.0
2126,513.1,40.7656245658229
2127,498.2,240.439336518325
2128,506.1,342.41016206735804
2129,509.2,141.47414322011298
2130,514.1,8.55937035229719
2131,513.2,40.7656245658229
2132,514.2,8.55937035229719
2133,509.1,141.47414322011298
2134,498.1,240.439336518325
2135,498.3,240.439336518325
2136,10632.1,94.3968166287314
2137,4905.1,14.4510546224519
2138,10476.1,206.404216199085
2139,9551.3,66.7929600012676
2140,522.5,27.6244064972963
2141,516.2,108.73926266232999
2142,521.1,80.12451761404091
2143,515.1,126.18683679823201
2144,518.3,48.4713472173778
2145,515.2,126.18683679823201
2146,10476.2,206.404216199085
2147,522.3,27.6244064972963
2148,517.2,156.49080693467198
2149,9551.2,66.7929600012676
2150,518.2,48.4713472173778
2151,9551.1,66.7929600012676
2152,522.4,27.6244064972963
2153,522.2,27.6244064972963
2154,515.3,126.18683679823201
2155,522.1,27.6244064972963
2156,517.1,156.49080693467198
2157,516.1,108.73926266232999
2158,518.1,48.4713472173778
2159,539.1,20.4264209201864
2160,267020.1,0.0
2161,27109.1,7.7165702668083505
2162,7384.1,75.7167265306876
2163,7388.1,172.515901471708
2164,4519.1,0.0
2165,29796.2,80.61097946574999
2166,10975.1,33.2285585409873
2167,7385.1,70.21053064759771
2168,7386.1,90.13581855900509
2169,1537.1,119.304011194123
2170,27089.1,73.5576327385823
2171,7381.1,34.2526856856671
2172,29796.1,80.61097946574999
2173,9016.1,4.761485134621241
2174,7352.2,0.35940349924997295
2175,7352.1,0.35940349924997295
2176,7351.1,9.321618856230499
2177,9016.2,4.761485134621241
2178,9481.1,0.7511049742313969
2179,4715.1,99.29969043475211
2180,4720.1,29.934468808600002
2181,4719.1,53.24033261204221
2182,4700.1,35.0861089220643
2183,55967.1,78.5958840130106
2184,4709.1,40.11395000760071
2185,4710.1,61.8900697259452
2186,4726.1,65.3307131760875
2187,4718.1,9.952693669802448
2188,4696.1,89.6598686144103
2189,4694.1,155.276547308417
2190,374291.1,7.05628153465628
2191,4728.1,55.40061773277429
2192,4712.2,39.641350244654795
2193,4717.1,30.099012425860302
2194,4705.1,13.3790789841202
2195,4725.1,170.366280448613
2196,4716.1,100.114004492067
2197,4537.1,0.0
2198,7991.1,19.160822432926302
2199,4722.1,30.7146434764354
2200,4541.1,0.0
2201,4539.1,0.0
2202,4707.1,82.34853352308721
2203,4701.1,46.2112520620391
2204,4723.1,83.19666330995629
2205,4698.1,14.8514487771192
2206,4538.1,0.0
2207,4697.1,55.5864605440244
2208,51079.1,8.031803164677559
2209,4714.1,12.324370357844801
2210,4704.1,30.5585644271497
2211,126328.1,2.66448518313086
2212,4711.1,53.7375744559227
2213,4724.1,61.1437861408922
2214,4713.1,55.8205416524355
2215,4536.1,0.0
2216,4695.1,62.247980901522
2217,4702.1,35.6589664024528
2218,4708.1,100.741000798173
2219,4535.1,0.0
2220,4731.2,26.470968113569604
2221,4706.1,89.3540232733627
2222,4729.1,88.8886009274046
2223,4540.1,0.0
2224,7991.2,19.160822432926302
2225,4731.1,26.470968113569604
2226,4712.1,39.641350244654795
2227,54539.1,89.51886357282429
2228,1351.1,274.426487965688
2229,1347.1,136.35426359006001
2230,1329.1,257.118212283561
2231,1327.1,128.349752551237
2232,341947.1,0.589699244296684
2233,9167.1,101.614014354846
2234,1350.1,609.3346353500219
2235,4512.1,0.0
2236,1349.1,170.756727226804
2237,1339.1,0.0
2238,1345.1,644.506698816284
2239,4513.1,0.0
2240,9377.1,102.476539026772
2241,125965.1,0.0
2242,4514.1,0.0
2243,170712.1,0.0
2244,1346.1,0.0
2245,1340.1,226.621419583215
2246,84701.1,0.0
2247,1337.1,341.049258922236
