,entrez_id,MCF7_F_FPKM
0,8639.1,0.0
1,26.1,0.0
2,314.2,0.8006781181688141
3,314.1,0.8006781181688141
4,1591.1,3.60745086207927
5,1594.1,0.805418211523887
6,10993.1,0.335251254543723
7,6818.1,1.0722649170451701
8,89874.1,0.159004395365049
9,92483.1,0.0
10,3948.2,0.0977555059977959
11,55293.1,10.270454867609699
12,3945.1,0.0
13,3939.1,179.74698896493402
14,160287.1,0.0
15,3948.1,0.0977555059977959
16,9123.1,1.15507426105371
17,9194.1,1.69960793985625
18,6566.1,11.249770224377999
19,57835.3,0.0976540998712421
20,8671.1,0.792903181664125
21,57835.2,0.0976540998712421
22,57835.1,0.0976540998712421
23,57835.4,0.0976540998712421
24,4967.2,37.9766032790848
25,1738.1,42.2607110017276
26,8050.1,13.820430030684399
27,1743.1,33.8962145603552
28,4967.1,37.9766032790848
29,130.1,0.0
30,127.1,0.0
31,125.1,0.0
32,124.1,0.0
33,131.1,0.0
34,126.1,0.0
35,128.1,33.1557165248373
36,137872.1,0.6152846553978921
37,1312.1,25.7710066234625
38,1312.2,25.7710066234625
39,117247.1,0.211523541795029
40,218.1,0.4951403144030371
41,222.1,15.118422961205301
42,220.1,25.5345772696801
43,221.1,1.4023196047988
44,3242.1,0.0646334035536405
45,18.1,5.67265475209335
46,18.2,5.67265475209335
47,2531.1,4.56385440044654
48,23498.1,0.0
49,55268.1,3.3089122065334795
50,51166.1,6.02652983664558
51,883.1,1.8579977422870502
52,51166.2,6.02652983664558
53,1644.1,0.0
54,4128.1,2.9544525416972705
55,4129.1,0.0
56,10165.1,12.264841135848698
57,8604.1,3.9473015581304
58,51380.1,5.502765002243309
59,2571.1,0.451968357977464
60,2572.1,0.0
61,2571.2,0.451968357977464
62,2805.1,24.5070924208621
63,2806.1,57.0396785891708
64,8659.1,11.356563692594
65,8659.2,11.356563692594
66,6799.1,0.44892013483966403
67,6817.3,1.48209447122717
68,6799.2,0.44892013483966403
69,6818.2,1.0722649170451701
70,6817.2,1.48209447122717
71,6817.1,1.48209447122717
72,6817.4,1.48209447122717
73,6818.3,1.0722649170451701
74,6817.5,1.48209447122717
75,4363.1,24.722978884134804
76,6822.1,0.0
77,6573.1,10.9579267199434
78,6573.2,10.9579267199434
79,316.1,0.0249340623164819
80,6570.1,0.0
81,6571.1,0.0302818020991966
82,2348.5,0.0
83,2348.3,0.0
84,2348.1,0.0
85,2348.6,0.0
86,2352.1,0.0
87,2348.4,0.0
88,2348.2,0.0
89,4125.1,12.419436797355198
90,53947.1,1.1325679102106299
91,51146.1,0.0
92,28.1,0.0
93,206358.1,4.5525732229922005
94,6529.1,0.0
95,6538.1,0.0
96,6540.1,0.0
97,6539.1,0.0
98,38.1,7.74661737395059
99,3032.1,47.144216366266605
100,10449.1,55.9444550581223
101,3030.1,64.0586769891802
102,39.1,24.608639409418398
103,30.1,22.978294233364302
104,32.1,1.00045865729302
105,9197.1,16.1097994970793
106,84532.1,0.901510997853707
107,79611.1,20.0766658294494
108,64841.1,24.4773017798106
109,55577.1,11.895959357448302
110,5238.1,9.82675659663302
111,9487.1,7.66244030152491
112,162417.1,0.278002369216323
113,43.1,4.70468301311967
114,43.2,4.70468301311967
115,6572.1,0.0
116,47.1,149.688292441423
117,47.2,149.688292441423
118,54187.1,23.5481404430766
119,26503.1,8.70836724800271
120,140838.1,7.13658938021919
121,54.1,0.0
122,51205.1,4.69625430854717
123,36.1,1.8803413909113202
124,34.1,12.4016012408029
125,80724.1,5.935875945652049
126,35.1,2.68487849628171
127,84129.1,2.1884477844411
128,27034.1,4.78438566484368
129,28976.1,24.5265193668953
130,3712.1,22.195268422767896
131,134526.1,0.0615586413443698
132,51.1,51.5449883404729
133,51.2,51.5449883404729
134,95.1,0.274776860116397
135,50.1,50.1431179579646
136,48.1,8.015852398554191
137,8309.1,0.0543603593335513
138,52.1,49.3704407491268
139,52.3,49.3704407491268
140,52.2,49.3704407491268
141,55.1,0.39450414782976395
142,788.1,5.912781573224589
143,55902.1,12.7758761831758
144,65985.1,17.110880499061597
145,55902.2,12.7758761831758
146,438.1,0.0
147,1571.1,0.0582112787019918
148,100.1,1.3108936783412
149,3177.1,33.440261853222104
150,205.3,7.098972794574361
151,205.1,7.098972794574361
152,204.1,33.4729352400105
153,204.3,33.4729352400105
154,204.2,33.4729352400105
155,205.2,7.098972794574361
156,26289.1,0.0224099392432012
157,26289.2,0.0224099392432012
158,50808.1,11.163801481753
159,262.1,37.1416854480785
160,112.1,9.126815263560289
161,55811.1,0.0427732389508161
162,109.1,15.2645715224491
163,112.2,9.126815263560289
164,114.1,0.0
165,108.1,0.127447996505394
166,113.1,6.06406287790007
167,107.1,6.03760261032617
168,196883.1,0.0608130182660707
169,115.1,11.208420874053
170,111.1,0.0178647978510062
171,2030.1,9.01743210029714
172,9154.2,0.0
173,9154.1,0.0
174,64078.1,0.127455391654316
175,9153.1,0.0
176,55315.1,9.11151847808756
177,11164.1,77.8754136767225
178,952.1,0.0
179,1375.1,0.0
180,1375.3,0.0
181,1375.4,0.0
182,126129.1,0.12961386792768498
183,1374.1,48.1476788789902
184,1375.2,0.0
185,1376.1,8.7627353120403
186,9060.1,1.23710000463625
187,9061.1,35.4531762570574
188,158.1,28.5749399825598
189,158.2,28.5749399825598
190,79369.1,2.0029479207633503
191,10678.1,31.368102540816196
192,11041.1,6.85195259721362
193,146712.1,1.79045091995725
194,374907.1,0.4688508473362801
195,93010.1,0.0
196,374907.2,0.4688508473362801
197,10678.2,31.368102540816196
198,10331.1,1.55809213940846
199,79814.1,3.9796471053002502
200,10555.1,31.541685474001998
201,137964.1,13.068997114686
202,56895.1,0.535968676161949
203,56894.2,21.930727567958197
204,56894.1,21.930727567958197
205,55326.1,9.57476125098615
206,10554.1,1.10354173834652
207,129642.1,18.228765309298502
208,64902.1,0.0
209,64850.1,0.0
210,189.1,0.0454610900764831
211,3073.1,24.047064531975003
212,3074.1,63.6603751131087
213,10606.1,75.56420617307201
214,8402.1,21.2461558557803
215,1468.1,24.176184874292804
216,64849.1,1.35548671383553
217,64849.2,1.35548671383553
218,1645.1,0.309702674623965
219,1109.1,0.0
220,6718.1,0.0376253206538279
221,6510.1,109.929101729718
222,6509.1,2.81480474986395
223,56301.1,0.0
224,6520.1,60.455951002857105
225,212.1,0.0
226,23464.1,12.6203960792433
227,211.2,13.411800269863999
228,211.1,13.411800269863999
229,54407.1,94.65297059432491
230,6542.1,2.33328726462577
231,11254.1,0.0
232,6541.1,20.563562283876802
233,81539.1,82.676572857058
234,55089.1,0.0
235,84889.1,0.0553674767098235
236,340024.1,0.0
237,57393.1,0.0
238,59272.1,0.0702788744127491
239,2875.1,0.404710496503081
240,84706.1,9.084064201154519
241,92745.1,0.10438093114442401
242,10991.1,0.0961455914984067
243,284273.2,6.7334315245469405
244,284273.1,6.7334315245469405
245,10327.1,24.8791404921842
246,10327.2,24.8791404921842
247,216.1,0.0
248,8854.2,0.0322751529187889
249,501.1,13.1562849261849
250,8854.1,0.0322751529187889
251,223.1,14.252141583029001
252,224.1,19.0618295984208
253,8854.3,0.0322751529187889
254,219.1,22.0780969506944
255,217.1,0.182793305390053
256,239.1,0.0
257,247.1,0.0
258,246.1,0.6221979661327
259,240.1,3.92090807344537
260,8574.1,16.526408123919698
261,231.1,0.0
262,23600.1,5.71717915823134
263,23600.2,5.71717915823134
264,115286.3,3.7273538643269597
265,115286.2,3.7273538643269597
266,115286.1,3.7273538643269597
267,271.2,14.2721053873411
268,270.1,0.730362832841388
269,271.1,14.2721053873411
270,272.1,0.659464464279352
271,271.3,14.2721053873411
272,290.1,0.10316553674068801
273,280.1,0.47697600295679904
274,278.1,0.0
275,276.1,0.0
276,277.1,0.0
277,6519.1,0.0214085058333907
278,11136.1,0.0
279,276.2,0.0
280,279.1,0.0709542508203335
281,10998.1,3.5671209861789
282,113451.1,0.0971652498073772
283,9057.1,24.603016290165897
284,384.1,1.83839597037067
285,445.1,79.47650701602458
286,445.2,79.47650701602458
287,83884.1,3.01172503164416
288,10166.1,9.73927822600473
289,410.1,2.4261435378808702
290,427.1,28.900514360634
291,427.2,28.900514360634
292,9962.2,6.92783487501711
293,9963.1,0.15948928805739498
294,9962.1,6.92783487501711
295,9963.2,0.15948928805739498
296,80150.1,2.6919896085780604
297,440.1,29.019221181901496
298,440.3,29.019221181901496
299,440.2,29.019221181901496
300,790.1,21.2081037860305
301,6511.1,0.0
302,6505.1,0.0671399142557742
303,6507.1,8.64662828498703
304,6506.1,0.0200877122031159
305,6512.1,0.0
306,50617.1,5.45893302840954
307,533.1,39.6106257087631
308,527.1,1.52946469985179
309,8992.1,197.100370222359
310,245972.1,0.0529612108443755
311,9114.1,47.170802700041506
312,535.1,9.169001217794369
313,50617.3,5.45893302840954
314,10312.1,10.4694618088679
315,50617.2,5.45893302840954
316,23545.1,9.100616099124991
317,10312.2,10.4694618088679
318,51382.1,26.2712238909425
319,9296.1,74.2046850252938
320,529.1,60.83829570569161
321,245973.1,1.08472405914591
322,523.1,37.5338210581109
323,51606.1,19.1594968642888
324,9550.1,60.4605971993221
325,526.1,18.225685547936
326,127124.1,0.0
327,525.1,1.08150389504303
328,90423.1,1.20507494912695
329,51606.2,19.1594968642888
330,51606.3,19.1594968642888
331,534.2,0.0223719935301969
332,528.2,26.252289122281898
333,534.1,0.0223719935301969
334,528.1,26.252289122281898
335,127124.2,0.0
336,954.1,0.330808165628083
337,954.2,0.330808165628083
338,953.1,0.0274176648539034
339,956.1,0.601181312287506
340,955.1,13.7947901684534
341,957.1,3.48567300599097
342,377841.1,0.0508376142977602
343,291.1,16.5274924357649
344,293.1,67.3264039637003
345,292.1,298.604793500785
346,4126.1,11.183277125293
347,8706.4,4.68839809924722
348,8706.1,4.68839809924722
349,8706.3,4.68839809924722
350,8706.2,4.68839809924722
351,8705.1,0.268010113240932
352,10317.4,0.0336870825821712
353,10317.1,0.0336870825821712
354,10317.3,0.0336870825821712
355,10317.2,0.0336870825821712
356,10317.5,0.0336870825821712
357,84002.1,0.21091043007968102
358,570.1,0.0711553683113208
359,3141.1,4.548496825490281
360,140679.1,0.0
361,8424.1,0.0654763013568962
362,53630.1,0.0468351006347649
363,622.2,9.49296325471033
364,622.3,9.49296325471033
365,622.1,9.49296325471033
366,23743.1,0.0
367,635.1,0.0
368,10599.1,0.0900739646222963
369,1244.1,0.149100854921208
370,8714.1,44.0432124640248
371,28234.1,0.0
372,645.1,74.4896955703205
373,644.1,13.780281694851801
374,9488.1,4.74192070332139
375,10380.1,12.852723919014599
376,686.1,8.75384323746167
377,8884.1,80.705916746454
378,80704.1,1.5519519089975602
379,51733.1,0.0345114296676299
380,7108.1,23.6771393707377
381,50814.1,26.335693152024604
382,3295.1,48.9328106976783
383,6307.1,51.879458985636
384,492.1,0.0
385,491.1,0.0
386,490.1,53.2270481640617
387,493.1,16.0378864882138
388,847.1,30.132564049523
389,6547.6,0.0778648075069292
390,6547.4,0.0778648075069292
391,6547.2,0.0778648075069292
392,6546.1,2.13084971247413
393,6547.1,0.0778648075069292
394,6547.5,0.0778648075069292
395,6543.1,0.0483691983434181
396,6547.3,0.0778648075069292
397,166785.1,0.86593317478512
398,2538.1,0.0
399,57818.1,0.0
400,92579.1,19.263013427650897
401,1373.1,1.05870877931238
402,1373.2,1.05870877931238
403,873.1,17.073381361182403
404,10423.1,36.013623374175296
405,10423.2,36.013623374175296
406,1040.1,14.189239699581302
407,8760.1,6.1941149948101195
408,10390.1,10.0702176264549
409,56994.1,4.73247220809895
410,64781.1,13.9495897485665
411,64781.2,13.9495897485665
412,10087.1,11.091273000715802
413,6565.1,1.340859335935
414,9023.1,0.0
415,1103.4,0.0
416,1103.2,0.0
417,1103.3,0.0
418,1103.1,0.0
419,162466.1,0.0
420,5130.1,40.359252986668
421,9468.1,0.0
422,6579.1,0.0
423,6554.1,0.0
424,6555.1,0.0
425,8714.3,44.0432124640248
426,8647.1,0.0
427,8714.2,44.0432124640248
428,55349.1,6.1302673005698205
429,1120.2,1.81335360290629
430,1119.1,35.156146868822304
431,1120.1,1.81335360290629
432,1119.2,35.156146868822304
433,60482.1,0.0
434,6582.1,0.0
435,6584.1,20.707485842704898
436,6582.2,0.0
437,6820.1,14.9192296370786
438,10948.1,7.12184900090163
439,19.1,0.0584185375133435
440,27159.1,0.0
441,54682.1,4.73751320730256
442,1118.1,0.0
443,27159.2,0.0
444,9058.1,2.4037234796533196
445,6576.1,86.04697860017309
446,1159.1,10.8098192119716
447,1160.1,0.0
448,548596.1,14.993055395033199
449,1152.1,28.581618066384397
450,1158.1,0.0
451,5172.1,0.0228964008940478
452,65010.1,1.34829749259397
453,65010.3,1.34829749259397
454,65010.2,1.34829749259397
455,54675.1,6.0439148348325995
456,10559.1,12.7472020378505
457,55907.1,12.6637517368516
458,8034.1,7.4442347763461605
459,8824.1,8.36189852874794
460,51805.1,2.77826557441325
461,51004.1,7.589036826930389
462,51004.2,7.589036826930389
463,10229.1,3.1526757777550296
464,9245.1,0.0
465,2650.1,3.5592186357442896
466,51301.1,5.11424032542601
467,192134.1,0.0
468,6535.1,2.1269627279364
469,386757.1,0.0
470,1384.1,1.46145457070557
471,6583.1,5.353183668512299
472,1431.1,74.4046763992835
473,1431.2,74.4046763992835
474,54677.1,3.3990011556062103
475,1384.2,1.46145457070557
476,1384.3,1.46145457070557
477,8140.1,32.6297249212154
478,23428.1,0.0
479,23428.2,0.0
480,1036.1,0.0
481,124935.1,15.9644821142295
482,23657.1,3.27845704443354
483,978.1,0.0
484,57379.1,0.0
485,7371.1,16.7612544296074
486,83549.1,16.9559497666493
487,51727.1,33.812592892704004
488,129607.1,2.6799963263271804
489,9162.1,0.102778357994817
490,1607.1,0.0
491,8525.2,15.471108307098598
492,160851.1,8.143808847758711
493,1608.1,0.0
494,1607.2,0.0
495,8525.1,15.471108307098598
496,8527.1,6.0408902416983095
497,1606.1,0.665939264788498
498,160851.2,8.143808847758711
499,8526.1,7.412484431171451
500,8525.3,15.471108307098598
501,8527.2,6.0408902416983095
502,1609.1,1.73016507880139
503,1610.1,0.0966266895313086
504,2745.1,1.1355675787198702
505,51022.2,9.49061757562589
506,51022.1,9.49061757562589
507,8528.2,0.0734453304278349
508,8528.1,0.0734453304278349
509,1632.1,40.2469928537529
510,10455.1,12.5138861031378
511,1633.1,8.93897232293198
512,1638.1,0.0523646515232248
513,6319.1,228.127025729742
514,9415.1,5.4573073783117305
515,3992.1,30.0090936498633
516,8694.1,6.944994409916281
517,84649.1,10.741155108902099
518,1716.5,32.4767033492538
519,1716.1,32.4767033492538
520,1716.4,32.4767033492538
521,1716.2,32.4767033492538
522,1716.3,32.4767033492538
523,6515.1,0.8924596118925241
524,6513.1,16.2797278413506
525,6517.1,0.7992660315277471
526,1718.1,135.136414672964
527,1581.1,0.0
528,1717.1,79.8794169655475
529,8560.1,12.5335542212511
530,8560.2,12.5335542212511
531,123099.1,0.804030339722797
532,11309.1,0.0243582514459868
533,6783.1,0.0
534,1723.1,6.61982403038721
535,1807.1,0.0
536,1809.1,0.35677546903867796
537,1808.1,5.98160835403974
538,23539.1,0.0
539,2224.1,169.41509954201598
540,29958.1,0.0307040287918713
541,60386.1,12.098707947386199
542,84920.1,5.338632321795839
543,79087.1,11.530947827583198
544,26002.1,0.0
545,1621.1,0.0
546,7299.1,0.0
547,6530.1,0.0235272857921593
548,6531.1,0.127623863448063
549,6581.1,0.0
550,669.2,45.0791737264059
551,5223.1,193.62371604003997
552,5224.2,0.0
553,5224.1,0.0
554,669.1,45.0791737264059
555,4597.1,26.178052259039802
556,51071.1,5.45215411355412
557,1806.1,1.66510268760498
558,7083.1,44.147734860411504
559,7084.1,0.6682046631903901
560,1854.1,14.0830603582791
561,3704.1,21.0678346453097
562,10682.1,35.280217532791205
563,1892.1,103.228931665447
564,549.1,6.955819139705371
565,1891.1,13.4187485926776
566,1962.1,2.21149380294032
567,11001.1,10.6619432155934
568,28231.1,7.27968631912405
569,53919.1,0.0
570,10257.1,5.98897202777905
571,28232.1,2.26729141364196
572,2109.2,38.8673195143623
573,2108.1,205.89042304748799
574,2109.1,38.8673195143623
575,2110.1,7.452269603022519
576,55500.1,8.24857375904497
577,55224.1,19.096677747392302
578,8790.1,2.71526600379426
579,51086.1,0.0
580,2181.1,35.660832001777
581,2182.1,3.8114202983298098
582,2180.1,25.8777341938976
583,2181.2,35.660832001777
584,51703.1,1.21384437505052
585,81616.1,0.0452317368292504
586,23305.1,0.0139775133297517
587,2182.2,3.8114202983298098
588,116285.1,0.0565142141833273
589,5167.1,2.30294204968284
590,5169.1,0.0
591,6785.1,3.0354042999629303
592,79071.1,9.65808260377516
593,60481.1,17.015094931671
594,54898.1,0.15408552627199804
595,1579.1,0.0
596,2194.1,130.410694671804
597,376497.2,0.6247133789973089
598,10999.1,13.510080092992
599,376497.1,0.6247133789973089
600,11000.1,8.062702363730349
601,226.2,274.446399159231
602,229.1,0.0
603,226.3,274.446399159231
604,230.1,19.7666251497905
605,226.1,274.446399159231
606,2203.1,14.9559392628343
607,5210.1,2.16800996905862
608,5207.1,0.133175670770472
609,5209.1,27.847125330497104
610,5208.1,9.872207729305499
611,8789.1,0.0962561884211426
612,2235.1,5.47143199896123
613,2235.2,5.47143199896123
614,10840.1,0.14310953395151801
615,79901.1,0.11405549268620599
616,197258.1,6.037506611834201
617,125061.1,5.7385954988595405
618,1719.1,25.731684955332998
619,2356.1,18.5290655168452
620,29988.1,8.62249533677931
621,6514.1,0.0
622,155184.1,0.0
623,6518.1,0.0
624,66035.1,3.38937682681335
625,160428.1,2.2227796906045
626,25902.1,18.571663263437
627,4522.1,44.652473955417605
628,2519.1,21.2087157411263
629,2517.1,9.441860746751841
630,2184.1,3.36550582989121
631,2271.1,43.0270833469463
632,2523.1,5.95319325654762
633,2525.1,0.678476052438756
634,10690.1,2.3930621196347404
635,8703.1,27.0164580503696
636,8704.2,26.656414802516498
637,8704.1,26.656414802516498
638,2683.1,35.0936446366214
639,9334.1,31.8906709775979
640,2820.1,16.634693737528902
641,5832.1,50.6711699226785
642,9563.1,5.50819834124717
643,2539.1,73.2523454776028
644,2542.1,22.6544808728941
645,2593.1,3.52547409325622
646,2593.2,3.52547409325622
647,9514.1,0.0
648,5476.1,62.9506237053403
649,2720.1,46.7373348393637
650,2588.1,31.389897682462603
651,4758.1,7.128953620762969
652,2581.1,8.81854496409636
653,2583.1,5.53797530372463
654,55790.1,0.230120722613675
655,55454.1,4.19792875254749
656,79586.1,24.8981057656603
657,22856.1,18.7230894185118
658,337876.1,1.94100107785314
659,26290.1,0.0
660,79695.1,1.74394393003454
661,2589.1,40.3268750141513
662,50614.1,0.0
663,8693.1,0.162889597313346
664,55568.2,15.886687442401
665,114805.1,0.423434452003947
666,11226.1,26.2654415618151
667,117248.1,0.30505419818942
668,11227.1,0.0781557096520361
669,55568.1,15.886687442401
670,2590.1,24.380710897567702
671,51809.1,18.3944075419532
672,79623.1,3.1008406181103703
673,63917.1,7.04258488504396
674,2591.1,15.575234926422501
675,81031.1,1.9264874924618798
676,126792.1,10.699606228108301
677,11285.1,16.5026201122262
678,8972.1,0.0774324921043615
679,2618.1,25.4945300679424
680,2618.2,25.4945300679424
681,175.1,10.6887414255516
682,2629.2,31.367813017450104
683,2629.3,31.367813017450104
684,2629.4,31.367813017450104
685,2629.5,31.367813017450104
686,2629.1,31.367813017450104
687,26301.1,0.0421201576178422
688,4329.1,22.660752660518497
689,7915.1,14.4940594993421
690,7915.2,14.4940594993421
691,275.1,0.37245718012216605
692,2731.1,3.1964433607281397
693,2653.1,63.656758366002904
694,2651.1,0.495323496169372
695,55343.1,8.104115328952
696,7264.1,41.0150757651241
697,8836.1,28.7715682558982
698,79017.1,25.735151397849897
699,8908.1,0.850343329345187
700,2998.1,0.0
701,2992.1,60.462215573164904
702,2997.1,12.8362868406393
703,2687.1,0.144661624703615
704,6472.1,47.9036637232828
705,6470.1,13.316001123249302
706,6470.2,13.316001123249302
707,2717.1,18.2393445034513
708,2632.1,12.979169880827198
709,2990.1,16.945446758363303
710,8372.1,1.12180995760728
711,26035.1,8.9017024820454
712,54480.1,33.3032868352853
713,2131.1,32.023343384955
714,2132.1,19.5691606500165
715,2132.2,19.5691606500165
716,27087.2,0.0
717,135152.1,0.0
718,27087.1,0.0
719,26229.1,22.915908538431697
720,4669.1,13.8963211603021
721,64579.1,0.0
722,3340.1,21.0744955141187
723,9348.1,0.502431158203396
724,8509.1,10.0175076357692
725,2137.1,4.85046168403575
726,2135.1,1.52616870039975
727,2134.1,0.0
728,56606.1,0.0
729,154091.1,0.134507665334349
730,11182.1,11.0436901440008
731,56606.2,0.0
732,144195.1,0.122896282344488
733,6523.1,0.0
734,178.4,4.21601402428172
735,178.5,4.21601402428172
736,178.1,4.21601402428172
737,178.3,4.21601402428172
738,178.2,4.21601402428172
739,178.6,4.21601402428172
740,5834.1,26.1002231598414
741,5837.1,0.41654226670742206
742,5836.1,60.2823978749531
743,2729.1,11.621669851772001
744,2730.1,7.10479639817943
745,2747.1,8.81583016316568
746,2746.1,38.1847139753559
747,10841.1,0.7255379751512709
748,10841.2,0.7255379751512709
749,2744.1,14.0037353530391
750,27165.2,0.584223024029792
751,27165.1,0.584223024029792
752,83733.1,0.8679697482216899
753,79751.1,5.702352876017231
754,2639.1,10.433223774991198
755,2639.2,10.433223774991198
756,57084.1,0.0
757,246213.1,0.0315134495860331
758,57030.1,0.0498186424692081
759,54363.1,0.0
760,51179.2,0.0
761,51179.1,0.0
762,2628.1,0.0
763,9380.1,20.1103925436999
764,2710.2,1.20488965072075
765,2712.1,0.0
766,2710.1,1.20488965072075
767,2713.1,0.05623569431055999
768,3029.1,19.2536767550663
769,6536.1,8.29053075348124
770,6536.2,8.29053075348124
771,5226.1,78.9914955940765
772,27232.1,0.352578847475196
773,57678.1,3.42524206745071
774,284098.1,8.22170762234738
775,80055.1,0.971166231945837
776,93183.1,6.36012430924484
777,54965.1,6.54310898278479
778,2936.1,26.414403908632302
779,7001.3,175.70111298246601
780,5052.3,429.90870015600996
781,2877.1,0.502407216949313
782,2876.2,0.0
783,5052.2,429.90870015600996
784,2876.1,0.0
785,5052.1,429.90870015600996
786,7001.1,175.70111298246601
787,2879.1,112.44112560597
788,7001.2,175.70111298246601
789,2878.1,11.9031900284471
790,257202.1,0.0
791,2882.1,0.0
792,10935.1,53.3313734242557
793,10935.2,53.3313734242557
794,2937.1,11.8994070470728
795,2679.1,0.261586807296638
796,2678.1,0.5428646820563421
797,2678.3,0.5428646820563421
798,2678.2,0.5428646820563421
799,2977.1,0.686101719899529
800,2983.1,0.663765572190216
801,4882.2,0.365941894172507
802,2982.1,1.1399708745806698
803,2974.1,2.39376201829361
804,2986.1,0.0325682588742008
805,4882.1,0.365941894172507
806,2984.1,0.0
807,4881.1,0.0553919107242586
808,3000.1,0.0
809,9615.1,0.0
810,763.1,0.0
811,11238.1,0.478600066831384
812,23556.1,6.35958219819261
813,23556.2,6.35958219819261
814,55650.1,3.7804088674802405
815,53905.1,0.0
816,50506.1,0.0
817,53905.2,0.0
818,343.1,0.0
819,84720.2,5.38009204295485
820,5281.1,11.1891659663002
821,84720.1,5.38009204295485
822,5281.2,11.1891659663002
823,54872.1,4.4377727572170995
824,80235.1,2.5559029372692903
825,10026.1,4.759623444789759
826,8733.1,37.3801619855677
827,128869.1,10.862140647216599
828,94005.1,35.483352871762904
829,51604.1,18.7154179474905
830,3028.1,49.790137721544
831,3033.1,14.1993671250892
832,3038.2,0.10035424321500698
833,3036.1,0.0
834,3038.1,0.10035424321500698
835,3037.1,0.0
836,27235.1,18.7484120356892
837,6522.1,62.78081861832211
838,83697.1,0.146163691063953
839,6521.1,0.0
840,6508.2,1.3636960878305602
841,6508.1,1.3636960878305602
842,2645.1,0.0
843,3099.1,8.60027941276873
844,3098.3,19.483714554072698
845,2645.2,0.0
846,80201.1,0.0
847,3098.2,19.483714554072698
848,2645.3,0.0
849,3098.1,19.483714554072698
850,3098.4,19.483714554072698
851,3101.1,0.10103413176912
852,3098.5,19.483714554072698
853,3081.1,0.0392734886424186
854,11112.1,6.773373758725669
855,3067.1,0.0
856,495.1,0.0
857,496.1,0.0
858,8942.1,6.793182521066299
859,3157.1,31.212758032708003
860,3157.2,31.212758032708003
861,3158.1,0.0
862,3155.1,5.18062881119551
863,54511.1,0.10843893710684199
864,3162.1,8.44681349561332
865,3163.1,22.468037416339698
866,26062.1,0.0
867,197257.1,3.33180204322604
868,197257.2,3.33180204322604
869,6448.1,7.981684545027719
870,3290.2,0.0
871,3290.1,0.0
872,3291.1,3.1346170435467497
873,3292.1,0.43207597143259896
874,7923.1,1.7450585904852802
875,3294.1,0.0
876,51478.1,6.57758206077841
877,3283.1,0.7871714747507809
878,3284.1,0.0
879,80270.1,11.348353652544802
880,57026.1,0.31301264264630896
881,3421.2,35.0477047808253
882,3420.3,25.0664784166538
883,3419.1,18.0714022715763
884,3420.1,25.0664784166538
885,3421.1,35.0477047808253
886,3420.2,25.0664784166538
887,3417.1,40.7727681030065
888,3418.1,169.120510985801
889,7173.4,0.0
890,7173.1,0.0
891,7173.3,0.0
892,7173.2,0.0
893,7173.5,0.0
894,3425.1,1.4662102426502999
895,587.1,11.203844436366598
896,8501.1,1.3317567077047199
897,55586.1,0.0
898,114134.1,1.07418116988592
899,6526.1,12.354183234805
900,3422.1,60.248673456561605
901,91734.1,0.0
902,160728.1,0.0
903,8802.1,50.43304749612221
904,8801.1,21.587411161522997
905,8803.1,12.466906887371499
906,6560.1,0.0673380202259495
907,10723.1,14.743166935111
908,9990.1,2.50618441999008
909,57468.1,0.636798104887328
910,3795.1,2.3626930767278997
911,3795.2,2.3626930767278997
912,84679.1,5.60415539427189
913,23315.1,4.41327160472408
914,8564.1,0.0874385717179867
915,3938.1,0.0600182035549107
916,53.1,18.8344370398326
917,3931.1,0.0927016762933308
918,387775.1,0.0
919,124637.1,8.410313800051691
920,366.1,0.0
921,11283.1,0.0375690121823316
922,4047.1,45.4825233684264
923,5321.1,0.0857363864079029
924,1178.1,0.0
925,29124.1,0.0
926,51268.1,0.10407800141058901
927,4023.1,0.0
928,3990.1,0.204343621817126
929,1056.1,0.578666708597179
930,80339.1,1.53882325346033
931,11343.1,3.5413951072977503
932,11343.2,3.5413951072977503
933,50487.1,0.7799181029975609
934,9227.1,0.0752807295288904
935,6309.1,2.7637480107058705
936,4048.1,35.4441192726909
937,4056.1,0.0
938,4259.1,10.7492418057655
939,4056.2,0.0
940,4258.1,9.12687613269376
941,2954.1,21.4299143392241
942,2954.3,21.4299143392241
943,2954.2,21.4299143392241
944,2548.1,39.89978374606729
945,56922.1,13.631633855181
946,64087.1,38.8405494736609
947,23417.1,10.0071353975876
948,4357.1,5.9453739540468
949,4191.1,159.085737383705
950,4190.1,109.853307948767
951,4200.1,6.49044107714834
952,4199.1,32.5840198001615
953,10873.1,0.253315983251604
954,3620.1,0.19500476908519399
955,1557.1,0.0
956,1543.1,3.14292472468857
957,1545.1,11.472736431059802
958,1544.1,0.120420277935245
959,4143.1,0.11062109550631899
960,27430.2,16.6193425621848
961,4144.1,62.41826181067229
962,27430.1,16.6193425621848
963,4548.1,17.441276760172
964,4598.1,11.1406570740683
965,3635.1,0.0519635974751273
966,8867.2,2.60410932989979
967,3636.1,52.0909982736742
968,27124.2,0.7702124463254179
969,8867.1,2.60410932989979
970,27124.1,0.7702124463254179
971,3633.1,5.83950999610245
972,56623.1,6.387310055799181
973,3632.1,7.738832520316111
974,3628.1,1.17857342442413
975,3706.1,2.1722975827136
976,80271.1,11.161281825717001
977,3707.1,0.656398969965444
978,51477.1,26.870072403818302
979,3631.2,12.196668676306901
980,3631.1,12.196668676306901
981,8821.1,55.6796419920069
982,2595.1,0.840147722230053
983,84693.1,4.328209300040339
984,4594.1,6.33081360304408
985,116255.1,0.0
986,80168.1,0.0
987,4507.1,2.9581119801025597
988,10797.1,104.754030161983
989,56913.1,6.610878282764241
990,443.1,0.0
991,91703.1,0.675866529160146
992,4668.1,5.86155236929779
993,9498.1,2.38982461500413
994,57282.1,0.0
995,6528.1,2.49210932572233
996,481.1,54.6574139880549
997,478.1,0.835961490362996
998,477.1,0.0210177611689836
999,23439.1,0.0
1000,483.1,50.9098735632735
1001,476.1,96.83489781918742
1002,480.1,0.0
1003,482.1,0.0
1004,6548.1,5.0539895547362
1005,6550.1,0.0
1006,6549.1,8.211031388022139
1007,84735.1,0.0
1008,55748.1,17.0491285284429
1009,6559.1,0.0225468061255919
1010,123041.2,0.0112673312119542
1011,57419.1,1.25873096383277
1012,9187.1,3.6587307576269597
1013,123041.3,0.0112673312119542
1014,25769.1,0.0
1015,123041.1,0.0112673312119542
1016,124583.1,26.374510018863102
1017,79077.1,56.0348525451651
1018,9583.1,10.3895040082461
1019,1841.1,31.8726612061697
1020,4832.1,31.8043851660605
1021,4831.1,0.8071901588499669
1022,4830.1,101.58151181698099
1023,10201.1,5.02303222815169
1024,29922.2,2.69884526494626
1025,29922.1,2.69884526494626
1026,4830.2,101.58151181698099
1027,4833.1,43.5903428551053
1028,57127.1,3.55681330995112
1029,6005.1,0.0
1030,6557.1,0.0
1031,6558.1,19.308582598125
1032,349565.1,2.07593419029769
1033,64802.1,3.0873262317399597
1034,23057.1,3.22335308095119
1035,23057.2,3.22335308095119
1036,10135.1,23.2283670335396
1037,4837.1,0.0
1038,5409.1,0.0
1039,4846.1,0.0
1040,201288.1,0.0
1041,4842.1,0.0
1042,4843.2,0.0530844024957369
1043,4843.1,0.0530844024957369
1044,645740.1,0.0
1045,4860.1,41.064105026729
1046,6580.1,0.329270906876102
1047,55808.1,0.0
1048,30833.1,27.4759901853091
1049,5251.1,0.19151368584249304
1050,56953.1,1.25049135443258
1051,4907.1,9.82598423503617
1052,3704.2,21.0678346453097
1053,6476.1,0.0
1054,5009.1,0.0
1055,5019.1,16.1465806973977
1056,64064.1,0.894591505545619
1057,1629.1,2.10542216689777
1058,594.1,6.8980835719392894
1059,593.1,16.263470080517198
1060,594.2,6.8980835719392894
1061,26873.1,9.974361375690721
1062,4942.1,21.8900968198745
1063,7372.1,14.2099291977035
1064,1836.1,8.067353334353829
1065,10861.1,0.0
1066,10861.3,0.0
1067,10861.2,0.0
1068,1811.1,0.0
1069,1583.1,0.0
1070,1584.1,0.0
1071,1585.1,0.0
1072,1586.1,0.0
1073,1588.1,0.0
1074,1588.2,0.0
1075,1576.1,0.0
1076,1589.1,0.0168469323805342
1077,1593.1,0.16421901836175698
1078,1553.1,0.0
1079,1548.1,0.0
1080,1562.1,0.0
1081,1558.1,2.58452605472418
1082,1558.2,2.58452605472418
1083,1559.1,0.0
1084,1565.1,0.832247598983044
1085,1572.1,0.0
1086,51302.1,0.0
1087,64816.1,0.0
1088,64816.3,0.0
1089,64816.2,0.0
1090,1577.1,0.0410592311747366
1091,1551.1,0.0
1092,10858.1,0.131249288638379
1093,66002.1,0.050207227880468
1094,4051.1,0.0
1095,8529.1,0.0
1096,9420.1,0.0
1097,1582.1,0.0
1098,5831.1,52.153718112968704
1099,5831.2,52.153718112968704
1100,5051.1,2.6904120463564904
1101,5049.1,24.019131553857697
1102,5050.1,39.733804532026205
1103,5048.1,25.6893947429007
1104,7941.1,0.0
1105,347734.1,38.209177100209104
1106,57194.1,0.0
1107,5338.1,12.3797719914887
1108,5337.1,2.05767327378967
1109,130013.1,0.0
1110,5091.1,8.612534374685321
1111,5091.2,8.612534374685321
1112,5244.1,0.0276715321210692
1113,5244.3,0.0276715321210692
1114,5244.2,0.0276715321210692
1115,5139.1,0.0
1116,5142.1,1.46997214997
1117,5151.3,9.39856171001228
1118,5153.1,0.0331795056043272
1119,5150.2,8.467488829047179
1120,5143.1,0.0990932129219762
1121,5150.1,8.467488829047179
1122,5137.1,0.0286374788275542
1123,5144.1,5.78552823067041
1124,5136.2,0.0791288067462064
1125,5140.2,0.361421155557892
1126,5151.2,9.39856171001228
1127,10846.1,0.9360471289763309
1128,5151.5,9.39856171001228
1129,5140.1,0.361421155557892
1130,5141.1,1.5853245304852501
1131,5138.1,0.0801861603712755
1132,5136.1,0.0791288067462064
1133,5151.4,9.39856171001228
1134,5151.1,9.39856171001228
1135,27115.1,0.0426932209867925
1136,50940.1,0.0255637616499328
1137,8622.1,1.11153603958802
1138,5146.1,0.0
1139,5152.17,9.8893024613043
1140,5152.6,9.8893024613043
1141,5152.11,9.8893024613043
1142,5152.2,9.8893024613043
1143,8654.2,15.0092966817389
1144,5152.10,9.8893024613043
1145,5145.1,0.111235439295613
1146,5158.1,0.0601428220896837
1147,5149.1,0.0
1148,5152.12,9.8893024613043
1149,5152.15,9.8893024613043
1150,5152.5,9.8893024613043
1151,5152.20,9.8893024613043
1152,5152.19,9.8893024613043
1153,5152.16,9.8893024613043
1154,8654.3,15.0092966817389
1155,5152.14,9.8893024613043
1156,5152.13,9.8893024613043
1157,5152.7,9.8893024613043
1158,5152.3,9.8893024613043
1159,8654.1,15.0092966817389
1160,5152.18,9.8893024613043
1161,5147.1,8.93720432998836
1162,5148.1,0.0
1163,5152.4,9.8893024613043
1164,5152.1,9.8893024613043
1165,5161.1,0.0
1166,5162.1,35.940267162881604
1167,1737.1,14.267355368701802
1168,5160.1,19.2536040335469
1169,55163.1,36.876593060834296
1170,10396.1,3.64125783597256
1171,5105.1,0.0
1172,5106.1,13.2618613003631
1173,8310.1,8.06155988430143
1174,5833.1,20.995749840923
1175,10400.2,17.874408659976698
1176,10400.1,17.874408659976698
1177,10400.3,17.874408659976698
1178,26227.1,7.8238679920865595
1179,5730.1,0.0
1180,27306.1,0.0
1181,80142.4,22.3695569764461
1182,80142.2,22.3695569764461
1183,9536.1,1.5122659000141
1184,80142.1,22.3695569764461
1185,9536.2,1.5122659000141
1186,80142.3,22.3695569764461
1187,5740.1,0.0
1188,114971.1,5.8636178546531905
1189,9489.1,9.45722415492542
1190,5743.1,1.8996725438859499
1191,5742.1,0.520192310970139
1192,6898.1,0.100979943444224
1193,5053.1,0.0400888117857457
1194,5264.1,12.312046072907698
1195,5728.1,30.510613858311
1196,8871.1,6.925134880064549
1197,8394.1,63.8305707752732
1198,23396.1,5.41612015281504
1199,8395.1,1.61803326274136
1200,55361.1,7.650723004898469
1201,5297.1,23.1833748142086
1202,5298.1,53.3898633639336
1203,5291.1,8.13153602978698
1204,5295.3,12.408335589859199
1205,5293.1,1.58830019024595
1206,8503.1,24.4652184506782
1207,5296.1,13.4913856108743
1208,5290.1,14.991778074310698
1209,5295.1,12.408335589859199
1210,5295.2,12.408335589859199
1211,10870.1,0.4951403144030371
1212,5294.1,0.0
1213,23533.1,0.517095256791463
1214,4952.1,17.534538258603497
1215,4952.2,17.534538258603497
1216,23236.2,5.84082185693953
1217,5336.1,6.81085575717367
1218,9651.1,0.0988175639278617
1219,113026.1,17.6458726857878
1220,89869.1,0.0
1221,84812.1,0.0257843199879149
1222,5330.1,0.0
1223,5335.1,40.3943203413081
1224,51196.1,0.0428438057917294
1225,5333.1,1.9693837385069901
1226,5332.2,2.19836295872713
1227,5331.1,15.865063279268
1228,5335.2,40.3943203413081
1229,5334.1,0.112994511358893
1230,5332.1,2.19836295872713
1231,257068.1,0.46747884432465503
1232,23236.1,5.84082185693953
1233,23007.1,0.941001440538146
1234,5287.1,28.411084661069196
1235,5286.1,13.5795609772065
1236,5288.1,0.0
1237,200576.2,9.24478713599561
1238,8396.1,9.95156051339199
1239,200576.3,9.24478713599561
1240,79837.1,27.5679637398966
1241,8396.2,9.95156051339199
1242,5305.1,11.4018994928547
1243,200576.1,9.24478713599561
1244,5289.1,4.5613936384415
1245,5279.1,12.572283001063399
1246,51227.2,5.28069548904598
1247,5283.1,5.666877044110941
1248,5277.2,5.2616510189128
1249,9091.1,9.34252379590281
1250,8818.1,12.340715779157698
1251,51227.1,5.28069548904598
1252,9091.2,9.34252379590281
1253,5277.3,5.2616510189128
1254,5279.2,12.572283001063399
1255,5277.1,5.2616510189128
1256,8818.2,12.340715779157698
1257,51227.3,5.28069548904598
1258,8398.1,2.32653630338553
1259,5320.1,0.12162603653214099
1260,8398.2,2.32653630338553
1261,81579.1,11.508820144519902
1262,5322.1,0.0
1263,64600.1,0.0
1264,100137049.1,0.214194658193123
1265,123745.1,0.0
1266,5319.1,0.0
1267,26279.1,0.0
1268,8399.1,0.125895756972086
1269,30814.1,0.0
1270,10654.1,11.885082812351
1271,117283.1,0.0
1272,9807.2,10.2525270146301
1273,9807.1,10.2525270146301
1274,51447.3,20.6273225311188
1275,51447.4,20.6273225311188
1276,51447.6,20.6273225311188
1277,51447.5,20.6273225311188
1278,51447.1,20.6273225311188
1279,51447.2,20.6273225311188
1280,8876.1,0.0
1281,8875.2,0.0
1282,55350.3,0.0
1283,55350.2,0.0
1284,8875.1,0.0
1285,55350.1,0.0
1286,27068.4,40.2103229698179
1287,27068.1,40.2103229698179
1288,27068.3,40.2103229698179
1289,27068.2,40.2103229698179
1290,8612.1,45.426369466457395
1291,8611.1,7.64262519848045
1292,8613.1,14.0012598910918
1293,8611.2,7.64262519848045
1294,5498.1,3.87245553739357
1295,8288.1,0.0
1296,9588.1,260.130562416616
1297,4353.1,0.0
1298,6820.2,14.9192296370786
1299,5625.1,0.677630774964788
1300,6578.1,0.638963906033241
1301,23761.1,18.267888078574
1302,9791.1,58.84912692858371
1303,81490.1,11.185686269936198
1304,10965.1,1.69989522094201
1305,10005.1,4.76156856453443
1306,10005.3,4.76156856453443
1307,10005.2,4.76156856453443
1308,122970.1,1.84585396619368
1309,5805.1,5.90485515440977
1310,6303.1,45.3093270699331
1311,112483.1,8.96557640722642
1312,8566.1,71.34097977162071
1313,7378.2,5.18085841168056
1314,151531.1,0.0
1315,7378.1,5.18085841168056
1316,2944.1,0.529612108443755
1317,2944.2,0.529612108443755
1318,64080.1,1.5167108357097598
1319,5959.1,0.305694275940502
1320,8608.1,0.874182725719117
1321,157506.1,5.14088319032672
1322,112724.1,13.176183615302
1323,145226.1,0.063941961131518
1324,51109.1,44.0242645093737
1325,195814.1,1.6951246850346398
1326,57665.1,0.31379517425292497
1327,50700.1,0.0
1328,8228.1,0.7355419458531159
1329,113278.1,0.477103844286994
1330,54981.1,5.36697953205002
1331,6484.1,6.910290840948889
1332,6482.1,8.066575129267559
1333,6483.1,1.26534867745554
1334,6482.2,8.066575129267559
1335,10090.1,2.02955658136713
1336,9653.1,5.47683800347844
1337,3423.1,8.064485672007589
1338,3423.2,8.064485672007589
1339,9957.1,0.255507521020193
1340,9951.1,0.0
1341,222537.1,0.9320648740185881
1342,9956.1,0.0
1343,9955.1,0.943744884971202
1344,9953.1,0.9265605538964321
1345,64711.1,0.11819027278829598
1346,113189.1,7.82346476299376
1347,50515.1,6.724182305419821
1348,166012.1,0.0
1349,55501.1,5.825733192881299
1350,411.2,2.6325887278147997
1351,411.1,2.6325887278147997
1352,23563.2,0.108329749454404
1353,9435.1,0.0
1354,23563.1,0.108329749454404
1355,10164.1,0.0
1356,4166.1,0.0534802171713549
1357,8534.1,0.0
1358,9469.1,5.34617334020471
1359,56548.1,1.0319529746093599
1360,266722.1,0.5468496117170399
1361,9394.1,32.1417729093077
1362,90161.2,6.74270622361657
1363,90161.1,6.74270622361657
1364,2799.1,66.4037146564451
1365,10157.1,40.0430830024208
1366,118881.1,15.062168364140401
1367,3176.1,4.2960947743579
1368,1757.1,0.0592485578008827
1369,81537.1,3.07344729316649
1370,6652.1,35.746682934777006
1371,6342.1,6.708485111194121
1372,9056.1,0.53363285023273
1373,10558.1,17.055222875367402
1374,9517.1,44.1096695213935
1375,55304.1,0.154230681590625
1376,2098.1,19.7902723393869
1377,8879.1,52.8214416003497
1378,8869.1,20.5181489498713
1379,56848.1,1.40169778638053
1380,8877.1,8.28259364397529
1381,130752.1,0.358111468476947
1382,55512.1,0.45261782583454707
1383,55512.2,0.45261782583454707
1384,339221.1,0.0
1385,55627.1,13.514756616224899
1386,6609.1,5.84957828781124
1387,6610.1,12.494141700729001
1388,259230.1,9.673736689764429
1389,115111.1,0.0635105766745673
1390,115019.2,0.0
1391,115111.2,0.0635105766745673
1392,116369.2,0.0
1393,284129.1,8.88041370961438
1394,116369.1,0.0
1395,115019.1,0.0
1396,26266.1,0.0
1397,6646.1,6.366344592076861
1398,6649.1,0.0
1399,6648.1,16.706560861126402
1400,6647.1,173.38402788772999
1401,6697.1,53.510787768422006
1402,6611.1,36.7886022669552
1403,6723.1,35.989077329871996
1404,6713.1,120.814816503936
1405,2222.1,40.6337053264172
1406,6715.1,16.1095136456671
1407,6716.1,0.0
1408,15.1,0.0584076638907259
1409,6532.1,0.0570018481840009
1410,6487.6,1.35590507393239
1411,6487.11,1.35590507393239
1412,6487.5,1.35590507393239
1413,6487.7,1.35590507393239
1414,6487.9,1.35590507393239
1415,6487.1,1.35590507393239
1416,6487.8,1.35590507393239
1417,6487.4,1.35590507393239
1418,6487.3,1.35590507393239
1419,6487.10,1.35590507393239
1420,6487.2,1.35590507393239
1421,10402.1,0.0637471151351802
1422,10610.1,1.3118278068530802
1423,256435.1,0.0
1424,30815.1,4.81515280299582
1425,81849.1,0.617707035930954
1426,6489.1,0.0516854312131645
1427,29906.1,0.0
1428,412.1,3.55941478695473
1429,6389.1,91.83247051329269
1430,6392.1,41.3359064247045
1431,6391.1,17.2647292815781
1432,6390.1,54.263270307492704
1433,6821.1,6.07922274905951
1434,6533.1,22.0470860952155
1435,5092.1,48.9096255694419
1436,5092.2,48.9096255694419
1437,23530.2,13.857236337211301
1438,23530.1,13.857236337211301
1439,79178.1,7.19800024898013
1440,6567.1,2.30364001383456
1441,1890.1,0.17416938441420401
1442,55217.1,5.049927186232241
1443,7296.3,75.33312972890579
1444,7296.1,75.33312972890579
1445,7296.4,75.33312972890579
1446,7296.2,75.33312972890579
1447,80162.1,8.25276991982933
1448,11181.1,0.0
1449,7166.1,0.0691559612678622
1450,121278.1,0.0
1451,6999.1,0.0
1452,169355.1,0.0
1453,6561.1,0.0
1454,6916.1,0.0
1455,7054.1,0.0
1456,7054.3,0.0
1457,7054.2,0.0
1458,7306.1,7.24478427343331
1459,10020.1,5.77621504103266
1460,29880.1,12.933292578548999
1461,7355.1,7.33570061754519
1462,7358.1,9.93619262653191
1463,23169.1,6.38370214932144
1464,80146.1,10.5261374883477
1465,5168.1,0.0
1466,84912.1,6.00001016070467
1467,3906.1,0.0
1468,7357.1,27.319996777385203
1469,11046.1,6.4347355654720495
1470,54576.1,0.0494945069799566
1471,54575.1,0.0
1472,54578.1,0.266210116015207
1473,54579.1,0.202041158472708
1474,54600.1,0.0463166308860406
1475,54658.1,0.0564379809807419
1476,54659.1,0.050510289618177
1477,54577.1,0.0
1478,54657.1,0.0998552662698249
1479,7364.1,0.0
1480,54490.1,0.0
1481,7367.1,0.0
1482,10720.1,0.0
1483,7363.1,0.0
1484,7365.1,0.0
1485,7366.1,0.0
1486,54963.1,24.141903611559897
1487,7498.1,0.0
1488,9942.1,2.3314099291884
1489,64131.1,5.9962574000344695
1490,64132.1,17.3480258936576
1491,51181.1,86.90877202469429
1492,64077.1,5.46003603200089
1493,5464.1,179.986356476255
1494,10724.1,23.448855467044396
1495,1356.1,0.2822896346692981
1496,2512.1,333.054325273693
1497,2495.1,598.687489494107
1498,94033.1,0.0
1499,1727.1,13.633182435555
1500,51706.1,96.2614417435351
1501,51700.1,0.0
1502,10587.1,4.11860042901645
1503,80347.1,10.2877725238477
1504,22978.1,12.2348271858823
1505,84618.1,0.0
1506,51251.1,22.640175189089497
1507,93034.1,0.0
1508,100526794.1,0.0
1509,3251.1,23.240801598379196
1510,353.1,350.579589970802
1511,56954.1,31.680112552648502
1512,5313.1,0.0
1513,92086.1,0.10962276829796501
1514,728441.1,0.0
1515,102724197.1,0.0
1516,2686.1,3.13096298586437
1517,124975.1,0.0
1518,91227.1,1.05699427116775
1519,5211.1,34.7868754111478
1520,1491.1,1.8273786307722601
1521,2819.1,0.219117956999424
1522,29926.1,13.7526479362586
1523,29925.1,11.6956544849446
1524,875.1,95.5134521451824
1525,102724560.1,0.0
1526,249.1,0.0
1527,22934.1,15.535769804888501
1528,51292.1,23.960542202149803
1529,2766.1,0.497101266143247
1530,57571.1,0.121320384400899
1531,8833.1,62.043540967923605
1532,11332.1,6.52571605270095
1533,5538.1,95.8209040259514
1534,641371.1,1.81292029305003
1535,9374.1,0.42613252415522396
1536,55825.1,0.7405195852576401
1537,51102.1,7.72885186207023
1538,37.1,74.30515004497609
1539,33.1,0.126360472853527
1540,132158.1,1.28889013121265
1541,641649.1,0.319927110538241
1542,93100.1,14.4442744035443
1543,23475.1,3.9577769725594103
1544,50484.1,13.589744854184401
1545,6240.1,31.710476279667603
1546,6241.1,42.143952931114995
1547,3156.1,45.3524538439867
1548,79966.1,39.2485136702824
1549,10588.1,0.395021462474178
1550,84890.1,12.5383249003317
1551,79646.1,68.5587330815366
1552,80025.1,10.6387417496621
1553,53354.1,3.5590808476862996
1554,55229.1,5.93859148851107
1555,83594.1,8.219548631342
1556,7263.1,16.8284614225391
1557,26275.1,9.96894416399183
1558,29920.1,9.16705003435511
1559,7389.1,9.62390067891323
1560,1595.1,55.85948812613071
1561,130367.1,0.934609603136038
1562,10478.1,10.1255063838082
1563,23443.1,5.713805309321951
1564,64240.1,0.0
1565,64241.1,0.0
1566,284111.1,0.0
1567,8435.1,0.0
1568,3988.1,49.6507631318708
1569,771.1,1.45253615251668
1570,760.1,3.84238988881132
1571,768.1,0.0
1572,23632.1,0.0
1573,765.1,0.0
1574,759.1,0.0
1575,762.1,5.762306593067679
1576,766.1,0.0
1577,767.1,0.8347260792934941
1578,377677.1,0.0260356917032089
1579,10057.1,10.2538900181853
1580,6556.1,0.24091760019418398
1581,6568.1,0.0
1582,7779.1,40.6783040557805
1583,54020.1,13.556466737863701
1584,215.1,13.7028460372456
1585,5825.1,10.795549810216
1586,641372.1,0.0
1587,9045.1,445.53728046820197
1588,4017.1,7.7419281836679605
1589,84105.1,8.86755076105826
1590,25830.1,0.0
1591,84569.1,0.0
1592,4025.1,0.0
1593,54995.1,11.507878034161001
1594,93492.1,0.217611077845302
1595,1267.1,24.709417015090498
1596,10249.1,0.0
1597,1580.1,1.0361161414011701
1598,1555.1,0.0
1599,1549.1,0.0
1600,1573.1,5.40734818314141
1601,199974.1,0.0
1602,260293.1,0.0
1603,29785.1,0.143668145403857
1604,57834.1,1.1461149221609
1605,1215.1,0.0
1606,1357.1,0.0
1607,1358.1,0.0
1608,57094.1,0.0525180207954686
1609,93979.1,0.0
1610,7177.1,0.0
1611,64499.1,0.0
1612,23430.1,0.0
1613,1636.1,0.151575229631449
1614,9365.1,0.0236514169401112
1615,9331.1,0.5719547500881811
1616,7368.1,6.41707922807617
1617,5315.1,414.719252251745
1618,26063.1,12.6700608715851
1619,1666.1,66.8411931195548
1620,874.1,2.93477501099858
1621,10901.1,1.8499347045124501
1622,126410.1,0.0
1623,2053.1,1.80569854657823
1624,8897.1,14.111910708170099
1625,8897.3,14.111910708170099
1626,8897.2,14.111910708170099
1627,8898.1,9.109981197241401
1628,2880.1,0.0
1629,9152.1,0.0
1630,9497.1,35.4981473670362
1631,115584.1,0.0
1632,6574.1,19.204783712487398
1633,6575.1,10.3784667545755
1634,142680.1,0.10279940188466
1635,6534.1,0.0
1636,3293.1,0.0
1637,1622.1,126.873556415005
1638,225.1,0.0
1639,28965.1,1.85559976326967
1640,23205.1,0.0
1641,26061.1,22.3739874690142
1642,54716.1,0.0
1643,6564.1,0.0
1644,113235.1,5.601999575704
1645,1200.1,6.197600468388
1646,2168.1,0.0
1647,51056.1,13.7447473019876
1648,9390.1,0.343213471839136
1649,5184.1,15.114505158120698
1650,4891.1,13.7142352198609
1651,30061.1,0.0
1652,248.1,0.0
1653,4524.1,3.1897857611478995
1654,65263.1,16.2800219390267
1655,25796.1,36.5386257060466
1656,28982.1,4.88208016517431
1657,6120.1,31.941346178724498
1658,6120.2,31.941346178724498
1659,10864.1,0.0
1660,9356.1,0.0
1661,9376.1,0.0
1662,348932.1,0.0
1663,120103.1,2.08772448590181
1664,1080.1,0.0
1665,85320.1,0.0
1666,222962.1,7.2506114286044205
1667,10351.1,0.0366101997086685
1668,9429.1,22.1973144032503
1669,55867.1,0.032400121244494
1670,360.1,22.763446539025697
1671,364.1,0.0
1672,89872.1,0.0
1673,21.1,15.2423528792769
1674,24.1,6.98215260295115
1675,10057.2,10.2538900181853
1676,125206.1,0.15470591992748997
1677,200010.1,0.0
1678,6524.1,0.0552213241096216
1679,159963.1,0.19163064076514497
1680,79581.1,40.8074441853579
1681,55065.1,0.6540806133463779
1682,3764.1,0.8931800690330219
1683,6833.1,0.31721129590109004
1684,10060.1,5.1603825017100995
1685,3767.1,1.6881107721087598
1686,5950.1,0.0
1687,64220.1,0.594309042145691
1688,5947.1,0.15598765911495802
1689,5948.1,0.0
1690,949.1,20.301982008106698
1691,29881.1,0.0715882526812756
1692,2350.1,0.0
1693,3248.1,0.45612777228704
1694,166929.1,6.9060836149199405
1695,56261.1,1.59215839738033
1696,3658.1,25.719404705219198
1697,122481.1,4.43721457122897
1698,203.1,5.760758715322889
1699,159.1,26.259010397734297
1700,122622.1,2.2953256249492098
1701,122622.2,2.2953256249492098
1702,11212.1,9.82060412998644
1703,383.1,0.0
1704,1371.1,8.895681764788801
1705,1503.1,46.508030097497
1706,56474.1,4.3941663610376605
1707,1491.2,1.8273786307722601
1708,2987.1,64.737755164137
1709,5860.1,2.7041594908690096
1710,9453.1,10.6275722902851
1711,2023.1,274.757965481981
1712,2027.1,1.57884364403987
1713,2027.2,1.57884364403987
1714,2026.1,2.9344033417132205
1715,9843.1,0.0
1716,80308.1,24.9538905966541
1717,80308.2,24.9538905966541
1718,7360.1,39.0668690836975
1719,7360.2,39.0668690836975
1720,2597.1,1623.3150604458099
1721,26330.1,0.0
1722,2673.1,10.6148798460371
1723,9945.1,1.87589277202014
1724,2752.1,32.6635321368802
1725,51557.1,0.0
1726,1800.1,0.0678842994597998
1727,2762.1,10.554928588507499
1728,2643.1,10.9056683510853
1729,761.1,0.0
1730,766.2,0.0
1731,771.2,1.45253615251668
1732,358.1,0.033153214395449
1733,361.1,0.0
1734,4284.1,0.11216985674814099
1735,359.1,0.0
1736,362.1,0.0
1737,3145.1,9.575717497791901
1738,586.1,0.171824872965325
1739,3614.1,31.816301916926605
1740,3615.1,157.584188039967
1741,3614.2,31.816301916926605
1742,682.1,135.135205590802
1743,29926.2,13.7526479362586
1744,29925.2,11.6956544849446
1745,4351.1,17.9311528144528
1746,100287639.1,0.0
1747,441024.1,2.6142384172243704
1748,65220.1,16.1404146191076
1749,389015.1,1.3346532302686
1750,6553.1,0.25003599542065696
1751,2821.1,79.7692093141794
1752,5230.1,195.418729081038
1753,375056.1,17.0589651239072
1754,5232.1,0.0742710471604556
1755,5236.1,2.3958116495302297
1756,55276.1,20.1500580122279
1757,5372.1,7.43520911713867
1758,5373.1,21.4018945965046
1759,80025.2,10.6387417496621
1760,53354.3,3.5590808476862996
1761,53354.2,3.5590808476862996
1762,80025.3,10.6387417496621
1763,80025.4,10.6387417496621
1764,210.1,11.536587288710498
1765,210.2,11.536587288710498
1766,60490.1,8.88072868097507
1767,79717.1,19.725472337188602
1768,58510.1,0.0
1769,153201.1,0.0
1770,221823.2,0.0
1771,5631.1,11.119643466105499
1772,221823.1,0.0
1773,5634.1,13.194222287485198
1774,29968.1,0.0
1775,29968.2,0.0
1776,8781.1,0.0
1777,5723.1,3.46628606109398
1778,55312.1,11.7310940651629
1779,6888.1,78.71363348011991
1780,79896.1,9.68853004855184
1781,7086.1,111.76874051128901
1782,84076.1,0.0448118777940628
1783,8277.1,0.0
1784,27010.1,4.19343534843351
1785,7167.1,314.268572145117
1786,286016.1,1.36906174190666
1787,2582.1,7.12668617581466
1788,2582.2,7.12668617581466
1789,6675.1,20.3353297281225
1790,91373.1,4.93454205358974
1791,7390.1,12.453624865369301
1792,6563.1,0.0
1793,8170.1,0.0245104607891369
1794,374569.1,0.0
1795,100507855.1,0.0
1796,31.5,19.7146563999285
1797,31.4,19.7146563999285
1798,31.2,19.7146563999285
1799,31.3,19.7146563999285
1800,31.1,19.7146563999285
1801,93034.2,0.0
1802,55191.1,20.3571501510945
1803,132.1,26.2975537586297
1804,132.2,26.2975537586297
1805,112611.1,3.6369193340974997
1806,98.1,2.5678819496966003
1807,97.2,5.1231865184151
1808,97.1,5.1231865184151
1809,51005.1,10.556053168035302
1810,471.1,23.755072695510698
1811,435.1,17.185181228878
1812,171425.1,0.413017778709585
1813,171425.2,0.413017778709585
1814,132789.1,1.1488650866153898
1815,10007.1,15.8986963480268
1816,2584.1,33.592539449861
1817,2585.2,8.236181687513419
1818,2585.1,8.236181687513419
1819,2592.1,8.582432116319309
1820,2592.3,8.582432116319309
1821,2592.2,8.582432116319309
1822,5471.1,21.8351261176535
1823,84264.2,9.34504751472249
1824,84264.1,9.34504751472249
1825,3034.1,0.0641543928960746
1826,144193.1,0.117526282491732
1827,2739.1,96.31640734645
1828,3612.1,2.65203594586848
1829,3613.1,12.612836825725301
1830,8776.1,11.0337418203388
1831,2978.1,0.0551727778906241
1832,4953.1,60.719167529565496
1833,5214.1,58.24399637212559
1834,5211.2,34.7868754111478
1835,5213.1,16.2840407958878
1836,10050.1,0.0
1837,10786.1,0.0
1838,10246.1,0.0
1839,6569.1,0.0362664171341144
1840,10568.1,0.0
1841,5198.1,14.641532603584098
1842,5315.2,414.719252251745
1843,5313.2,0.0
1844,5315.3,414.719252251745
1845,113675.1,5.85270769768726
1846,7298.1,24.8974566558227
1847,131669.1,0.0
1848,5973.1,0.42664197723035296
1849,1635.1,32.0864017551473
1850,286297.1,0.0
1851,10560.1,10.597922826804
1852,191.1,67.7782481008121
1853,10768.2,28.221353433213896
1854,10768.1,28.221353433213896
1855,51660.1,4.58983986220696
1856,25874.1,12.9777642634258
1857,5205.1,34.0380818963927
1858,57198.1,2.59429444975062
1859,23250.1,6.33092547686386
1860,286410.1,26.963881746163697
1861,5243.1,0.0266153667729368
1862,55856.1,5.343018218556519
1863,7350.1,0.12551806970117
1864,26027.1,0.170540855572242
1865,10058.1,8.15307104532153
1866,51458.1,0.762365716189318
1867,948.1,0.23291139789353402
1868,10928.1,35.8345484264065
1869,1728.1,125.130518733355
1870,2946.1,0.530059415967778
1871,125981.1,0.0
1872,55331.1,3.31633010419424
1873,340485.1,3.614863142235
1874,5660.1,318.643320814735
1875,2760.1,8.378253287745581
1876,57704.1,11.763875277085099
1877,4759.1,0.0
1878,10825.1,5.5392950947934105
1879,7903.1,3.6364729116361802
1880,3991.1,0.0
1881,9388.1,0.434519050431006
1882,13.1,0.0
1883,747.1,0.959151626754338
1884,221955.1,8.11368889159257
1885,5408.1,0.0
1886,5406.1,0.0
1887,57104.1,8.6968534086447
1888,8513.1,0.0
1889,5407.1,0.0
1890,119548.1,0.0
1891,2170.1,0.343258166912953
1892,2169.1,0.0
1893,2173.1,0.0
1894,2171.1,26.958053273712302
1895,2172.1,1.15818288074897
1896,2167.1,0.0
1897,646486.1,0.0
1898,646480.1,0.0
1899,6296.1,1.2541355840250101
1900,348158.1,0.0
1901,54988.1,0.0
1902,123876.1,0.0
1903,341392.1,0.0
1904,344967.1,0.311266136890688
1905,51099.1,5.86204323282131
1906,154141.1,17.2917924223654
1907,253558.1,8.65285237434596
1908,9663.1,6.145932133385269
1909,64748.1,4.131733645592
1910,9890.1,0.0249936419158044
1911,79948.1,0.7342921810671731
1912,64900.1,11.1546062858575
1913,23175.1,16.6392288324649
1914,84513.1,6.82163422288967
1915,196051.1,0.0
1916,85465.1,25.832418576707695
1917,23646.1,13.971356567927801
1918,122618.1,0.0
1919,201164.1,5.05618172481825
1920,590.1,0.0512946749902615
1921,55750.1,14.5905287005034
1922,79603.1,9.2499895192175
1923,91012.1,8.63178568018479
1924,29956.1,191.13875865657698
1925,204219.1,0.0
1926,253782.1,18.211204391032396
1927,10715.1,2.76471519165573
1928,56624.1,1.03819743342572
1929,55830.1,9.317935305327019
1930,55624.1,12.934174729853199
1931,55757.1,5.08726341985016
1932,168391.1,0.0
1933,83468.1,0.221861369334812
1934,8702.1,6.82207560976918
1935,140687.1,0.0
1936,3703.1,42.754592491961006
1937,56886.1,23.9557349727879
1938,283358.1,0.145511325876617
1939,8473.1,62.623045609305294
1940,8707.1,0.0
1941,148789.1,15.1444899639444
1942,56983.1,10.3424327840505
1943,201595.1,78.20706671814209
1944,124872.1,0.059487236825199005
1945,146664.1,2.3006853017502498
1946,8708.1,0.0578957886075507
1947,84750.1,1.987321434002
1948,2529.1,0.0
1949,338707.1,16.7527012542673
1950,145173.1,1.82780062377274
1951,200810.1,7.35936565023146
1952,2526.1,1.76406017271816
1953,170384.1,4.64614949539481
1954,360203.1,0.0
1955,152586.1,0.0
1956,644378.1,0.0
1957,84752.1,2.64492790128158
1958,644974.1,0.0
1959,51228.1,12.1093499526175
1960,284004.1,9.20411542909293
1961,79411.1,0.901206723023956
1962,27090.1,2.89485790558582
1963,129807.1,0.0914854735431268
1964,2524.1,0.0
1965,2527.1,0.0
1966,2528.1,0.0394462821185323
1967,113612.1,3.49929164015383
1968,493869.1,2.64424733503798
1969,64180.1,0.0
1970,64174.1,0.0
1971,10728.1,90.53126535306879
1972,11102.1,5.65145283257074
1973,91179.1,0.39347357273093997
1974,8644.1,1.5377405170128
1975,10826.1,1.54960579877988
1976,266740.1,0.0
1977,3930.1,19.8086659206226
1978,4645.1,9.32448516202676
1979,3069.1,133.42669219695298
1980,4864.1,21.403081208008302
1981,285440.1,3.60980479830809
1982,79644.1,5.68998845741643
1983,1646.1,0.24167137367252897
1984,8630.1,1.82632111999057
1985,158160.1,6.628414626562019
1986,51144.1,7.837531670382139
1987,51170.1,6.366372996055071
1988,64834.1,65.4999109526822
1989,83401.1,0.191484469414447
1990,79993.1,11.132752161291098
1991,51495.1,84.7090464161574
1992,192286.1,126.95608359299999
1993,9200.1,6.20413918847538
1994,401494.1,0.0301871259502573
1995,201562.1,87.55599133325079
1996,9524.1,26.1616206580216
1997,253017.1,0.0
1998,283985.1,0.0
1999,3995.1,18.2738505073654
2000,1155.1,41.5273342468955
2001,114571.1,0.0
2002,123096.1,27.73500079226
2003,57016.1,0.865099477890269
2004,9917.1,19.7375370283542
2005,79672.1,16.2518278579304
2006,79707.1,9.80842567208134
2007,64122.1,0.95967941154128
2008,55277.1,1.6727326361986399
2009,93650.1,0.0
2010,92370.1,3.8888749833646603
2011,390928.1,0.0423904321854677
2012,139596.1,4.30397859717098
2013,55066.1,13.1988386459725
2014,8974.1,16.8186840825723
2015,5033.1,15.616879939594801
2016,283208.1,0.198604540666408
2017,8041.1,0.0
2018,58478.1,30.8497738342002
2019,55256.1,22.678091449474802
2020,259307.1,0.050591724990395
2021,51312.1,9.78062880788337
2022,81894.1,9.99505966384151
2023,9108.1,0.538796659088126
2024,29085.1,49.264086509412
2025,55613.1,0.0
2026,23371.1,1.09751801319335
2027,51559.1,3.6886374794355397
2028,9896.1,5.74027887200197
2029,163404.1,0.40640969019058704
2030,51496.1,10.6974194076977
2031,374462.1,0.315873287989699
2032,9107.1,6.3404006642291
2033,8446.1,12.7772885324544
2034,138639.1,3.37219914760387
2035,84814.1,0.0599131597618949
2036,64419.1,38.22054966019039
2037,23203.1,19.3420579171052
2038,22876.1,2.23640213276027
2039,403313.1,4.5926383341482095
2040,22908.1,5.66505078660398
2041,145553.1,1.09146147566235
2042,9562.1,8.588278459722801
2043,3705.1,18.1541681553748
2044,138429.1,0.440929987240644
2045,10170.1,0.0
2046,9249.1,6.503526927521759
2047,220074.1,1.14579016434068
2048,1735.1,4.71737750066243
2049,1734.1,28.1275602889012
2050,1733.1,0.13496566634534402
2051,27284.1,0.0
2052,6819.1,0.0
2053,84274.1,18.549058676846197
2054,55904.1,9.70802512690739
2055,58508.1,29.5181046858088
2056,9739.1,4.71155155385189
2057,6839.1,2.7599969379646803
2058,84444.1,4.89171063931754
2059,9757.1,8.71468000759097
2060,7468.1,5.05306238732568
2061,51111.1,19.1910358919651
2062,55870.1,34.3965231243782
2063,4297.1,23.4945946012573
2064,84787.1,4.557793915813219
2065,83852.1,1.82082346460228
2066,23067.1,6.393520128939941
2067,9869.1,39.47471305721879
2068,80854.1,30.214865686159502
2069,54904.1,11.225597052815402
2070,79723.1,17.5875618623196
2071,64324.1,28.317710689705
2072,8085.1,9.895883655826312
2073,6419.1,7.354251615144251
2074,79813.1,17.4423512180695
2075,29072.1,15.898408218090198
2076,387893.1,27.7408165679067
2077,64754.1,2.9500077033633594
2078,10919.1,3.0439135203638195
2079,28972.1,36.2427636683267
2080,9789.1,11.7267620511063
2081,60559.1,45.772037602080204
2082,23478.1,132.011700817786
2083,90701.1,8.40363144722932
2084,57171.1,17.8240273610577
2085,4249.1,11.665706416671
2086,25834.1,0.0
2087,7837.1,69.5646353178225
2088,137902.1,0.261115185565155
2089,23262.1,14.292656559502198
2090,9677.1,11.2131935532484
2091,26007.1,8.73397785446819
2092,158584.1,2.74492796563195
2093,283209.1,2.25905948291719
2094,221223.1,0.0
2095,23491.1,0.0290551087271227
2096,1066.1,0.0
2097,1208.1,0.0
2098,55244.1,0.0725957603824002
2099,146802.1,0.0670681644141971
2100,345274.1,0.0
2101,116085.1,0.0
2102,123688.1,3.3721272457030698
2103,51171.1,0.101469741068044
2104,10202.1,2.62924918317569
2105,10553.1,28.273886726237603
2106,84869.1,4.75257737011205
2107,1487.1,9.60674659625266
2108,56898.1,3.30989430376373
2109,374875.1,1.01840218824479
2110,121214.1,0.0
2111,100288072.1,0.0
2112,93517.1,4.74933236707129
2113,51741.1,19.2667834104476
2114,340811.1,0.0
2115,441282.1,0.11311331003409698
2116,133121.1,0.0
2117,85007.1,11.243944853163901
2118,250.1,25.1736623921077
2119,251.1,2.3150886953704197
2120,123264.1,0.0
2121,200931.1,0.0
2122,10941.1,0.0
2123,79799.1,0.0
2124,0,0.0
2125,5446.1,0.0
2126,513.1,47.0062650587715
2127,498.2,147.026832331968
2128,506.1,379.278421142602
2129,509.2,127.227913375118
2130,514.1,11.7226443228883
2131,513.2,47.0062650587715
2132,514.2,11.7226443228883
2133,509.1,127.227913375118
2134,498.1,147.026832331968
2135,498.3,147.026832331968
2136,10632.1,103.590757740434
2137,4905.1,23.011283615289898
2138,10476.1,232.268968209078
2139,9551.3,84.98875169589981
2140,522.5,20.6291271962571
2141,516.2,64.5077386080316
2142,521.1,47.9922031210356
2143,515.1,94.8055976485544
2144,518.3,34.605786017554
2145,515.2,94.8055976485544
2146,10476.2,232.268968209078
2147,522.3,20.6291271962571
2148,517.2,140.805526908364
2149,9551.2,84.98875169589981
2150,518.2,34.605786017554
2151,9551.1,84.98875169589981
2152,522.4,20.6291271962571
2153,522.2,20.6291271962571
2154,515.3,94.8055976485544
2155,522.1,20.6291271962571
2156,517.1,140.805526908364
2157,516.1,64.5077386080316
2158,518.1,34.605786017554
2159,539.1,13.4065895236375
2160,267020.1,0.157093954569674
2161,27109.1,5.47004817374748
2162,7384.1,68.0762814643946
2163,7388.1,172.447674396563
2164,4519.1,0.0
2165,29796.2,75.43957830244679
2166,10975.1,48.04474428262011
2167,7385.1,65.7124011964948
2168,7386.1,85.9347568705722
2169,1537.1,110.51345329038601
2170,27089.1,94.9502621903487
2171,7381.1,31.0971438241076
2172,29796.1,75.43957830244679
2173,9016.1,5.37432311245505
2174,7352.2,0.43219995305998204
2175,7352.1,0.43219995305998204
2176,7351.1,18.9878489402134
2177,9016.2,5.37432311245505
2178,9481.1,0.0322585632745232
2179,4715.1,130.830584337922
2180,4720.1,32.3978715756982
2181,4719.1,39.4615879827586
2182,4700.1,47.0692761379387
2183,55967.1,77.506869798321
2184,4709.1,39.3655642764595
2185,4710.1,55.919909257892996
2186,4726.1,85.2056969504292
2187,4718.1,9.432873116936399
2188,4696.1,104.55301250596399
2189,4694.1,136.62357792575898
2190,374291.1,5.669526929367829
2191,4728.1,59.1971711620226
2192,4712.2,26.532274896182297
2193,4717.1,20.3869679624749
2194,4705.1,11.050868160287001
2195,4725.1,230.81256249777303
2196,4716.1,78.6501790309548
2197,4537.1,0.0
2198,7991.1,22.8802248579888
2199,4722.1,27.8726627928578
2200,4541.1,0.0
2201,4539.1,0.0
2202,4707.1,65.8536618156039
2203,4701.1,36.0462148885411
2204,4723.1,100.597693818894
2205,4698.1,13.1736504241425
2206,4538.1,0.0
2207,4697.1,49.768097607461
2208,51079.1,6.83601574268494
2209,4714.1,8.78260546014017
2210,4704.1,23.889554607711002
2211,126328.1,3.03328214730533
2212,4711.1,52.3962257565181
2213,4724.1,62.387679614782705
2214,4713.1,71.03495153417859
2215,4536.1,0.0
2216,4695.1,62.84022377018471
2217,4702.1,34.6924202139651
2218,4708.1,140.27418529738898
2219,4535.1,0.0
2220,4731.2,29.230235409861496
2221,4706.1,107.45250044882799
2222,4729.1,73.5562881582125
2223,4540.1,0.0
2224,7991.2,22.8802248579888
2225,4731.1,29.230235409861496
2226,4712.1,26.532274896182297
2227,54539.1,58.292199629902804
2228,1351.1,306.49185461547995
2229,1347.1,155.982004389915
2230,1329.1,232.394841921968
2231,1327.1,133.993913547658
2232,341947.1,0.0
2233,9167.1,58.340320379897896
2234,1350.1,744.7816666543621
2235,4512.1,0.0
2236,1349.1,218.830845202698
2237,1339.1,0.0
2238,1345.1,222.007530448649
2239,4513.1,0.0
2240,9377.1,129.272186220191
2241,125965.1,0.0
2242,4514.1,0.0
2243,170712.1,0.0
2244,1346.1,0.0
2245,1340.1,211.678778563837
2246,84701.1,0.0
2247,1337.1,445.67692231307
