,entrez_id,MCF7_T_FPKM
0,8639.1,0.0619053637386271
1,26.1,0.0
2,314.2,0.6754537211226259
3,314.1,0.6754537211226259
4,1591.1,0.0362292027289739
5,1594.1,0.607931160686186
6,10993.1,0.0
7,6818.1,1.2922355827651102
8,89874.1,0.19545595209292396
9,92483.1,0.0
10,3948.2,0.10013819352424301
11,55293.1,11.7295575930027
12,3945.1,0.0
13,3939.1,180.099070573764
14,160287.1,0.0
15,3948.1,0.10013819352424301
16,9123.1,1.21356715889692
17,9194.1,2.3213787917037796
18,6566.1,10.3737862700026
19,57835.3,0.11670670168515303
20,8671.1,0.0
21,57835.2,0.11670670168515303
22,57835.1,0.11670670168515303
23,57835.4,0.11670670168515303
24,4967.2,40.1130029271926
25,1738.1,44.69063459431379
26,8050.1,21.558667229936198
27,1743.1,36.561280048211
28,4967.1,40.1130029271926
29,130.1,0.0
30,127.1,0.0
31,125.1,0.0
32,124.1,0.0
33,131.1,0.0
34,126.1,0.0
35,128.1,36.8750395353576
36,137872.1,0.286491623184333
37,1312.1,32.823901366639106
38,1312.2,32.823901366639106
39,117247.1,1.38674691456829
40,218.1,0.0
41,222.1,51.503008373594895
42,220.1,1.7658704272635701
43,221.1,0.15008205492678
44,3242.1,0.0
45,18.1,5.680824520590839
46,18.2,5.680824520590839
47,2531.1,5.83768294622746
48,23498.1,0.557215343380839
49,55268.1,1.71092250708306
50,51166.1,3.8317780277025
51,883.1,1.86098927017949
52,51166.2,3.8317780277025
53,1644.1,0.0516998152332644
54,4128.1,0.236442516522855
55,4129.1,0.0
56,10165.1,16.791980169839803
57,8604.1,7.39743441113855
58,51380.1,3.7767157003523
59,2571.1,0.0661406586857657
60,2572.1,0.0
61,2571.2,0.0661406586857657
62,2805.1,21.7945126842119
63,2806.1,79.185207523943
64,8659.1,9.945811509181961
65,8659.2,9.945811509181961
66,6799.1,0.367889672346576
67,6817.3,3.03643792676606
68,6799.2,0.367889672346576
69,6818.2,1.2922355827651102
70,6817.2,3.03643792676606
71,6817.1,3.03643792676606
72,6817.4,3.03643792676606
73,6818.3,1.2922355827651102
74,6817.5,3.03643792676606
75,4363.1,19.045732545982002
76,6822.1,0.0
77,6573.1,14.6382636129758
78,6573.2,14.6382636129758
79,316.1,0.510836076619501
80,6570.1,0.0
81,6571.1,0.0
82,2348.5,0.0
83,2348.3,0.0
84,2348.1,0.0
85,2348.6,0.0
86,2352.1,0.0
87,2348.4,0.0
88,2348.2,0.0
89,4125.1,10.36914842622
90,53947.1,2.37078842793293
91,51146.1,0.0
92,28.1,0.0
93,206358.1,4.25083497671906
94,6529.1,0.0
95,6538.1,0.0
96,6540.1,0.0
97,6539.1,0.156878282680733
98,38.1,12.5912774786165
99,3032.1,41.1470141717497
100,10449.1,58.0393513668651
101,3030.1,67.6170191107079
102,39.1,15.5938413683601
103,30.1,14.7733287858119
104,32.1,1.68559832833152
105,9197.1,16.3674694580807
106,84532.1,5.35147358188564
107,79611.1,14.109241764332099
108,64841.1,48.34747443903629
109,55577.1,4.7171267771086605
110,5238.1,10.8545960604487
111,9487.1,6.60329878460447
112,162417.1,0.379704512322269
113,43.1,0.14715586893863097
114,43.2,0.14715586893863097
115,6572.1,0.0
116,47.1,182.61124666559
117,47.2,182.61124666559
118,54187.1,35.1872857782021
119,26503.1,6.39876021149644
120,140838.1,7.24284608155238
121,54.1,0.0
122,51205.1,10.9022173783552
123,36.1,4.80461063586913
124,34.1,12.9011423868171
125,80724.1,6.53540146200709
126,35.1,2.68781231932937
127,84129.1,1.9886836970422
128,27034.1,4.93052412422881
129,28976.1,25.016188308572804
130,3712.1,20.4103619957084
131,134526.1,0.0
132,51.1,27.634651307701603
133,51.2,27.634651307701603
134,95.1,0.7881279189105951
135,50.1,54.4612945652076
136,48.1,10.003363970839901
137,8309.1,0.0
138,52.1,44.2709775474285
139,52.3,44.2709775474285
140,52.2,44.2709775474285
141,55.1,0.740886246902259
142,788.1,5.4643766309604
143,55902.1,5.3959840353921695
144,65985.1,13.9988247188749
145,55902.2,5.3959840353921695
146,438.1,0.0
147,1571.1,0.0447225879948273
148,100.1,0.8392783321483579
149,3177.1,34.063426397179605
150,205.3,25.258792270165895
151,205.1,25.258792270165895
152,204.1,33.3084861419628
153,204.3,33.3084861419628
154,204.2,33.3084861419628
155,205.2,25.258792270165895
156,26289.1,0.0
157,26289.2,0.0
158,50808.1,15.7487191764948
159,262.1,55.3636822000401
160,112.1,16.120007740987102
161,55811.1,0.065723687417854
162,109.1,16.990076122335
163,112.2,16.120007740987102
164,114.1,0.0
165,108.1,0.0
166,113.1,1.50154425778505
167,107.1,4.43473346658165
168,196883.1,0.0
169,115.1,11.614734497038901
170,111.1,0.0
171,2030.1,22.858211641800604
172,9154.2,0.0
173,9154.1,0.0
174,64078.1,0.0
175,9153.1,0.0522035893159271
176,55315.1,2.71522971548006
177,11164.1,72.0845285111808
178,952.1,0.0
179,1375.1,0.0
180,1375.3,0.0
181,1375.4,0.0
182,126129.1,0.212436911169151
183,1374.1,92.05535255881479
184,1375.2,0.0
185,1376.1,11.843752598016
186,9060.1,4.22417671545785
187,9061.1,28.780709534240003
188,158.1,33.680206445233196
189,158.2,33.680206445233196
190,79369.1,0.68392255577196
191,10678.1,12.254379558786301
192,11041.1,17.267888142447198
193,146712.1,1.26093775215728
194,374907.1,0.20583368274033398
195,93010.1,0.0
196,374907.2,0.20583368274033398
197,10678.2,12.254379558786301
198,10331.1,1.12663693743815
199,79814.1,2.5275210241211
200,10555.1,21.3465130521176
201,137964.1,9.84198157754628
202,56895.1,0.0741935605799933
203,56894.2,21.4043126203796
204,56894.1,21.4043126203796
205,55326.1,12.417426305231599
206,10554.1,1.75591095588206
207,129642.1,20.807137671867302
208,64902.1,0.0
209,64850.1,0.0
210,189.1,0.0
211,3073.1,17.9662080139153
212,3074.1,47.906571998562406
213,10606.1,92.8030298755183
214,8402.1,26.0344877492897
215,1468.1,43.9044918729707
216,64849.1,1.43901710340709
217,64849.2,1.43901710340709
218,1645.1,1.5409351344710498
219,1109.1,0.107866980272759
220,6718.1,1.04064475212784
221,6510.1,110.01257296938
222,6509.1,3.07311085255102
223,56301.1,0.0
224,6520.1,72.0544830853205
225,212.1,0.0
226,23464.1,11.5227870161536
227,211.2,12.270440894584
228,211.1,12.270440894584
229,54407.1,116.08471036202299
230,6542.1,6.41741235932905
231,11254.1,0.0
232,6541.1,37.08661568126129
233,81539.1,123.99771542139
234,55089.1,0.0
235,84889.1,0.0
236,340024.1,0.0
237,57393.1,0.0814812677345554
238,59272.1,0.0
239,2875.1,0.296124920509278
240,84706.1,12.164553316298099
241,92745.1,0.106925106432539
242,10991.1,0.0
243,284273.2,15.2099860821472
244,284273.1,15.2099860821472
245,10327.1,24.144198958459302
246,10327.2,24.144198958459302
247,216.1,0.0
248,8854.2,0.0
249,501.1,15.468145342592402
250,8854.1,0.0
251,223.1,21.4372735842974
252,224.1,31.8426441057033
253,8854.3,0.0
254,219.1,19.223793219112
255,217.1,0.0
256,239.1,0.0
257,247.1,0.0
258,246.1,0.382418031846053
259,240.1,0.0502059509898979
260,8574.1,14.432161687106301
261,231.1,0.0
262,23600.1,8.58513965972131
263,23600.2,8.58513965972131
264,115286.3,3.3731374439530897
265,115286.2,3.3731374439530897
266,115286.1,3.3731374439530897
267,271.2,15.1943290075827
268,270.1,0.106880665407422
269,271.1,15.1943290075827
270,272.1,0.13510764324181598
271,271.3,15.1943290075827
272,290.1,0.0
273,280.1,0.43222466108710206
274,278.1,0.0
275,276.1,0.0423718703196996
276,277.1,0.0
277,6519.1,0.0
278,11136.1,0.0530434985499705
279,276.2,0.0423718703196996
280,279.1,0.0726836859723734
281,10998.1,6.949250145478901
282,113451.1,0.218973811013534
283,9057.1,29.3170079943677
284,384.1,1.3637001263574198
285,445.1,15.608964390771101
286,445.2,15.608964390771101
287,83884.1,1.36108793738668
288,10166.1,21.1044791644329
289,410.1,1.3997544065255
290,427.1,16.9729166879423
291,427.2,16.9729166879423
292,9962.2,6.381793221800519
293,9963.1,0.163376671518588
294,9962.1,6.381793221800519
295,9963.2,0.163376671518588
296,80150.1,0.39868973793838297
297,440.1,17.5101502481727
298,440.3,17.5101502481727
299,440.2,17.5101502481727
300,790.1,18.1252947898282
301,6511.1,0.0
302,6505.1,0.0
303,6507.1,0.0264399425221321
304,6506.1,1.7182069745552098
305,6512.1,0.0
306,50617.1,1.53205171861934
307,533.1,43.533685458846996
308,527.1,1.46229420535483
309,8992.1,214.004175319919
310,245972.1,0.0542520845928812
311,9114.1,44.7365011941786
312,535.1,13.4008953835266
313,50617.3,1.53205171861934
314,10312.1,8.20119828914649
315,50617.2,1.53205171861934
316,23545.1,8.65790207637605
317,10312.2,8.20119828914649
318,51382.1,23.5654112960008
319,9296.1,85.92813036093041
320,529.1,45.7570962580528
321,245973.1,1.90485097015005
322,523.1,49.991573200461104
323,51606.1,17.424493051596
324,9550.1,59.6197070405903
325,526.1,11.911576286730002
326,127124.1,0.0
327,525.1,1.0101116713226
328,90423.1,2.72877842363587
329,51606.2,17.424493051596
330,51606.3,17.424493051596
331,534.2,0.0802105056051955
332,528.2,25.201539001117396
333,534.1,0.0802105056051955
334,528.1,25.201539001117396
335,127124.2,0.0
336,954.1,1.0166137990164499
337,954.2,1.0166137990164499
338,953.1,0.05617188313024401
339,956.1,0.13196453009079198
340,955.1,22.7583854630086
341,957.1,3.77863063167404
342,377841.1,0.0
343,291.1,16.4648939625753
344,293.1,126.28141476218
345,292.1,461.298929704972
346,4126.1,11.999525554184402
347,8706.4,9.746600816779859
348,8706.1,9.746600816779859
349,8706.3,9.746600816779859
350,8706.2,9.746600816779859
351,8705.1,0.259290212128966
352,10317.4,0.31057352774185604
353,10317.1,0.31057352774185604
354,10317.3,0.31057352774185604
355,10317.2,0.31057352774185604
356,10317.5,0.31057352774185604
357,84002.1,0.0
358,570.1,0.10933455823565302
359,3141.1,3.57741249992553
360,140679.1,0.0
361,8424.1,0.0
362,53630.1,0.0
363,622.2,13.941712169707598
364,622.3,13.941712169707598
365,622.1,13.941712169707598
366,23743.1,0.0
367,635.1,0.0
368,10599.1,0.0
369,1244.1,0.254558385438781
370,8714.1,8.79411343350473
371,28234.1,0.0
372,645.1,193.46698988883801
373,644.1,30.7491581075073
374,9488.1,5.79388557488745
375,10380.1,11.8075991668586
376,686.1,6.262812599275629
377,8884.1,39.475529973504294
378,80704.1,1.49244568819478
379,51733.1,0.0
380,7108.1,14.3728857552077
381,50814.1,20.430403120029602
382,3295.1,63.303452499383205
383,6307.1,26.5719830858111
384,492.1,0.0
385,491.1,0.0
386,490.1,45.0846326005117
387,493.1,13.589942611118099
388,847.1,24.0193825732153
389,6547.6,0.0159525360403385
390,6547.4,0.0159525360403385
391,6547.2,0.0159525360403385
392,6546.1,0.8844050494367101
393,6547.1,0.0159525360403385
394,6547.5,0.0159525360403385
395,6543.1,0.0
396,6547.3,0.0159525360403385
397,166785.1,0.822134063340885
398,2538.1,0.0
399,57818.1,0.0
400,92579.1,31.7405806112933
401,1373.1,0.521400812997277
402,1373.2,0.521400812997277
403,873.1,15.403620157952199
404,10423.1,31.194948640906702
405,10423.2,31.194948640906702
406,1040.1,14.195085430376698
407,8760.1,6.032303897651549
408,10390.1,11.3204414910064
409,56994.1,16.471574423759
410,64781.1,17.645048075574397
411,64781.2,17.645048075574397
412,10087.1,10.754158626752698
413,6565.1,1.3502610081726298
414,9023.1,0.0
415,1103.4,0.0
416,1103.2,0.0
417,1103.3,0.0
418,1103.1,0.0
419,162466.1,0.23668189688933
420,5130.1,26.560216701602698
421,9468.1,0.0
422,6579.1,0.029001339908679
423,6554.1,0.0
424,6555.1,0.0
425,8714.3,8.79411343350473
426,8647.1,0.0
427,8714.2,8.79411343350473
428,55349.1,7.563378852066379
429,1120.2,0.870727587935407
430,1119.1,19.3079115634643
431,1120.1,0.870727587935407
432,1119.2,19.3079115634643
433,60482.1,0.0
434,6582.1,0.0
435,6584.1,17.069499109749998
436,6582.2,0.0
437,6820.1,25.6239739045096
438,10948.1,5.85116232622416
439,19.1,0.0478739422824643
440,27159.1,0.0
441,54682.1,7.0394948751708695
442,1118.1,0.0
443,27159.2,0.0
444,9058.1,2.0146186705538898
445,6576.1,67.6581500246693
446,1159.1,24.840099063754803
447,1160.1,0.0
448,548596.1,30.6028011101371
449,1152.1,20.106760240472802
450,1158.1,0.0
451,5172.1,0.0
452,65010.1,0.6474191363803039
453,65010.3,0.6474191363803039
454,65010.2,0.6474191363803039
455,54675.1,6.6602613869971705
456,10559.1,18.919660442029603
457,55907.1,18.8494241067942
458,8034.1,10.591222445233
459,8824.1,10.645955100838599
460,51805.1,8.43630637175151
461,51004.1,10.6480401427772
462,51004.2,10.6480401427772
463,10229.1,5.50082894705904
464,9245.1,0.0
465,2650.1,0.702608964399609
466,51301.1,0.0748413506898303
467,192134.1,0.0
468,6535.1,2.0950050046458
469,386757.1,0.0
470,1384.1,1.1976607896153
471,6583.1,1.01014824174624
472,1431.1,88.8003812036322
473,1431.2,88.8003812036322
474,54677.1,5.677608374678759
475,1384.2,1.1976607896153
476,1384.3,1.1976607896153
477,8140.1,44.40634033043511
478,23428.1,0.319416534742341
479,23428.2,0.319416534742341
480,1036.1,0.23899152506529503
481,124935.1,11.0066291465869
482,23657.1,0.87957204311966
483,978.1,0.0
484,57379.1,0.0
485,7371.1,14.739365128783
486,83549.1,22.275477627906
487,51727.1,38.2653500189493
488,129607.1,0.422356679209713
489,9162.1,0.10528347224984899
490,1607.1,0.0
491,8525.2,18.3358980207449
492,160851.1,15.492853281936199
493,1608.1,0.0192279707619453
494,1607.2,0.0
495,8525.1,18.3358980207449
496,8527.1,4.02063029698703
497,1606.1,0.07056939653409901
498,160851.2,15.492853281936199
499,8526.1,10.5355038586486
500,8525.3,18.3358980207449
501,8527.2,4.02063029698703
502,1609.1,2.57542579476996
503,1610.1,0.0
504,2745.1,1.78364362554762
505,51022.2,13.057901665279902
506,51022.1,13.057901665279902
507,8528.2,0.22570644906693105
508,8528.1,0.22570644906693105
509,1632.1,43.797072972098896
510,10455.1,15.9265107549555
511,1633.1,14.355270617961303
512,1638.1,0.0
513,6319.1,228.655272728125
514,9415.1,3.00280233679555
515,3992.1,10.3948448736708
516,8694.1,7.53071648725314
517,84649.1,8.907157653819011
518,1716.5,31.8071815186113
519,1716.1,31.8071815186113
520,1716.4,31.8071815186113
521,1716.2,31.8071815186113
522,1716.3,31.8071815186113
523,6515.1,0.0653008839436914
524,6513.1,33.0727803318696
525,6517.1,1.4669222448555401
526,1718.1,105.978815836076
527,1581.1,0.0
528,1717.1,62.2864824263793
529,8560.1,9.90974941208697
530,8560.2,9.90974941208697
531,123099.1,7.412649593804559
532,11309.1,0.0
533,6783.1,0.0
534,1723.1,8.47646908843039
535,1807.1,0.0
536,1809.1,0.137051810785356
537,1808.1,6.421519139745259
538,23539.1,0.0
539,2224.1,76.58437711955742
540,29958.1,0.0
541,60386.1,15.1093305639206
542,84920.1,8.79935153943636
543,79087.1,10.457415092132198
544,26002.1,0.0
545,1621.1,0.0
546,7299.1,0.0
547,6530.1,0.0
548,6531.1,0.0326836401843235
549,6581.1,0.0
550,669.2,3.1762598124592296
551,5223.1,255.590043966381
552,5224.2,0.300064038471712
553,5224.1,0.300064038471712
554,669.1,3.1762598124592296
555,4597.1,14.177563259876301
556,51071.1,3.94595544453888
557,1806.1,0.7406276027246009
558,7083.1,66.1831214033169
559,7084.1,0.5133685861991489
560,1854.1,18.0901474591721
561,3704.1,17.3925574593906
562,10682.1,81.0353464973573
563,1892.1,122.192104840269
564,549.1,6.22666586473163
565,1891.1,27.1827381686278
566,1962.1,1.0356098906428701
567,11001.1,4.17185279007526
568,28231.1,26.7715275938056
569,53919.1,0.0
570,10257.1,8.93611238719902
571,28232.1,0.16739129762099697
572,2109.2,37.2431206922441
573,2108.1,183.844848433684
574,2109.1,37.2431206922441
575,2110.1,9.79218928158423
576,55500.1,10.1255825500848
577,55224.1,36.920093625015504
578,8790.1,2.95349606823556
579,51086.1,0.0
580,2181.1,26.1518435474224
581,2182.1,0.53021624942321
582,2180.1,10.110604901583901
583,2181.2,26.1518435474224
584,51703.1,0.06721246235500701
585,81616.1,0.0
586,23305.1,0.0
587,2182.2,0.53021624942321
588,116285.1,0.0578916886470637
589,5167.1,1.4566093491727399
590,5169.1,0.0927464105446947
591,6785.1,2.26901365561991
592,79071.1,7.16425007420085
593,60481.1,36.030299458149294
594,54898.1,0.0
595,1579.1,0.0
596,2194.1,147.273262507003
597,376497.2,0.943069635516332
598,10999.1,16.1325261685033
599,376497.1,0.943069635516332
600,11000.1,8.20593693937413
601,226.2,252.336470113218
602,229.1,0.0
603,226.3,252.336470113218
604,230.1,6.775431448943781
605,226.1,252.336470113218
606,2203.1,184.13205842302398
607,5210.1,2.48602939839769
608,5207.1,0.204632531276066
609,5209.1,7.224567519052401
610,5208.1,2.46132428727254
611,8789.1,0.19720466332074899
612,2235.1,10.106141283192901
613,2235.2,10.106141283192901
614,10840.1,0.0112767444733493
615,79901.1,0.233670950450029
616,197258.1,8.52558888359471
617,125061.1,5.766140312961499
618,1719.1,45.0037454442459
619,2356.1,18.221464299386
620,29988.1,10.3146494441735
621,6514.1,0.0
622,155184.1,0.0
623,6518.1,0.0398689737938383
624,66035.1,2.9597285990379305
625,160428.1,0.20414102666178197
626,25902.1,6.979339266396401
627,4522.1,53.7835642481193
628,2519.1,16.600031953912403
629,2517.1,9.726640206694801
630,2184.1,6.21601276365236
631,2271.1,47.243772990250704
632,2523.1,3.9850251570878
633,2525.1,0.0
634,10690.1,12.9501735259674
635,8703.1,22.473276125641103
636,8704.2,25.0262069727755
637,8704.1,25.0262069727755
638,2683.1,15.096136737120302
639,9334.1,28.016662513154696
640,2820.1,30.011884992478
641,5832.1,83.9113530165724
642,9563.1,4.76787437015616
643,2539.1,58.3227270040543
644,2542.1,17.024190726253902
645,2593.1,5.67506313331597
646,2593.2,5.67506313331597
647,9514.1,0.0
648,5476.1,41.4946820580005
649,2720.1,32.2803729285654
650,2588.1,17.821352154571198
651,4758.1,4.4700993312067805
652,2581.1,5.055877738047349
653,2583.1,4.52108805289253
654,55790.1,0.0
655,55454.1,2.91093768013669
656,79586.1,13.4002307306604
657,22856.1,17.0916970032191
658,337876.1,2.4669783827329903
659,26290.1,0.0
660,79695.1,4.60716240129528
661,2589.1,22.9101621228047
662,50614.1,0.0
663,8693.1,0.190696982551173
664,55568.2,23.1903199271775
665,114805.1,0.0206550105196994
666,11226.1,21.0938318534039
667,117248.1,0.0480753189325588
668,11227.1,0.0400303363901396
669,55568.1,23.1903199271775
670,2590.1,17.5225675496057
671,51809.1,22.880484398133103
672,79623.1,10.6443873200566
673,63917.1,4.738444312701111
674,2591.1,18.4676804087423
675,81031.1,9.13856188571988
676,126792.1,10.776189496246399
677,11285.1,18.6016238434008
678,8972.1,0.0991497844579954
679,2618.1,28.00208306661
680,2618.2,28.00208306661
681,175.1,12.050311976960199
682,2629.2,23.403875776479897
683,2629.3,23.403875776479897
684,2629.4,23.403875776479897
685,2629.5,23.403875776479897
686,2629.1,23.403875776479897
687,26301.1,0.0
688,4329.1,30.731270453125
689,7915.1,13.877410404391
690,7915.2,13.877410404391
691,275.1,0.8720809867579721
692,2731.1,0.0337562196075423
693,2653.1,45.896628625705794
694,2651.1,0.285410522719486
695,55343.1,4.1835059435934
696,7264.1,42.888263096602
697,8836.1,19.820919109637803
698,79017.1,41.9696173659004
699,8908.1,1.8178842837367202
700,2998.1,0.0
701,2992.1,40.4427557609009
702,2997.1,16.240986816391302
703,2687.1,0.0
704,6472.1,56.0431388141644
705,6470.1,16.4627504148714
706,6470.2,16.4627504148714
707,2717.1,33.6176432935075
708,2632.1,8.87719403097198
709,2990.1,20.6326773939353
710,8372.1,1.08531106665699
711,26035.1,10.6592696775236
712,54480.1,21.3218871156243
713,2131.1,3.82329588121108
714,2132.1,20.4070344429063
715,2132.2,20.4070344429063
716,27087.2,0.0
717,135152.1,0.0
718,27087.1,0.0
719,26229.1,25.2898178948354
720,4669.1,13.7266354507847
721,64579.1,0.034666336070404
722,3340.1,39.8161870512458
723,9348.1,0.20219468839691396
724,8509.1,9.06225741396013
725,2137.1,5.049807993816559
726,2135.1,1.06766557935457
727,2134.1,0.0960967417676595
728,56606.1,0.0
729,154091.1,0.0918574320308116
730,11182.1,3.9331478167951603
731,56606.2,0.0
732,144195.1,0.0
733,6523.1,0.0
734,178.4,5.24199130613582
735,178.5,5.24199130613582
736,178.1,5.24199130613582
737,178.3,5.24199130613582
738,178.2,5.24199130613582
739,178.6,5.24199130613582
740,5834.1,31.000515788716502
741,5837.1,0.284463363905151
742,5836.1,1.07957548686086
743,2729.1,14.426467361938501
744,2730.1,4.93563369461456
745,2747.1,9.3610984507374
746,2746.1,54.09030879846271
747,10841.1,0.27870832475100105
748,10841.2,0.27870832475100105
749,2744.1,9.01479045907768
750,27165.2,0.920712069352871
751,27165.1,0.920712069352871
752,83733.1,0.0
753,79751.1,6.89414168475464
754,2639.1,6.379796665292631
755,2639.2,6.379796665292631
756,57084.1,0.0
757,246213.1,0.0
758,57030.1,0.0510329194225555
759,54363.1,0.0
760,51179.2,0.0758121700973635
761,51179.1,0.0758121700973635
762,2628.1,0.0583779525471639
763,9380.1,38.8681547238509
764,2710.2,3.0319805456634996
765,2712.1,0.0
766,2710.1,3.0319805456634996
767,2713.1,0.345638280874001
768,3029.1,18.617547943548
769,6536.1,4.89846425653442
770,6536.2,4.89846425653442
771,5226.1,48.656305563035204
772,27232.1,0.0
773,57678.1,4.67830498162074
774,284098.1,8.3659557346219
775,80055.1,2.67759424172669
776,93183.1,6.33664850146515
777,54965.1,9.194129204995539
778,2936.1,61.359107674548596
779,7001.3,201.908697486281
780,5052.3,552.272537395322
781,2877.1,0.343101909233165
782,2876.2,0.217375216373844
783,5052.2,552.272537395322
784,2876.1,0.217375216373844
785,5052.1,552.272537395322
786,7001.1,201.908697486281
787,2879.1,85.5424973202947
788,7001.2,201.908697486281
789,2878.1,2.9935690288985004
790,257202.1,0.0
791,2882.1,0.0
792,10935.1,107.80786021820299
793,10935.2,107.80786021820299
794,2937.1,16.095711803043198
795,2679.1,0.0
796,2678.1,0.47665408891613903
797,2678.3,0.47665408891613903
798,2678.2,0.47665408891613903
799,2977.1,3.34828858651852
800,2983.1,1.52987435796689
801,4882.2,1.1995562960711699
802,2982.1,5.60274644046309
803,2974.1,2.45210744696338
804,2986.1,0.0
805,4882.1,1.1995562960711699
806,2984.1,0.0
807,4881.1,0.0
808,3000.1,0.0
809,9615.1,0.0
810,763.1,0.0
811,11238.1,1.04447854505492
812,23556.1,11.5258136393848
813,23556.2,11.5258136393848
814,55650.1,5.65653714486183
815,53905.1,0.0
816,50506.1,0.0
817,53905.2,0.0
818,343.1,0.0
819,84720.2,8.846498887588249
820,5281.1,15.774284401970698
821,84720.1,8.846498887588249
822,5281.2,15.774284401970698
823,54872.1,6.45577107038302
824,80235.1,2.52299309356231
825,10026.1,6.89553987433787
826,8733.1,29.324679408888898
827,128869.1,17.370317680923602
828,94005.1,27.269158809998697
829,51604.1,27.314946175199104
830,3028.1,112.822364703981
831,3033.1,25.3157654841186
832,3038.2,0.10280027222476801
833,3036.1,0.0
834,3038.1,0.10280027222476801
835,3037.1,0.0
836,27235.1,14.215466118617499
837,6522.1,51.837104173369205
838,83697.1,0.0
839,6521.1,0.0
840,6508.2,0.564718300789977
841,6508.1,0.564718300789977
842,2645.1,0.0
843,3099.1,13.0154521737378
844,3098.3,45.067828085753405
845,2645.2,0.0
846,80201.1,0.0335623702649774
847,3098.2,45.067828085753405
848,2645.3,0.0
849,3098.1,45.067828085753405
850,3098.4,45.067828085753405
851,3101.1,0.137995643128659
852,3098.5,45.067828085753405
853,3081.1,0.241384431448927
854,11112.1,2.9878568664243597
855,3067.1,0.0
856,495.1,0.0
857,496.1,0.0
858,8942.1,13.087574627334302
859,3157.1,17.8128174833713
860,3157.2,17.8128174833713
861,3158.1,0.88638138209537
862,3155.1,3.51007637333467
863,54511.1,0.0
864,3162.1,0.4851978886231261
865,3163.1,30.9289257482328
866,26062.1,0.130801058479276
867,197257.1,12.4730046030458
868,197257.2,12.4730046030458
869,6448.1,9.286022652616289
870,3290.2,0.0
871,3290.1,0.0
872,3291.1,1.77630895462983
873,3292.1,0.49793328931418107
874,7923.1,2.15372597127518
875,3294.1,0.0
876,51478.1,5.06609300571822
877,3283.1,0.0
878,3284.1,0.0
879,80270.1,12.165653536229598
880,57026.1,0.513027193955625
881,3421.2,45.0911467186074
882,3420.3,27.516079472655697
883,3419.1,28.345142586669397
884,3420.1,27.516079472655697
885,3421.1,45.0911467186074
886,3420.2,27.516079472655697
887,3417.1,30.5427291998277
888,3418.1,200.33351613134
889,7173.4,0.0
890,7173.1,0.0
891,7173.3,0.0
892,7173.2,0.0
893,7173.5,0.0
894,3425.1,2.19928037542356
895,587.1,17.6935947854942
896,8501.1,0.29233218753723805
897,55586.1,0.0
898,114134.1,1.25166314550136
899,6526.1,16.659866245427498
900,3422.1,27.405876825081897
901,91734.1,0.0
902,160728.1,0.039128861985736
903,8802.1,57.188366832465896
904,8801.1,24.817425613727398
905,8803.1,18.675541373418397
906,6560.1,0.0459862090433221
907,10723.1,22.932552545047397
908,9990.1,0.8557566754417869
909,57468.1,0.8109916717833409
910,3795.1,5.19352014508558
911,3795.2,5.19352014508558
912,84679.1,8.04730243418982
913,23315.1,5.03412364865772
914,8564.1,0.0671773461259814
915,3938.1,0.102468473450055
916,53.1,11.0707978409846
917,3931.1,0.0
918,387775.1,0.0
919,124637.1,9.40475672528703
920,366.1,0.0
921,11283.1,0.0
922,4047.1,22.068054199923395
923,5321.1,0.0439130602749756
924,1178.1,0.0
925,29124.1,0.0
926,51268.1,0.0
927,4023.1,0.0
928,3990.1,0.10466214121703599
929,1056.1,0.377217972923679
930,80339.1,0.5538458337662919
931,11343.1,0.6082392859576949
932,11343.2,0.6082392859576949
933,50487.1,4.94336567302047
934,9227.1,0.128526030073099
935,6309.1,2.6723575448087202
936,4048.1,61.512938750843
937,4056.1,0.0
938,4259.1,19.5661322477369
939,4056.2,0.0
940,4258.1,10.409567895347699
941,2954.1,25.013613567083603
942,2954.3,25.013613567083603
943,2954.2,25.013613567083603
944,2548.1,48.5699152667002
945,56922.1,14.3186314460489
946,64087.1,50.3300072846986
947,23417.1,12.418413386263001
948,4357.1,6.47359090882396
949,4191.1,215.083948336426
950,4190.1,100.99099016330601
951,4200.1,3.5607772354167997
952,4199.1,11.9181818590139
953,10873.1,0.0
954,3620.1,0.19975780500020002
955,1557.1,0.0
956,1543.1,2.8935018302517004
957,1545.1,4.34164072276584
958,1544.1,0.0822369302751062
959,4143.1,0.11331736823013698
960,27430.2,19.1441938692438
961,4144.1,65.4814069076978
962,27430.1,19.1441938692438
963,4548.1,14.850300709822701
964,4598.1,12.173012116935197
965,3635.1,0.0
966,8867.2,3.53899179205264
967,3636.1,54.5123304604545
968,27124.2,6.257471712141251
969,8867.1,3.53899179205264
970,27124.1,6.257471712141251
971,3633.1,5.097429794120269
972,56623.1,6.42887202425642
973,3632.1,10.0470997016075
974,3628.1,0.16463180599888402
975,3706.1,2.43386177229827
976,80271.1,9.34418031295173
977,3707.1,3.4180231854704397
978,51477.1,17.330556893932098
979,3631.2,5.95299953089192
980,3631.1,5.95299953089192
981,8821.1,16.505962083039
982,2595.1,0.344250175328323
983,84693.1,8.42403920419807
984,4594.1,18.925963962298898
985,116255.1,0.0
986,80168.1,0.0
987,4507.1,2.38744042321967
988,10797.1,98.5291458597199
989,56913.1,0.871465284282147
990,443.1,0.0
991,91703.1,1.3846801283013799
992,4668.1,13.596218881143502
993,9498.1,1.4841449071288702
994,57282.1,0.0202547952875124
995,6528.1,0.395512261000115
996,481.1,36.0601276269656
997,478.1,0.222013340748865
998,477.1,0.0
999,23439.1,0.0
1000,483.1,42.662845392521
1001,476.1,78.12079942871809
1002,480.1,0.0
1003,482.1,0.0
1004,6548.1,6.81552181980294
1005,6550.1,0.0
1006,6549.1,1.3467317360625402
1007,84735.1,0.0
1008,55748.1,9.10367568182389
1009,6559.1,0.0
1010,123041.2,0.0
1011,57419.1,3.93435726863725
1012,9187.1,2.55401827009717
1013,123041.3,0.0
1014,25769.1,0.0118613874986281
1015,123041.1,0.0
1016,124583.1,54.7696500705569
1017,79077.1,61.303886802730894
1018,9583.1,7.143191138062691
1019,1841.1,52.1116177317725
1020,4832.1,41.159702901912496
1021,4831.1,1.34365492468382
1022,4830.1,111.742823040207
1023,10201.1,5.08632009278797
1024,29922.2,1.4269041427168798
1025,29922.1,1.4269041427168798
1026,4830.2,111.742823040207
1027,4833.1,42.1039195714885
1028,57127.1,4.3146792109103504
1029,6005.1,0.0
1030,6557.1,0.0
1031,6558.1,23.0379972138438
1032,349565.1,2.4377328369508
1033,64802.1,2.0403719727870198
1034,23057.1,0.9510962101481941
1035,23057.2,0.9510962101481941
1036,10135.1,16.6008376894417
1037,4837.1,0.0
1038,5409.1,0.0
1039,4846.1,0.0250980754411728
1040,201288.1,0.0
1041,4842.1,0.0
1042,4843.2,0.0
1043,4843.1,0.0
1044,645740.1,0.0
1045,4860.1,25.0528712931359
1046,6580.1,0.202377923114053
1047,55808.1,0.0
1048,30833.1,35.8330571843801
1049,5251.1,2.5503611936323902
1050,56953.1,1.44109211004503
1051,4907.1,0.36381261160611705
1052,3704.2,17.3925574593906
1053,6476.1,0.0
1054,5009.1,0.0
1055,5019.1,28.0773923769801
1056,64064.1,1.40984035619658
1057,1629.1,2.3578863151714
1058,594.1,7.34332364839635
1059,593.1,21.054811398995604
1060,594.2,7.34332364839635
1061,26873.1,7.896692312963821
1062,4942.1,26.106598182151604
1063,7372.1,13.5335061646989
1064,1836.1,7.451918532141191
1065,10861.1,0.0628740540269577
1066,10861.3,0.0628740540269577
1067,10861.2,0.0628740540269577
1068,1811.1,0.0
1069,1583.1,0.0
1070,1584.1,0.0307675138753598
1071,1585.1,0.0
1072,1586.1,0.0
1073,1588.1,0.0
1074,1588.2,0.0
1075,1576.1,0.0
1076,1589.1,0.008628779309115391
1077,1593.1,0.16822168401892099
1078,1553.1,0.0
1079,1548.1,0.0
1080,1562.1,0.0
1081,1558.1,0.345328846423801
1082,1558.2,0.345328846423801
1083,1559.1,0.0
1084,1565.1,0.0775029779898303
1085,1572.1,0.0
1086,51302.1,0.0
1087,64816.1,0.0
1088,64816.3,0.0
1089,64816.2,0.0
1090,1577.1,0.12618002010316803
1091,1551.1,0.0
1092,10858.1,0.074693528805117
1093,66002.1,0.0
1094,4051.1,0.0
1095,8529.1,0.0
1096,9420.1,0.0
1097,1582.1,0.0
1098,5831.1,106.35804273787201
1099,5831.2,106.35804273787201
1100,5051.1,3.21531934161767
1101,5049.1,18.287995277984603
1102,5050.1,42.8939350969057
1103,5048.1,23.6129927217968
1104,7941.1,0.0
1105,347734.1,61.0112560733355
1106,57194.1,0.0
1107,5338.1,8.84596204358852
1108,5337.1,0.118038306019134
1109,130013.1,0.0
1110,5091.1,14.4009158760755
1111,5091.2,14.4009158760755
1112,5244.1,0.878725893968029
1113,5244.3,0.878725893968029
1114,5244.2,0.878725893968029
1115,5139.1,0.0
1116,5142.1,0.471967531932826
1117,5151.3,8.10848723780089
1118,5153.1,0.0339882211168725
1119,5150.2,7.68343248463886
1120,5143.1,0.084590421371795
1121,5150.1,7.68343248463886
1122,5137.1,0.0
1123,5144.1,0.239642541405974
1124,5136.2,0.6687242767548051
1125,5140.2,1.8630949949544902
1126,5151.2,8.10848723780089
1127,10846.1,0.0449466699435313
1128,5151.5,8.10848723780089
1129,5140.1,1.8630949949544902
1130,5141.1,2.72014162062002
1131,5138.1,0.0
1132,5136.1,0.6687242767548051
1133,5151.4,8.10848723780089
1134,5151.1,8.10848723780089
1135,27115.1,0.0656007349413921
1136,50940.1,0.0130934257113165
1137,8622.1,0.116782416426093
1138,5146.1,0.0
1139,5152.17,2.15441700634618
1140,5152.6,2.15441700634618
1141,5152.11,2.15441700634618
1142,5152.2,2.15441700634618
1143,8654.2,1.42527299969659
1144,5152.10,2.15441700634618
1145,5145.1,0.0
1146,5158.1,0.338848070277052
1147,5149.1,0.0
1148,5152.12,2.15441700634618
1149,5152.15,2.15441700634618
1150,5152.5,2.15441700634618
1151,5152.20,2.15441700634618
1152,5152.19,2.15441700634618
1153,5152.16,2.15441700634618
1154,8654.3,1.42527299969659
1155,5152.14,2.15441700634618
1156,5152.13,2.15441700634618
1157,5152.7,2.15441700634618
1158,5152.3,2.15441700634618
1159,8654.1,1.42527299969659
1160,5152.18,2.15441700634618
1161,5147.1,4.81487250761821
1162,5148.1,0.0
1163,5152.4,2.15441700634618
1164,5152.1,2.15441700634618
1165,5161.1,0.0
1166,5162.1,25.3161792756433
1167,1737.1,16.922755627587097
1168,5160.1,32.2349076145815
1169,55163.1,41.077987479664394
1170,10396.1,5.34840228342599
1171,5105.1,0.0
1172,5106.1,10.3139042352632
1173,8310.1,8.21526408424115
1174,5833.1,15.562879809368802
1175,10400.2,23.294488822068402
1176,10400.1,23.294488822068402
1177,10400.3,23.294488822068402
1178,26227.1,8.202407939397041
1179,5730.1,0.0
1180,27306.1,0.0
1181,80142.4,31.8260991299823
1182,80142.2,31.8260991299823
1183,9536.1,0.538826361383461
1184,80142.1,31.8260991299823
1185,9536.2,0.538826361383461
1186,80142.3,31.8260991299823
1187,5740.1,0.0
1188,114971.1,10.229883951006599
1189,9489.1,13.528433327904699
1190,5743.1,0.0
1191,5742.1,2.75316916252045
1192,6898.1,0.0
1193,5053.1,0.082131868722535
1194,5264.1,5.50951345393168
1195,5728.1,36.707439633767
1196,8871.1,7.980668719766589
1197,8394.1,59.9149932809608
1198,23396.1,3.92377422973485
1199,8395.1,0.10579602892358302
1200,55361.1,5.94364932494151
1201,5297.1,25.7597742418541
1202,5298.1,38.803572989770004
1203,5291.1,11.1405058534266
1204,5295.3,7.838311684398731
1205,5293.1,0.3904832003935061
1206,8503.1,37.754772052101394
1207,5296.1,13.1785706754431
1208,5290.1,10.018571124346801
1209,5295.1,7.838311684398731
1210,5295.2,7.838311684398731
1211,10870.1,0.0
1212,5294.1,0.0
1213,23533.1,0.0
1214,4952.1,24.2984918572982
1215,4952.2,24.2984918572982
1216,23236.2,3.31212067726411
1217,5336.1,0.8019382982440451
1218,9651.1,0.0
1219,113026.1,4.50039638377221
1220,89869.1,0.0
1221,84812.1,0.0264127856378653
1222,5330.1,0.0225614038401699
1223,5335.1,51.80901117670339
1224,51196.1,0.160922954299285
1225,5333.1,1.1527916534049298
1226,5332.2,14.1612741793995
1227,5331.1,10.886881744987301
1228,5335.2,51.80901117670339
1229,5334.1,0.0771657557300096
1230,5332.1,14.1612741793995
1231,257068.1,0.41901400530535293
1232,23236.1,3.31212067726411
1233,23007.1,11.5475761268009
1234,5287.1,8.022819770775289
1235,5286.1,18.110491178712103
1236,5288.1,0.28452058848046896
1237,200576.2,8.40150642833663
1238,8396.1,10.8518044399213
1239,200576.3,8.40150642833663
1240,79837.1,16.1770311887161
1241,8396.2,10.8518044399213
1242,5305.1,14.9979362836847
1243,200576.1,8.40150642833663
1244,5289.1,5.5057938301764
1245,5279.1,8.012493028600181
1246,51227.2,5.09732571502532
1247,5283.1,8.941036338872449
1248,5277.2,6.84375234793982
1249,9091.1,8.32869359006465
1250,8818.1,18.047415643772897
1251,51227.1,5.09732571502532
1252,9091.2,8.32869359006465
1253,5277.3,6.84375234793982
1254,5279.2,8.012493028600181
1255,5277.1,6.84375234793982
1256,8818.2,18.047415643772897
1257,51227.3,5.09732571502532
1258,8398.1,2.79516174967671
1259,5320.1,0.0
1260,8398.2,2.79516174967671
1261,81579.1,14.8349138592202
1262,5322.1,0.0
1263,64600.1,0.0
1264,100137049.1,0.21941542744902498
1265,123745.1,0.0
1266,5319.1,0.0
1267,26279.1,0.0
1268,8399.1,0.0
1269,30814.1,0.0
1270,10654.1,9.60124074446302
1271,117283.1,0.0
1272,9807.2,8.34015830173806
1273,9807.1,8.34015830173806
1274,51447.3,15.7394227094891
1275,51447.4,15.7394227094891
1276,51447.6,15.7394227094891
1277,51447.5,15.7394227094891
1278,51447.1,15.7394227094891
1279,51447.2,15.7394227094891
1280,8876.1,0.0
1281,8875.2,0.0
1282,55350.3,0.0
1283,55350.2,0.0
1284,8875.1,0.0
1285,55350.1,0.0
1286,27068.4,45.055968548509796
1287,27068.1,45.055968548509796
1288,27068.3,45.055968548509796
1289,27068.2,45.055968548509796
1290,8612.1,31.976065042113103
1291,8611.1,5.00767870238295
1292,8613.1,5.36387145917404
1293,8611.2,5.00767870238295
1294,5498.1,3.44942831616709
1295,8288.1,0.0
1296,9588.1,204.030070230892
1297,4353.1,0.0
1298,6820.2,25.6239739045096
1299,5625.1,5.92695012203042
1300,6578.1,0.31417822965211606
1301,23761.1,13.562002329730301
1302,9791.1,84.8282474766103
1303,81490.1,10.4251978771726
1304,10965.1,1.74132837703756
1305,10005.1,6.316926491495741
1306,10005.3,6.316926491495741
1307,10005.2,6.316926491495741
1308,122970.1,5.5149637462984
1309,5805.1,7.76532539484247
1310,6303.1,27.5413491253945
1311,112483.1,9.70890877132603
1312,8566.1,25.199050299941398
1313,7378.2,0.3015418397868869
1314,151531.1,0.0
1315,7378.1,0.3015418397868869
1316,2944.1,0.108504169185762
1317,2944.2,0.108504169185762
1318,64080.1,0.8818178478731871
1319,5959.1,0.37577430244070703
1320,8608.1,0.7462416743187951
1321,157506.1,3.61653792630265
1322,112724.1,10.0171890356007
1323,145226.1,0.0655004791060257
1324,51109.1,37.3806588471963
1325,195814.1,0.524970705498326
1326,57665.1,0.964330803638463
1327,50700.1,0.0
1328,8228.1,1.4626182475040501
1329,113278.1,2.5658469276411404
1330,54981.1,6.118512685154389
1331,6484.1,8.00707887497641
1332,6482.1,6.4002828644870995
1333,6483.1,1.5045065043264398
1334,6482.2,6.4002828644870995
1335,10090.1,1.69835835758084
1336,9653.1,6.88460073623055
1337,3423.1,12.9703226435855
1338,3423.2,12.9703226435855
1339,9957.1,0.0
1340,9951.1,0.0
1341,222537.1,0.0
1342,9956.1,0.0
1343,9955.1,0.0508814564642376
1344,9953.1,0.18982889835402803
1345,64711.1,0.121071036238351
1346,113189.1,9.76907759827864
1347,50515.1,3.4106013166131497
1348,166012.1,0.0
1349,55501.1,6.871930715098291
1350,411.2,2.00330394164095
1351,411.1,2.00330394164095
1352,23563.2,0.18495028838482197
1353,9435.1,0.0
1354,23563.1,0.18495028838482197
1355,10164.1,0.0
1356,4166.1,0.0
1357,8534.1,0.0
1358,9469.1,1.60422161511633
1359,56548.1,0.38946001012371206
1360,266722.1,0.955598609448674
1361,9394.1,24.0757353135109
1362,90161.2,3.16130483837403
1363,90161.1,3.16130483837403
1364,2799.1,42.2971123064604
1365,10157.1,3.26963768736951
1366,118881.1,17.5392816251509
1367,3176.1,1.81571780484025
1368,1757.1,0.0303463395055767
1369,81537.1,9.8726329755812
1370,6652.1,60.1778348535985
1371,6342.1,7.1089627986617305
1372,9056.1,0.0
1373,10558.1,16.7849509669649
1374,9517.1,35.3257225634668
1375,55304.1,0.0
1376,2098.1,90.20141300291071
1377,8879.1,41.1064665491368
1378,8869.1,8.30858700511707
1379,56848.1,1.05657820879056
1380,8877.1,6.06033795917166
1381,130752.1,1.10052017533633
1382,55512.1,2.19623640988073
1383,55512.2,2.19623640988073
1384,339221.1,0.0
1385,55627.1,17.005280561792
1386,6609.1,3.0976397589229197
1387,6610.1,11.5516230349069
1388,259230.1,10.128518837448901
1389,115111.1,0.0867447734762209
1390,115019.2,0.0249277705477178
1391,115111.2,0.0867447734762209
1392,116369.2,0.0
1393,284129.1,10.6972387432763
1394,116369.1,0.0
1395,115019.1,0.0249277705477178
1396,26266.1,0.0
1397,6646.1,5.9765439276076995
1398,6649.1,0.0
1399,6648.1,14.6102235482956
1400,6647.1,305.52131713202004
1401,6697.1,32.0782647954673
1402,6611.1,73.34297719896671
1403,6723.1,24.442844145641104
1404,6713.1,112.79024722382299
1405,2222.1,22.8315081235275
1406,6715.1,20.8252687409029
1407,6716.1,0.0
1408,15.1,0.0598312891973609
1409,6532.1,0.0
1410,6487.6,0.8598285629149541
1411,6487.11,0.8598285629149541
1412,6487.5,0.8598285629149541
1413,6487.7,0.8598285629149541
1414,6487.9,0.8598285629149541
1415,6487.1,0.8598285629149541
1416,6487.8,0.8598285629149541
1417,6487.4,0.8598285629149541
1418,6487.3,0.8598285629149541
1419,6487.10,0.8598285629149541
1420,6487.2,0.8598285629149541
1421,10402.1,0.0653008839436914
1422,10610.1,3.29842365139997
1423,256435.1,0.0
1424,30815.1,8.44219269876535
1425,81849.1,0.632762994513427
1426,6489.1,0.0794178137647489
1427,29906.1,0.0
1428,412.1,2.5033418153143
1429,6389.1,122.265248375623
1430,6392.1,43.6463002533432
1431,6391.1,17.0602925548173
1432,6390.1,66.029288214197
1433,6821.1,6.373924400117481
1434,6533.1,27.050024405454195
1435,5092.1,66.3336894749321
1436,5092.2,66.3336894749321
1437,23530.2,40.1970330860441
1438,23530.1,40.1970330860441
1439,79178.1,8.53006258090995
1440,6567.1,2.88763631130571
1441,1890.1,0.178414579766598
1442,55217.1,9.94091214608725
1443,7296.3,89.6122735550392
1444,7296.1,89.6122735550392
1445,7296.4,89.6122735550392
1446,7296.2,89.6122735550392
1447,80162.1,2.86513691314867
1448,11181.1,0.0
1449,7166.1,0.0708415650055804
1450,121278.1,0.0
1451,6999.1,0.0755005522519838
1452,169355.1,0.0
1453,6561.1,0.0
1454,6916.1,0.125502626144586
1455,7054.1,0.0
1456,7054.3,0.0
1457,7054.2,0.0
1458,7306.1,2.8612504141336
1459,10020.1,6.45704823473527
1460,29880.1,37.2674419790105
1461,7355.1,14.920618971721801
1462,7358.1,16.655525769976002
1463,23169.1,3.81315275727501
1464,80146.1,8.087025754549769
1465,5168.1,0.11222936323985601
1466,84912.1,8.670608449274559
1467,3906.1,0.0
1468,7357.1,26.0938889028679
1469,11046.1,3.46266306303234
1470,54576.1,0.0
1471,54575.1,0.0
1472,54578.1,1.00898521695647
1473,54579.1,0.31044854845503805
1474,54600.1,0.189782199978049
1475,54658.1,0.0867203960106532
1476,54659.1,0.258707123712532
1477,54577.1,0.0519924951415805
1478,54657.1,0.35801196634681703
1479,7364.1,0.0
1480,54490.1,0.0
1481,7367.1,0.309675916390001
1482,10720.1,0.0753677845751046
1483,7363.1,0.0
1484,7365.1,0.0
1485,7366.1,0.3807284616733921
1486,54963.1,22.749878885204396
1487,7498.1,0.0
1488,9942.1,3.0982515779549
1489,64131.1,0.8401053844893779
1490,64132.1,25.304559355357497
1491,51181.1,158.976931842288
1492,64077.1,3.9859006550389804
1493,5464.1,236.219076528746
1494,10724.1,26.673927665712
1495,1356.1,0.061965031559098
1496,2512.1,349.64680307685205
1497,2495.1,530.839652580587
1498,94033.1,0.0
1499,1727.1,15.3912716645548
1500,51706.1,42.7616843000569
1501,51700.1,0.0
1502,10587.1,4.5239739882097
1503,80347.1,17.180766217782
1504,22978.1,7.70797023441648
1505,84618.1,0.0
1506,51251.1,33.1657696952294
1507,93034.1,0.0
1508,100526794.1,0.0
1509,3251.1,24.3524763604342
1510,353.1,304.315875249808
1511,56954.1,33.791072447362
1512,5313.1,0.0
1513,92086.1,0.0
1514,728441.1,0.0
1515,102724197.1,0.0
1516,2686.1,0.658637222975046
1517,124975.1,0.318824684164328
1518,91227.1,0.0
1519,5211.1,37.2759916636375
1520,1491.1,1.4039392955610002
1521,2819.1,0.0374097877466187
1522,29926.1,14.8437878913884
1523,29925.1,10.884448372370802
1524,875.1,43.2296133732414
1525,102724560.1,0.0
1526,249.1,0.0
1527,22934.1,17.1062679816638
1528,51292.1,33.5066955239704
1529,2766.1,0.254608793039858
1530,57571.1,0.0497109764102565
1531,8833.1,74.9162529862455
1532,11332.1,7.52037019896771
1533,5538.1,472.399710438174
1534,641371.1,1.74786665060498
1535,9374.1,0.820354777152833
1536,55825.1,4.93069830768929
1537,51102.1,7.21865497441409
1538,37.1,42.674238336666704
1539,33.1,0.172587168436414
1540,132158.1,1.9973851997426497
1541,641649.1,0.10924166566281099
1542,93100.1,3.76758616232396
1543,23475.1,1.90301231091245
1544,50484.1,16.0969064915036
1545,6240.1,44.246786607955706
1546,6241.1,54.029483581840495
1547,3156.1,31.7814079950923
1548,79966.1,4.12215773184645
1549,10588.1,0.25290605917609804
1550,84890.1,17.953885352381
1551,79646.1,91.7922205766285
1552,80025.1,9.96951648003276
1553,53354.1,5.043987685927269
1554,55229.1,7.49467291245639
1555,83594.1,12.2183387560954
1556,7263.1,12.8933610680378
1557,26275.1,14.853711536188099
1558,29920.1,7.64481972921878
1559,7389.1,12.101406163306198
1560,1595.1,29.467685102377896
1561,130367.1,0.28721691843290004
1562,10478.1,13.3078629421442
1563,23443.1,10.0579887708991
1564,64240.1,0.0
1565,64241.1,0.0
1566,284111.1,0.0
1567,8435.1,0.124049629025691
1568,3988.1,25.410402693439398
1569,771.1,8.73356199521628
1570,760.1,1.15766002837751
1571,768.1,0.165479331383692
1572,23632.1,0.0
1573,765.1,0.0
1574,759.1,0.0
1575,762.1,4.7050959592029695
1576,766.1,0.0
1577,767.1,0.34836252348187496
1578,377677.1,0.0
1579,10057.1,35.0411256301292
1580,6556.1,0.345505598232591
1581,6568.1,0.0
1582,7779.1,14.5270844552078
1583,54020.1,7.3557642966094505
1584,215.1,9.68541855182736
1585,5825.1,5.21635847622681
1586,641372.1,0.0
1587,9045.1,388.787363946251
1588,4017.1,0.5737051150255079
1589,84105.1,8.4348531184525
1590,25830.1,0.0
1591,84569.1,0.0
1592,4025.1,0.0
1593,54995.1,14.398652470829699
1594,93492.1,0.22291511873288603
1595,1267.1,20.6088314220706
1596,10249.1,0.0
1597,1580.1,2.6786966767735096
1598,1555.1,0.0
1599,1549.1,0.0
1600,1573.1,18.417662449673802
1601,199974.1,0.0674239331332609
1602,260293.1,0.0892898892257837
1603,29785.1,0.0490566350572791
1604,57834.1,0.22723553546709002
1605,1215.1,0.0
1606,1357.1,0.0
1607,1358.1,0.0
1608,57094.1,0.0
1609,93979.1,0.0
1610,7177.1,0.0
1611,64499.1,0.0
1612,23430.1,0.0
1613,1636.1,0.0141154287501513
1614,9365.1,0.0484557906482489
1615,9331.1,1.1451594740804698
1616,7368.1,2.96746064806461
1617,5315.1,260.673842499324
1618,26063.1,10.4407881237363
1619,1666.1,35.76506276847039
1620,874.1,1.50315353085132
1621,10901.1,2.6056592581732003
1622,126410.1,0.295693615527317
1623,2053.1,2.5264339183042797
1624,8897.1,9.70853054333878
1625,8897.3,9.70853054333878
1626,8897.2,9.70853054333878
1627,8898.1,5.90602281806814
1628,2880.1,0.0
1629,9152.1,0.0
1630,9497.1,13.369547020387001
1631,115584.1,0.0
1632,6574.1,21.674572185890103
1633,6575.1,7.5448864832349205
1634,142680.1,0.0
1635,6534.1,0.0
1636,3293.1,0.0
1637,1622.1,114.414482677911
1638,225.1,0.0
1639,28965.1,0.769382783613933
1640,23205.1,0.0
1641,26061.1,13.923492886758599
1642,54716.1,0.0
1643,6564.1,0.0
1644,113235.1,3.7688776928178798
1645,1200.1,3.65218639020673
1646,2168.1,0.0
1647,51056.1,22.368224150512
1648,9390.1,0.0502255626895033
1649,5184.1,5.36124482252872
1650,4891.1,13.7477186262481
1651,30061.1,0.0
1652,248.1,0.0
1653,4524.1,2.39124037404478
1654,65263.1,16.8150361078724
1655,25796.1,22.8803182294619
1656,28982.1,5.54231769055277
1657,6120.1,35.09745220169339
1658,6120.2,35.09745220169339
1659,10864.1,0.0
1660,9356.1,0.0
1661,9376.1,0.0
1662,348932.1,0.0
1663,120103.1,3.18183524121413
1664,1080.1,0.0
1665,85320.1,0.0510430490214881
1666,222962.1,3.46905581384989
1667,10351.1,0.0
1668,9429.1,7.48250373376339
1669,55867.1,0.0
1670,360.1,3.96628714716837
1671,364.1,0.0
1672,89872.1,0.0717908657091728
1673,21.1,20.1030801370544
1674,24.1,0.0448891331846137
1675,10057.2,35.0411256301292
1676,125206.1,0.21130228510292298
1677,200010.1,0.0
1678,6524.1,0.0565672857391678
1679,159963.1,0.178455850777416
1680,79581.1,34.133562675872696
1681,55065.1,0.9380323954100039
1682,3764.1,24.8651224378942
1683,6833.1,0.149973686413447
1684,10060.1,2.8905180374980803
1685,3767.1,3.45851338934501
1686,5950.1,0.0
1687,64220.1,0.162345253137788
1688,5947.1,0.0
1689,5948.1,0.0
1690,949.1,20.9312112417651
1691,29881.1,0.0244443803203666
1692,2350.1,0.0
1693,3248.1,2.97337985925305
1694,166929.1,1.88650990166167
1695,56261.1,1.86396066496423
1696,3658.1,25.968563552739703
1697,122481.1,4.57507528528415
1698,203.1,8.85175671477495
1699,159.1,16.6774085984895
1700,122622.1,1.23751145798969
1701,122622.2,1.23751145798969
1702,11212.1,10.0099214079508
1703,383.1,0.0
1704,1371.1,10.0693176283534
1705,1503.1,27.802383020009103
1706,56474.1,10.0351832668583
1707,1491.2,1.4039392955610002
1708,2987.1,49.0292322135439
1709,5860.1,3.11632934748516
1710,9453.1,8.94846202221709
1711,2023.1,385.10477429466596
1712,2027.1,2.62815523004193
1713,2027.2,2.62815523004193
1714,2026.1,20.4911034556477
1715,9843.1,0.0224628652140336
1716,80308.1,15.465079819781899
1717,80308.2,15.465079819781899
1718,7360.1,20.8615606248963
1719,7360.2,20.8615606248963
1720,2597.1,2943.7844929952303
1721,26330.1,0.0
1722,2673.1,13.237433835996198
1723,9945.1,0.597835990299501
1724,2752.1,18.7374159500941
1725,51557.1,0.0
1726,1800.1,0.0
1727,2762.1,8.182200758144539
1728,2643.1,10.033256011626401
1729,761.1,0.0
1730,766.2,0.0
1731,771.2,8.73356199521628
1732,358.1,0.10188386726238399
1733,361.1,0.0
1734,4284.1,0.0
1735,359.1,0.0
1736,362.1,0.0
1737,3145.1,13.2645994085221
1738,586.1,0.0
1739,3614.1,68.5275369618542
1740,3615.1,168.496515739234
1741,3614.2,68.5275369618542
1742,682.1,115.38567414795
1743,29926.2,14.8437878913884
1744,29925.2,10.884448372370802
1745,4351.1,20.403167357281898
1746,100287639.1,0.0
1747,441024.1,2.28779169966642
1748,65220.1,12.187300479036699
1749,389015.1,0.43501309008984995
1750,6553.1,0.672342193771837
1751,2821.1,82.78144482681229
1752,5230.1,263.317941600902
1753,375056.1,11.8797706695249
1754,5232.1,0.0
1755,5236.1,2.64594196047535
1756,55276.1,12.721569501733699
1757,5372.1,7.416002023304371
1758,5373.1,23.7541373099644
1759,80025.2,9.96951648003276
1760,53354.3,5.043987685927269
1761,53354.2,5.043987685927269
1762,80025.3,9.96951648003276
1763,80025.4,9.96951648003276
1764,210.1,13.8904361610065
1765,210.2,13.8904361610065
1766,60490.1,8.51774842330504
1767,79717.1,22.0196422590381
1768,58510.1,0.0
1769,153201.1,0.0
1770,221823.2,0.0
1771,5631.1,29.878152914215804
1772,221823.1,0.0
1773,5634.1,25.1586566618539
1774,29968.1,0.0587648265471337
1775,29968.2,0.0587648265471337
1776,8781.1,0.0
1777,5723.1,5.79959611884439
1778,55312.1,8.359671047426161
1779,6888.1,66.03158580412729
1780,79896.1,6.54824100083413
1781,7086.1,109.536579558805
1782,84076.1,0.0
1783,8277.1,0.0
1784,27010.1,1.91844380873043
1785,7167.1,891.105397069077
1786,286016.1,0.8287093338159001
1787,2582.1,9.6772633463719
1788,2582.2,9.6772633463719
1789,6675.1,20.499454413400397
1790,91373.1,5.55317849271319
1791,7390.1,13.974658002500599
1792,6563.1,0.0675774914953373
1793,8170.1,0.0
1794,374569.1,0.0
1795,100507855.1,0.0
1796,31.5,17.1757493032972
1797,31.4,17.1757493032972
1798,31.2,17.1757493032972
1799,31.3,17.1757493032972
1800,31.1,17.1757493032972
1801,93034.2,0.0
1802,55191.1,20.2009880281895
1803,132.1,34.0026441627339
1804,132.2,34.0026441627339
1805,112611.1,6.178986539214651
1806,98.1,2.31481480415125
1807,97.2,7.497226850444809
1808,97.1,7.497226850444809
1809,51005.1,11.4328604548756
1810,471.1,24.1215528844001
1811,435.1,8.18328944410163
1812,171425.1,0.36264398757949107
1813,171425.2,0.36264398757949107
1814,132789.1,2.68998277347937
1815,10007.1,17.6002566411975
1816,2584.1,34.0238073375355
1817,2585.2,18.2457184150676
1818,2585.1,18.2457184150676
1819,2592.1,9.419592709533221
1820,2592.3,9.419592709533221
1821,2592.2,9.419592709533221
1822,5471.1,22.3673343253438
1823,84264.2,19.0800791336932
1824,84264.1,19.0800791336932
1825,3034.1,0.098577133006743
1826,144193.1,0.0601954309387306
1827,2739.1,204.617862277409
1828,3612.1,1.3583382647859
1829,3613.1,8.648239513991621
1830,8776.1,18.7113679368722
1831,2978.1,0.0
1832,4953.1,87.27417657243
1833,5214.1,41.674475219716
1834,5211.2,37.2759916636375
1835,5213.1,16.8267596189429
1836,10050.1,0.0
1837,10786.1,0.0
1838,10246.1,0.0
1839,6569.1,0.0
1840,10568.1,0.0
1841,5198.1,16.307606778213902
1842,5315.2,260.673842499324
1843,5313.2,0.0
1844,5315.3,260.673842499324
1845,113675.1,1.01459960210647
1846,7298.1,24.123499573015298
1847,131669.1,0.0
1848,5973.1,0.0
1849,1635.1,27.075562883744002
1850,286297.1,0.0
1851,10560.1,21.8539214025878
1852,191.1,103.062975445987
1853,10768.2,24.069448399993895
1854,10768.1,24.069448399993895
1855,51660.1,5.9491054552820595
1856,25874.1,19.4109932353064
1857,5205.1,32.7453410836305
1858,57198.1,13.1313130708216
1859,23250.1,4.31421220374389
1860,286410.1,29.7111217057269
1861,5243.1,0.0
1862,55856.1,8.63426927910605
1863,7350.1,0.0
1864,26027.1,0.0499136026727983
1865,10058.1,10.5617183255641
1866,51458.1,0.0
1867,948.1,10.4328186358547
1868,10928.1,26.9551998186426
1869,1728.1,206.04150246787103
1870,2946.1,0.38008533927191707
1871,125981.1,0.0
1872,55331.1,2.6508159267350297
1873,340485.1,3.18968842948565
1874,5660.1,223.256363705574
1875,2760.1,12.7301237601901
1876,57704.1,16.0016261534389
1877,4759.1,0.0
1878,10825.1,6.64014950862166
1879,7903.1,5.56142900901399
1880,3991.1,0.0
1881,9388.1,0.0
1882,13.1,0.0800606727802793
1883,747.1,1.09418106699745
1884,221955.1,5.85850164092269
1885,5408.1,0.0
1886,5406.1,0.0
1887,57104.1,7.50744105596312
1888,8513.1,0.0
1889,5407.1,0.0
1890,119548.1,0.0
1891,2170.1,0.0
1892,2169.1,0.0
1893,2173.1,0.0
1894,2171.1,13.367832389698698
1895,2172.1,0.29660309223789694
1896,2167.1,0.0
1897,646486.1,0.0
1898,646480.1,0.0
1899,6296.1,0.6423519091680021
1900,348158.1,0.0
1901,54988.1,0.0
1902,123876.1,0.0
1903,341392.1,0.0
1904,344967.1,0.0
1905,51099.1,3.79511219814128
1906,154141.1,10.5684166177867
1907,253558.1,11.7947995391466
1908,9663.1,7.3484618418214405
1909,64748.1,7.13370986498324
1910,9890.1,0.0768085068608892
1911,79948.1,0.705177918565604
1912,64900.1,11.0141921075213
1913,23175.1,9.668345584711581
1914,84513.1,4.14615659535378
1915,196051.1,0.0
1916,85465.1,34.6078779408858
1917,23646.1,24.720543617081198
1918,122618.1,0.0
1919,201164.1,4.674931788499309
1920,590.1,0.21017971472844899
1921,55750.1,13.0568012248084
1922,79603.1,21.774705636085702
1923,91012.1,3.81128291691749
1924,29956.1,177.80480960168302
1925,204219.1,0.0
1926,253782.1,54.72658246309071
1927,10715.1,0.33985226559945797
1928,56624.1,1.3825531234959998
1929,55830.1,9.59609321603976
1930,55624.1,8.59314569608412
1931,55757.1,5.80570042566538
1932,168391.1,0.0
1933,83468.1,0.0
1934,8702.1,4.99168322815122
1935,140687.1,0.0
1936,3703.1,50.9488107922321
1937,56886.1,32.045597402673394
1938,283358.1,0.0596232044911331
1939,8473.1,49.59216556089461
1940,8707.1,0.0
1941,148789.1,10.976402422451699
1942,56983.1,9.02010105444141
1943,201595.1,63.620725657457
1944,124872.1,0.4265602290975829
1945,146664.1,0.21425109849636104
1946,8708.1,0.0
1947,84750.1,3.8059866504317497
1948,2529.1,0.0
1949,338707.1,13.1406590883759
1950,145173.1,4.694851119648249
1951,200810.1,4.74661560965729
1952,2526.1,0.7653419076495741
1953,170384.1,3.7263476295546605
1954,360203.1,0.0
1955,152586.1,0.0
1956,644378.1,0.0
1957,84752.1,4.5156587231376
1958,644974.1,0.0
1959,51228.1,16.6506592687606
1960,284004.1,9.47017488323302
1961,79411.1,1.33347166039623
1962,27090.1,4.10596202613657
1963,129807.1,0.23428833907639998
1964,2524.1,0.0
1965,2527.1,0.0
1966,2528.1,0.0
1967,113612.1,2.9871526577353102
1968,493869.1,0.0342873174627009
1969,64180.1,0.0
1970,64174.1,0.0
1971,10728.1,85.5858488272456
1972,11102.1,6.78980369432307
1973,91179.1,0.40306407675588896
1974,8644.1,3.6919249756449597
1975,10826.1,0.30031434214077396
1976,266740.1,0.0
1977,3930.1,26.3756894023105
1978,4645.1,8.48903037658237
1979,3069.1,115.43559802927099
1980,4864.1,8.95431736924321
1981,285440.1,1.21498813934181
1982,79644.1,4.47390260938207
1983,1646.1,3.24924939854115
1984,8630.1,3.91174752798671
1985,158160.1,4.69125562979825
1986,51144.1,10.5977034929984
1987,51170.1,1.37295718617329
1988,64834.1,51.474171302837
1989,83401.1,0.0980758508658493
1990,79993.1,10.826293475096
1991,51495.1,79.9600978079275
1992,192286.1,183.50168265635398
1993,9200.1,1.89712195477873
1994,401494.1,0.0
1995,201562.1,48.0946786650354
1996,9524.1,33.203522945201804
1997,253017.1,0.0
1998,283985.1,0.0
1999,3995.1,4.4087823887537
2000,1155.1,41.4934655396076
2001,114571.1,0.0
2002,123096.1,24.419382414998804
2003,57016.1,0.40281153034188105
2004,9917.1,26.208519654889997
2005,79672.1,22.9649573844984
2006,79707.1,8.102819129030191
2007,64122.1,1.84325735005759
2008,55277.1,1.0345682915574799
2009,93650.1,0.0
2010,92370.1,6.8670748680461005
2011,390928.1,0.130270963004183
2012,139596.1,4.90375822703954
2013,55066.1,18.639372422698898
2014,8974.1,15.1517468413092
2015,5033.1,22.311214788892602
2016,283208.1,0.0
2017,8041.1,0.0
2018,58478.1,34.602270478123
2019,55256.1,16.1000347921153
2020,259307.1,0.103649690032349
2021,51312.1,6.97991819776412
2022,81894.1,15.6691381497495
2023,9108.1,0.28700321536859
2024,29085.1,58.173326390553704
2025,55613.1,0.0
2026,23371.1,1.92422939350537
2027,51559.1,3.0299646357737497
2028,9896.1,6.08724114374038
2029,163404.1,0.640485382242234
2030,51496.1,12.7672875577193
2031,374462.1,0.527933861594567
2032,9107.1,13.1914496508867
2033,8446.1,8.2260385813051
2034,138639.1,5.30496060339716
2035,84814.1,0.12274695989033699
2036,64419.1,26.202985501708604
2037,23203.1,21.0753655891602
2038,22876.1,4.629551494824599
2039,403313.1,4.963546712249
2040,22908.1,7.88405094381116
2041,145553.1,1.11806469987068
2042,9562.1,14.7924394139718
2043,3705.1,23.0846156939198
2044,138429.1,0.526956723299707
2045,10170.1,0.0
2046,9249.1,3.2421945269134302
2047,220074.1,1.4173193577416798
2048,1735.1,0.24467638531898897
2049,1734.1,0.6317831352008989
2050,1733.1,2.69597859081721
2051,27284.1,0.0
2052,6819.1,0.0
2053,84274.1,19.5124147588432
2054,55904.1,11.0076965984068
2055,58508.1,35.3990993559836
2056,9739.1,6.02301644586766
2057,6839.1,9.325767754254471
2058,84444.1,3.7003871522914906
2059,9757.1,7.28742135232751
2060,7468.1,11.3876960172014
2061,51111.1,14.950865172689399
2062,55870.1,30.3553855681536
2063,4297.1,32.3606446789427
2064,84787.1,5.0808458148270805
2065,83852.1,3.2438332509650802
2066,23067.1,6.65748160128428
2067,9869.1,40.5977570165765
2068,80854.1,30.1728844939437
2069,54904.1,12.533798775690501
2070,79723.1,20.0950371057596
2071,64324.1,45.217133846916106
2072,8085.1,11.0508135418755
2073,6419.1,7.745119028564349
2074,79813.1,15.7926857810341
2075,29072.1,15.262789697874998
2076,387893.1,23.789864488160802
2077,64754.1,6.2875245726237905
2078,10919.1,2.85681193295955
2079,28972.1,42.107925620129706
2080,9789.1,16.0009591741094
2081,60559.1,56.23164825394
2082,23478.1,93.9875264897378
2083,90701.1,14.530593938965099
2084,57171.1,19.144802719293
2085,4249.1,15.0598991065454
2086,25834.1,0.0
2087,7837.1,28.4010532268166
2088,137902.1,0.26747959327049803
2089,23262.1,19.2124843005485
2090,9677.1,10.2685560015071
2091,26007.1,10.4429896973027
2092,158584.1,3.4508855796207403
2093,283209.1,0.257124631013667
2094,221223.1,0.0
2095,23491.1,0.23810637126875603
2096,1066.1,0.0
2097,1208.1,0.0
2098,55244.1,0.40900863080867894
2099,146802.1,0.0
2100,345274.1,0.0
2101,116085.1,0.0
2102,123688.1,3.6462259242051296
2103,51171.1,0.0
2104,10202.1,11.280777261749302
2105,10553.1,21.9957824743928
2106,84869.1,7.1745084367947305
2107,1487.1,19.2943648136583
2108,56898.1,1.32100110087461
2109,374875.1,1.04322466925054
2110,121214.1,0.0
2111,100288072.1,0.0
2112,93517.1,5.46743710891717
2113,51741.1,14.8582353780239
2114,340811.1,0.0
2115,441282.1,0.0772468852418915
2116,133121.1,0.0
2117,85007.1,14.417641582901199
2118,250.1,0.134542142119074
2119,251.1,0.10310941498406499
2120,123264.1,0.0
2121,200931.1,0.0
2122,10941.1,0.0
2123,79799.1,0.0
2124,0,0.0
2125,5446.1,0.0
2126,513.1,54.73577787720329
2127,498.2,257.154880970257
2128,506.1,428.21938670521894
2129,509.2,150.949118984398
2130,514.1,9.95816167766371
2131,513.2,54.73577787720329
2132,514.2,9.95816167766371
2133,509.1,150.949118984398
2134,498.1,257.154880970257
2135,498.3,257.154880970257
2136,10632.1,155.47609985333298
2137,4905.1,19.561773132202898
2138,10476.1,344.59580914583506
2139,9551.3,68.1888187308607
2140,522.5,30.8546172769097
2141,516.2,82.7990948015688
2142,521.1,112.88342936709101
2143,515.1,109.444931249666
2144,518.3,52.693856281527395
2145,515.2,109.444931249666
2146,10476.2,344.59580914583506
2147,522.3,30.8546172769097
2148,517.2,107.972081433025
2149,9551.2,68.1888187308607
2150,518.2,52.693856281527395
2151,9551.1,68.1888187308607
2152,522.4,30.8546172769097
2153,522.2,30.8546172769097
2154,515.3,109.444931249666
2155,522.1,30.8546172769097
2156,517.1,107.972081433025
2157,516.1,82.7990948015688
2158,518.1,52.693856281527395
2159,539.1,22.5817010171014
2160,267020.1,0.0
2161,27109.1,6.60397748795212
2162,7384.1,77.0510450402532
2163,7388.1,226.822814149581
2164,4519.1,0.0
2165,29796.2,110.774410264111
2166,10975.1,48.83053357749821
2167,7385.1,77.59136892943391
2168,7386.1,112.505260424487
2169,1537.1,153.843749750765
2170,27089.1,132.714632576448
2171,7381.1,36.360114799259996
2172,29796.1,110.774410264111
2173,9016.1,7.87208819296705
2174,7352.2,0.295156247885517
2175,7352.1,0.295156247885517
2176,7351.1,15.857363559223002
2177,9016.2,7.87208819296705
2178,9481.1,0.297403486087421
2179,4715.1,153.269507388147
2180,4720.1,25.7154880970257
2181,4719.1,54.533824841816795
2182,4700.1,49.085306671687604
2183,55967.1,91.3054208590792
2184,4709.1,53.0505891975916
2185,4710.1,65.5250417856905
2186,4726.1,115.672770363446
2187,4718.1,12.935669770019
2188,4696.1,103.475554056362
2189,4694.1,315.358660613731
2190,374291.1,7.11541324850397
2191,4728.1,66.7040438647869
2192,4712.2,50.923237172391204
2193,4717.1,28.1401418267521
2194,4705.1,14.084997362903199
2195,4725.1,255.803804537839
2196,4716.1,151.982435485922
2197,4537.1,0.0
2198,7991.1,24.0668896067684
2199,4722.1,41.1951668898289
2200,4541.1,0.0
2201,4539.1,0.0
2202,4707.1,95.6088660017622
2203,4701.1,45.276842290489704
2204,4723.1,121.82008594868401
2205,4698.1,17.479769439044198
2206,4538.1,0.0
2207,4697.1,59.66543035145661
2208,51079.1,7.72548922099682
2209,4714.1,15.9316070571952
2210,4704.1,34.835593599975
2211,126328.1,2.05688893900648
2212,4711.1,64.0501721155046
2213,4724.1,72.277259444303
2214,4713.1,73.9438027698358
2215,4536.1,0.0
2216,4695.1,109.44884325900999
2217,4702.1,38.283437202570894
2218,4708.1,155.636553504495
2219,4535.1,0.0
2220,4731.2,26.0867965145688
2221,4706.1,138.987008380476
2222,4729.1,90.14246365193951
2223,4540.1,0.0
2224,7991.2,24.0668896067684
2225,4731.1,26.0867965145688
2226,4712.1,50.923237172391204
2227,54539.1,108.21553265029499
2228,1351.1,463.335273700848
2229,1347.1,161.659699708093
2230,1329.1,310.87733630166696
2231,1327.1,124.208572614881
2232,341947.1,0.0
2233,9167.1,58.4690425498811
2234,1350.1,806.531217588533
2235,4512.1,0.0
2236,1349.1,268.43360381982995
2237,1339.1,0.0
2238,1345.1,297.50111365234403
2239,4513.1,0.0
2240,9377.1,110.18534886827
2241,125965.1,0.0464849748680869
2242,4514.1,0.0
2243,170712.1,0.0
2244,1346.1,0.0
2245,1340.1,264.346500522815
2246,84701.1,0.0
2247,1337.1,525.998620166435
